SubID,Age,Sex,Handedness,DoB,Native_Languages,Years_of_Education,Occupation,Are_you_or_have_you_been_taking_any_medication?,How_did_you_hear_about_our_Experiment,Ethnic_Category,Racial_Categories,Neurological_Health_List_all,RAVLT_Trial_1,RAVLT_Trial_2,RAVLT_Trial_3,RAVLT_Trial_4,RAVLT_Trial_5,RAVLT_List_B,RAVLT_Trial_6,RAVLT_Delayed_Recall,"RAVLT_Total_Trials_1,2,3,4,5,6,_delayed_recall",FAS_Total__FAS_Total_=_#_of_words_across_all_three_letters___intrustions_+_repetitions,Cetegory_Fluency__ANIMALS_Total_Named_Total_=_#_of_animals_across_all_times_points__intrustions_+_repetitions,"Category_Fluency__ANIMALS_
0_15_sec","Category_Fluency__ANIMALS_
16_30_sec",Category_Fluency__ANIMALS_30_45_sec,Category_Fluency__ANIMALS_45_60_sec,Cetegory_Fluency__Fruits_Total_Named_Total_=_#_of_fruits_across_all_times_points__intrustions_+_repetitions,"Category_Fluency__FRUITS_
0_15_sec","Category_Fluency__FRUITS_
16_30_sec",Category_Fluency__FRUITS_30_45_sec,Category_Fluency__FRUITS_45_60_sec,Trail_Making_A_sec,Trail_Making_B_sec,SDMT_Total_Score,WAIS_III_Digit_Span_Forward,WAIS_III_Digit_Span_Backward,RAVLT_Delayed_Recognition_Hits,RAVLT_Delayed_Recognition_False_Positives,MOCA,SCL_90_TOTAL,SCL_90_Average,SCL_90_Somatization,SCL_90_Obsessive_Compulsive,SCL_90_Interpersonal_sensibility,SCL_90_Depression,SCL_90_Anxiety,SCL_90_Anger_hostility,SCL_90_Phobic_anxiety,SCL_90_Paranoid_ideation,SCL_90_Psychoticism,SCL_90_Additional_items,SPSRQ_TOTAL,SPSRQ_Sensitivity_to_Punishment,SPSRQ_Sensitivity_to_Reward,MFQ_Total,MFQ_General_Frequency_of_Forgetting,MFQ_Seriousness_of_Forgetting,MFQ_Retrospective_Functioning,MFQ_Mnemonics_Usage,MST/GB_Anon_ID,MST,LDI,REC,MTST,MTST_COND,MTST_w_unc,MTST_beta_ndt,MTST_v,MTST_v_2,MTST_t,MTST_t_2,MTST_z,MTST_z_2,MTST_alpha,MTST_gamma,GistBandit,GB_alphaSamp,GB_betaSamp,GB_persev,GB_alphaTD,GB_betaTD,Foraging,Day_1_Scan,Day_2_Scan,hc_md,caud_md,put_md,nacc_md,fnx_body_fa,fnx_cres_fa,hc_cing_fa,alic_fa,fnx_body_md,fnx_cres_md,hc_cing_md,alic_md,Resting_State,Functional_GW,MD_L_hipp,MD_R_hipp,MD_L_caud,MD_R_caud,MD_L_put,MD_R_put,MD_L_nacc,MD_R_nacc,AD_L_hipp,AD_R_hipp,AD_L_caud,AD_R_caud,AD_L_put,AD_R_put,AD_L_nacc,AD_R_nacc,RD_L_hipp,RD_R_hipp,RD_L_caud,RD_R_caud,RD_L_put,RD_R_put,RD_L_nacc,RD_R_nacc,L2_in_L_hipp,alpha,gamma_base,gamma_coef,sub_num,fileID
1121,25.0,M,R,6/8/1997,Portuguese,16,Student,No,Friend,Hispanic or Latino,White,,7.0,8.0,9.0,11.0,13.0,6.0,12.0,8.0,68.0,34.0,21.0,6.0,7.0,3.0,5.0,14.0,8.0,4.0,2.0,0.0,30.95,105.51,50,7.0,8.0,14.0,1.0,28.0,27.0,0.3,0.3,1.0,0.222222,0.25,0.22222,0.666666667,0.0,0.3333333,0.2,0.166666667,22.0,18.0,4.0,248,123.0,63.0,19.0,43.0,784e9240,0.421875,-0.484375,0.71875,,,,,,,,,,,,,,-0.5595522635,-1.200649005,-2.884333117,3.594918655,-2.581660321,,,,,,,,,,,,,,,,,,,,,,,,,,,,,,,,,,,,,,,,,,,,,,,
1123,76.0,F,R,10/6/1945,English,13,Retired,No,Email,Not Hispanic or Latino,White,"Seizures (as result of brain tumor), Brain tumor, Benign",7.0,6.0,8.0,10.0,8.0,6.0,7.0,6.0,52.0,56.0,20.0,11.0,5.0,4.0,0.0,20.0,11.0,5.0,4.0,0.0,35.32,55.47,44,8.0,6.0,10.0,2.0,27.0,20.0,0.2222222222,0.2222222222,0.8,0.2222222222,0.3333333333,0.0,0.1666666667,0.0,0.1666666667,0.2,0.1666666667,8.0,3.0,5.0,189,103.0,66.0,8.0,12.0,cf757995,-0.03125,-0.09375,0.71875,,,,,,,,,,,,,,0.1613613974,-4.221908511,1.444148462,1.421652502,-3.126510018,,,,,,,,,,,,,,,,,,,,,,,,,,,,,,,,,,,,,,,,,,,,,,,
1124,73.0,M,R,11/14/1948,English,16,Geophysicist,"Pitivastatin 1mg, candesartan 32mg, doxazosin 1mg, xarelto 10mg, doxepin 10mg",Registering at UCI,Not Hispanic or Latino,White,Stroke or cerebrovascular disease,4.0,7.0,9.0,9.0,13.0,3.0,5.0,6.0,53.0,37.0,21.0,,,,,10.0,,,,,36.32,47.75,51,10.0,6.0,13.0,1.0,26.0,8.0,0.09,0.09,0.3,0.0,0.0,0.11,0.17,0.0,0.0,0.0,0.33,5.0,3.0,2.0,292,153.0,95.0,15.0,29.0,ff33a8f1,0.0625,-0.265625,0.921875,,,,,,,,,,,,,,,,,,,,,,,,,,,,,,,,,,,,,,,,,,,,,,,,,,,,,,,,,,,,,,,,,
1125,82.0,F,R,4/6/1940,English,16,Retired,No,Email,Not Hispanic or Latino,White,,6.0,10.0,11.0,12.0,12.0,4.0,9.0,8.0,68.0,65.0,22.0,12.0,5.0,4.0,3.0,17.0,8.0,2.0,6.0,1.0,43.75,72.12,59,13.0,10.0,14.0,0.0,27.0,5.0,0.05555555556,0.05555555556,0.1,0.0,0.0,0.1111111111,0.0,0.0,0.0,0.0,0.3333333333,24.0,17.0,7.0,244,130.0,75.0,15.0,24.0,5bbd5046,-0.09375,-0.1875,0.640625,,,,,,,,,,,,,,,,,,,,,,,,,,,,,,,,,,,,,,,,,,,,,,,,,,,,,,,,,,,,,,,,,
1126,92.0,M,R,7/2/1930,English,16,Retired,"Proprandol, Lasinopril",Email,Not Hispanic or Latino,White,Essential Tremors,2.0,4.0,6.0,7.0,8.0,5.0,2.0,2.0,31.0,24.0,15.0,7.0,4.0,3.0,1.0,7.0,4.0,1.0,1.0,1.0,42.31,82,35,11.0,6.0,9.0,1.0,24.0,18.0,0.2,0.2,0.2,0.1111111111,0.5,0.2222222222,0.0,0.0,0.1666666667,0.0,0.1666666667,4.0,0.0,4.0,315,161.0,101.0,18.0,35.0,e83f7664,0.0,-0.078125,0.859375,,,,,,,,,,,,,,0.5529751088,-3.514421195,-0.9923267153,4.37e-05,-14.4549472,,,,,,,,,,,,,,,,,,,,,,,,,,,,,,,,,,,,,,,,,,,,,,,
1127,75.0,F,R,3/30/1947,English,12,reverse montgage loan officer,BP + allergy medication,email,Not Hispanic or Latino,White,,4.0,9.0,11.0,11.0,12.0,0.0,11.0,10.0,68.0,37.0,24.0,8.0,7.0,4.0,5.0,14.0,9.0,3.0,2.0,0.0,19.82,43.03,51,9.0,5.0,13.0,0.0,22.0,4.0,0.04,0.04,0.3,0.0,0.0,0.0,0.17,0.0,0.0,0.0,0.0,1.0,1.0,0.0,249,115.0,108.0,12.0,14.0,2e5a616a,0.15625,-0.328125,0.8125,1,3.0,,,,,,,,,,,1,,,,,,1,,,,,,,,,,,,,,,,,,,,,,,,,,,,,,,,,,,,,,,,,,,,,,
1128,76.0,F,R,5/31/1946,English,19,Retired - Professor,Gabapentin,Email,Not Hispanic or Latino,White,"Chronic pain - right face, head, shoulder, arm",8.0,9.0,9.0,11.0,12.0,6.0,10.0,8.0,67.0,67.0,28.0,11.0,6.0,6.0,5.0,21.0,12.0,5.0,2.0,2.0,29.25,44.94,45,13.0,11.0,13.0,4.0,29.0,11.0,0.1222222222,0.1222222222,0.3,0.0,0.1666666667,0.0,0.0,0.0,0.0,0.0,0.3333333333,7.0,3.0,4.0,253,141.0,76.0,18.0,18.0,f0a38658,-0.171875,-0.140625,0.734375,,,,,,,,,,,,,,-5.087613758,-1.40096188,32.88630761,3.348806199,-1.767558783,,,,,,,,,,,,,,,,,,,,,,,,,,,,,,,,,,,,,,,,,,,,,,,
1129,81.0,F,R,5/11/1941,English,14,Support Staff,No,Email,Not Hispanic or Latino,White,"Stroke or cerebrovascular disease, transient ischemic attack, vertigo, bladder cancer",3.0,3.0,7.0,10.0,10.0,2.0,7.0,7.0,47.0,25.0,15.0,,,,,14.0,,,,,36.25,89,33,7.0,5.0,13.0,2.0,22.0,55.0,0.6111111111,0.6111111111,0.9,0.5555555556,0.5833333333,0.4444444444,0.5,0.4285714286,0.6666666667,0.3,1.0,18.0,9.0,9.0,263,141.0,88.0,12.0,22.0,6a08d626,0.203125,-0.3125,0.765625,1,3.0,,,,,,,,,,,-,,,,,,1,,,,,,,,,,,,,,,,,,,,,,,,,,,,,,,,,,,,,,,,,,,,,,
1130,65.0,F,R,9/28/1956,Russian,18,Retired - Scientist,"Cymbalta, Setoquel",Email (C2C),Not Hispanic or Latino,White,,6.0,6.0,7.0,10.0,11.0,6.0,11.0,10.0,61.0,47.0,25.0,10.0,8.0,5.0,2.0,19.0,9.0,4.0,2.0,4.0,46.72,83.98,56,9.0,7.0,14.0,0.0,30.0,62.0,0.6888888889,0.6888888889,0.9,0.7777777778,1.166666667,0.2222222222,1.0,0.0,0.5,0.1,1.333333333,10.0,7.0,3.0,240,137.0,67.0,15.0,21.0,54164c3d,0.15625,-0.203125,0.625,,,,,,,,,,,,,,,,,,,1,,,,,,,,,,,,,,,,,,,,,,,,,,,,,,,,,,,,,,,,,,1.93359375,0.2265625,-0.80859375,70.0,3taj657u_1130
1131,67.0,F,R,4/25/1955,English,16,VP Senior Financial Consultant,No,Email,Not Hispanic or Latino,White,,6.0,6.0,9.0,9.0,10.0,5.0,8.0,4.0,52.0,50.0,17.0,12.0,2.0,2.0,1.0,10.0,6.0,0.0,1.0,3.0,21.5,52.1,51,12.0,7.0,9.0,4.0,29.0,25.0,0.2777777778,0.2777777778,0.5,0.0,0.5,0.0,0.1666666667,0.0,0.0,0.0,1.5,19.0,7.0,12.0,289,153.0,106.0,15.0,15.0,eeb8f1db,-0.015625,-0.109375,0.65625,1,2.0,,,,,,,,,,,,0.6171639145,-1.979303422,1.04935379,2.723391862,-1.841640171,1,,,,,,,,,,,,,,,,,,,,,,,,,,,,,,,,,,,,,,,,,,4.013671875,1.29296875,0.146484375,71.0,yuyeag2e_1131
1132,78.0,F,R,9/28/1943,English,14,Designer,No,Email,Not Hispanic or Latino,White,,5.0,6.0,9.0,9.0,7.0,3.0,6.0,0.0,42.0,24.0,12.0,8.0,3.0,1.0,0.0,12.0,5.0,3.0,3.0,1.0,37.13,106,39,8.0,5.0,14.0,4.0,27.0,46.0,0.5111111111,0.5111111111,0.7,0.7777777778,0.6666666667,0.6666666667,0.1666666667,0.2857142857,0.3333333333,0.1,0.6666666667,22.0,15.0,7.0,292,159.0,90.0,19.0,24.0,081be7c3,-0.0625,-0.171875,0.78125,,,,,,,,,,,,,,,,,,,,,,,,,,,,,,,,,,,,,,,,,,,,,,,,,,,,,,,,,,,,,,,,,
1133,75.0,F,R,1/7/1947,English,20,Retired,"Aldendronate, Statim, Megace",UCI registry,Not Hispanic or Latino,White,,3.0,6.0,7.0,8.0,10.0,5.0,5.0,5.0,44.0,52.0,25.0,10.0,8.0,5.0,2.0,19.0,9.0,5.0,2.0,3.0,26.32,48.56,46,13.0,8.0,13.0,2.0,30.0,24.0,0.2666666667,0.2666666667,0.7,0.3333333333,0.3333333333,0.0,0.1666666667,0.0,0.3333333333,0.2,0.5,15.0,11.0,4.0,189,114.0,53.0,9.0,13.0,91d5e672,0.265625,-0.515625,0.875,,,,,,,,,,,,,,,,,,,1,,,,,,,,,,,,,,,,,,,,,,,,,,,,,,,,,,,,,,,,,,0.068359375,6.96484375,-1.845703125,20.0,q4m4j40k_1133
1134,80.0,F,R,7/12/1942,English,18,Retired,8 medications,Friend,Not Hispanic or Latino,White,,8.0,10.0,11.0,11.0,12.0,5.0,10.0,9.0,71.0,67.0,13.0,8.0,2.0,0.0,3.0,18.0,9.0,1.0,5.0,3.0,27.55,50.81,45,16.0,9.0,11.0,1.0,28.0,78.0,0.8666666667,0.8666666667,0.9,1.0,1.666666667,0.2222222222,0.5,0.4285714286,0.3333333333,0.7,1.666666667,9.0,4.0,5.0,247,140.0,74.0,11.0,22.0,23e24d90,0.078125,-0.21875,0.859375,,,,,,,,,,,,,,,,,,,,,,,,,,,,,,,,,,,,,,,,,,,,,,,,,,,,,,,,,,,,,,,,,
1135,71.0,F,R,11/18/1950,English,17,Speech Language Pathologist,"Atorvastatin, Amlodipine, Omeprazole",Husband,Not Hispanic or Latino,White,,7.0,12.0,12.0,14.0,13.0,6.0,10.0,11.0,79.0,52.0,27.0,9.0,9.0,7.0,2.0,24.0,13.0,6.0,3.0,2.0,15.6,36.22,63,8.0,6.0,14.0,0.0,26.0,19.0,0.2111111111,0.2111111111,0.3,0.2222222222,0.1666666667,0.1111111111,0.0,0.1428571429,0.0,0.1,0.6666666667,17.0,10.0,7.0,259,124.0,114.0,10.0,11.0,ad5955c8,0.296875,-0.421875,0.875,1,2.0,3.200935296,-0.5905835203,3.073357716,2.23699308,0.4304527977,0.6515952138,0.5295686224,-0.003413801297,-0.4185037362,-1.823531697,1,-0.5596,-1.2006,-2.8843,3.5949,-2.5817,,,,,,,,,,,,,,,,,,,,,,,,,,,,,,,,,,,,,,,,,,,,,,,
1136,78.0,M,R,5/26/1944,English,18,Retired - Educator,Yes,email from Bornstein,Not Hispanic or Latino,White,,6.0,8.0,9.0,10.0,12.0,5.0,8.0,9.0,62.0,56.0,23.0,9.0,6.0,6.0,2.0,16.0,8.0,5.0,1.0,2.0,27.56,53.13,45,11.0,7.0,13.0,1.0,27.0,6.0,0.06666666667,0.06666666667,0.1,0.0,0.0,0.1111111111,0.1666666667,0.0,0.0,0.0,0.0,14.0,9.0,5.0,307,170.0,105.0,19.0,13.0,3aec82c1,0.21875,-0.296875,0.8125,1,3.0,,,,,,,,,,,-,,,,,,1,,,,,,,,,,,,,,,,,,,,,,,,,,,,,,,,,,,,,,,,,,0.498046875,-1.80078125,-1.494140625,13.0,de8kfcuc_1136
1137,74.0,F,R,1/5/1948,English,14,Retired,Yes,Oasis Senior Center,Not Hispanic or Latino,White,,6.0,7.0,9.0,10.0,12.0,8.0,10.0,10.0,64.0,29.0,13.0,6.0,1.0,4.0,2.0,18.0,8.0,2.0,4.0,4.0,34.19,83.16,48,7.0,6.0,12.0,0.0,26.0,45.0,0.5,0.5,0.6,0.6666666667,0.5,0.2222222222,0.1666666667,0.0,0.3333333333,0.4,1.333333333,23.0,15.0,8.0,240,138.0,67.0,18.0,17.0,4b3dd95e,0.0625,-0.203125,0.71875,,,,,,,,,,,,,,,,,,,,,,,,,,,,,,,,,,,,,,,,,,,,,,,,,,,,,,,,,,,,,,,,,
1138,75.0,M,R,12/18/1946,English,16,Executive Recruiter,"Metforoion, Hydroxyzine, Duloxetine, Atorvastatin, Ambien",Email,Not Hispanic or Latino,White,Mild Cognitive Impairment,3.0,5.0,6.0,8.0,7.0,2.0,6.0,5.0,40.0,34.0,13.0,3.0,3.0,4.0,3.0,6.0,3.0,1.0,2.0,0.0,38.81,178,37,13.0,8.0,11.0,1.0,23.0,40.0,0.4444444444,0.4444444444,0.7,0.4444444444,0.75,0.3333333333,0.3333333333,0.5714285714,0.3333333333,0.1,0.6666666667,22.0,10.0,12.0,260,133.0,91.0,10.0,26.0,7181974,0.078125,-0.234375,0.875,,,,,,,,,,,,,,,,,,,,,,,,,,,,,,,,,,,,,,,,,,,,,,,,,,,,,,,,,,,,,,,,,
1139,69.0,F,R,9/19/1953,English,16,Retired,,Email,Not Hispanic or Latino,White,,7.0,8.0,11.0,13.0,12.0,8.0,9.0,5.0,65.0,46.0,19.0,8.0,3.0,3.0,5.0,15.0,8.0,5.0,1.0,1.0,21.0,50,45,13.0,8.0,12.0,1.0,25.0,10.0,0.1111111111,0.1111111111,0.2,0.0,0.1666666667,0.2222222222,0.0,0.0,0.0,0.0,0.1666666667,9.0,3.0,6.0,284,148.0,102.0,16.0,18.0,c6d28f73,0.140625,0.296875,0.8125,,,,,,,,,,,,,,,,,,,,,,,,,,,,,,,,,,,,,,,,,,,,,,,,,,,,,,,,,,,,,,,,,
1140,79.0,F,L,12/4/1942,English,16,Attorney,"High Blood Pressure, bone density, mild tremor medications",Email,Not Hispanic or Latino,White,"Essential Tremors, TIA, Vertigo",4.0,8.0,9.0,10.0,12.0,8.0,6.0,4.0,53.0,63.0,17.0,9.0,3.0,5.0,0.0,18.0,8.0,5.0,3.0,2.0,20.62,40.28,42,8.0,6.0,10.0,1.0,27.0,21.0,0.2333333333,0.2333333333,1.0,0.0,0.3333333333,0.3333333333,0.3333333333,0.0,0.0,0.0,0.0,12.0,8.0,4.0,255,123.0,80.0,15.0,37.0,715e82fa,0.140625,-0.390625,0.765625,,,,,,,,,,,,,,,,,,,,,,,,,,,,,,,,,,,,,,,,,,,,,,,,,,,,,,,,,,,,,,,,,
1141,71.0,F,R,6/29/1951,English,18,Special Education Teacher,"Synthroid, Prozac",Email,Not Hispanic or Latino,Unknown,,6.0,7.0,9.0,12.0,13.0,6.0,10.0,11.0,68.0,59.0,33.0,13.0,5.0,6.0,9.0,22.0,11.0,4.0,4.0,3.0,27.56,52.88,48,13.0,9.0,15.0,2.0,27.0,2.0,0.02222222222,0.02222222222,0.1,0.0,0.0,0.0,0.0,0.0,0.0,0.0,0.0,7.0,0.0,7.0,326,183.0,80.0,20.0,43.0,5378c3d8,0.3125,-0.5,0.953125,1,2.0,-2.104165701,4.866663952,5.169049497,2.773594862,0.4475057524,0.6606589712,0.6103671472,-0.03583824867,-0.4270856122,-0.9338598892,,2.910111841,-0.6014253977,-298.7007278,5.973304743,-1.929633521,1,,,,,,,,,,,,,,,,,,,,,,,,,,,,,,,,,,,,,,,,,,0.0390625,9.953125,1.6171875,56.0,fzxp2pu8_1141
1142,78.0,M,L,1/2/1944,English,19,Retired,"Mirtazipine, Wellbutrin",Connected online,Not Hispanic or Latino,White,Depression,5.0,6.0,7.0,7.0,7.0,3.0,7.0,6.0,45.0,25.0,8.0,3.0,0.0,1.0,4.0,12.0,9.0,0.0,2.0,1.0,45.03,71.94,43,12.0,6.0,12.0,0.0,22.0,22.0,0.2444444444,0.2444444444,0.9,0.1111111111,0.4166666667,0.0,0.0,0.4285714286,0.1666666667,0.1,0.1666666667,13.0,1.0,12.0,336,163.0,107.0,29.0,37.0,619b7f2c,0.078125,-0.234375,0.359375,,,,,,,,,,,,,,-0.8086064707,-3.178074272,1.855507085,0.5492971592,-2.192568202,,,,,,,,,,,,,,,,,,,,,,,,,,,,,,,,,,,,,,,,,,,,,,,
1143,68.0,F,R,10/8/1953,English,16,Financial Management,Cholesterol,C2C,Not Hispanic or Latino,White,MCI,3.0,7.0,9.0,7.0,8.0,4.0,7.0,6.0,47.0,59.0,19.0,8.0,3.0,5.0,3.0,19.0,10.0,4.0,4.0,1.0,41.5,86,51,12.0,8.0,13.0,1.0,22.0,23.0,0.2555555556,0.2555555556,0.7,0.3333333333,0.3333333333,0.3333333333,0.1666666667,0.0,0.1666666667,1.0,0.1666666667,6.0,4.0,2.0,278,136.0,87.0,25.0,30.0,bc4d4584,0.03125,-0.109375,0.703125,,,,,,,,,,,,,,,,,,,,,,,,,,,,,,,,,,,,,,,,,,,,,,,,,,,,,,,,,,,,,,,,,
1144,84.0,F,R,6/20/1938,German,12,Retired,"Carvedilol, coumadin, hydrocholorothiazide, areds2, vitD, vitB, Ca",Compute,Not Hispanic or Latino,White,Vertigo,1.0,2.0,,,,,,,3.0,33.0,21.0,11.0,7.0,2.0,1.0,14.0,7.0,5.0,2.0,0.0,61.54,147.84,22,8.0,6.0,,,19.0,70.0,0.7777777778,0.7777777778,1.8,0.7777777778,0.9166666667,0.6666666667,0.8333333333,0.2857142857,0.6666666667,0.8,0.3333333333,30.0,19.0,11.0,213,121.0,66.0,18.0,8.0,4b19229e,,,,,,,,,,,,,,,,,,,,,,,,,,,,,,,,,,,,,,,,,,,,,,,,,,,,,,,,,,,,,,,,,,,,
1147,72.0,M,R,10/21/1949,English,20,Trader in Securities,No,Flyer at Fountain Valley Senior Center,Not Hispanic or Latino,White,,5.0,6.0,7.0,10.0,11.0,5.0,8.0,6.0,53.0,30.0,16.0,7.0,5.0,2.0,2.0,10.0,7.0,0.0,1.0,2.0,25.06,59.47,39,10.0,6.0,14.0,,28.0,0.0,0.0,0.0,0.0,0.0,0.0,0.0,0.0,0.0,0.0,0.0,0.0,19.0,1.0,18.0,263,196.0,39.0,20.0,8.0,0104cf3b,0.0,-0.1875,0.65625,,,,,,,,,,,,,,,,,,,,,,,,,,,,,,,,,,,,,,,,,,,,,,,,,,,,,,,,,,,,,,,,,
1149,65.0,F,R,8/27/1957,English,17,Retired Teacher,,"Email. I am enrolled in ""All of Us"" so I think it may have come from there",Not Hispanic or Latino,White,Migraines,5.0,7.0,8.0,8.0,7.0,6.0,5.0,7.0,47.0,33.0,16.0,8.0,3.0,3.0,2.0,13.0,8.0,2.0,2.0,1.0,34.36,65.1,38,13.0,5.0,10.0,0.0,25.0,91.0,1.011111111,1.011111111,1.8,0.4444444444,1.833333333,1.222222222,0.8333333333,0.4285714286,0.6666666667,0.4,1.666666667,20.0,16.0,4.0,254,118.0,91.0,20.0,25.0,0f23eb04,0.15625,-0.21875,0.859375,1,2.0,-1.409191044,-3.419096002,2.406739439,1.65414402,0.6461964349,0.6733696698,0.6941226013,0.02389730131,1.610762733,-0.5285940885,-,-2.225869076,-0.9911647961,1.69e-07,0.67678534,-0.4985180436,,,,,,,,,,,,,,,,,,,,,,,,,,,,,,,,,,,,,,,,,,,0.21484375,6.4140625,2.66015625,30.0,3oqqo4k8_1149
1150,75.0,F,R,7/24/1947,English,20,Librarian,"Armour thyroid, atendol, mirtazapine, estradiol vaginal cream, licocaine patch",Email to UHills listserv,Not Hispanic or Latino,White,,4.0,6.0,8.0,7.0,8.0,4.0,4.0,4.0,41.0,60.0,20.0,11.0,5.0,4.0,0.0,15.0,6.0,3.0,4.0,2.0,43.44,62.56,58,10.0,11.0,12.0,3.0,27.0,11.0,0.1222222222,0.1222222222,0.1,0.0,0.08333333333,0.1111111111,0.1666666667,0.1428571429,0.0,0.0,0.0,5.0,3.0,2.0,290,159.0,99.0,16.0,16.0,e9a20a4a,0.09375,-0.28125,0.84375,,,,,,,,,,,,,,,,,,,,,,,,,,,,,,,,,,,,,,,,,,,,,,,,,,,,,,,,,,,,,,,,,
1151,78.0,M,R,1/27/1944,English,18,Retired,"Pradaxa - Blood Thinner + Aspirin, Lanoxin, Statin, Coreg",OLLI UCI,Not Hispanic or Latino,White,Vertigo,5.0,7.0,8.0,7.0,9.0,6.0,6.0,5.0,47.0,58.0,13.0,6.0,4.0,2.0,1.0,8.0,7.0,1.0,0.0,0.0,21.06,83,38,14.0,4.0,10.0,2.0,23.0,37.0,0.4111111111,0.4111111111,0.9,0.6666666667,0.5833333333,0.5555555556,0.6666666667,0.0,0.0,0.0,0.5,16.0,4.0,12.0,291,151.0,92.0,18.0,30.0,ca59bcd3,0.015625,-0.140625,0.640625,,,,,,,,,,,,,,,,,,,,,,,,,,,,,,,,,,,,,,,,,,,,,,,,,,,,,,,,,,,,,,,,,
1152,81.0,F,R,2/20/1941,English,19,Psychotherapist,"Thyroid, blood pressure, vitamins",Contacted by UCI,Not Hispanic or Latino,White,,7.0,8.0,8.0,8.0,9.0,5.0,,5.0,45.0,71.0,13.0,8.0,2.0,2.0,1.0,17.0,10.0,5.0,2.0,0.0,35.25,68.47,39,10.0,7.0,10.0,0.0,25.0,5.0,0.05555555556,0.05555555556,0.3,0.0,0.0,0.0,0.0,0.0,0.0,0.0,0.0,6.0,0.0,6.0,333,178.0,125.0,10.0,20.0,827ac818,-0.140625,-0.125,0.703125,,,,,,,,,,,,,,,,,,,,,,,,,,,,,,,,,,,,,,,,,,,,,,,,,,,,,,,,,,,,,,,,,
1153,72.0,M,R,9/24/1950,English,14,Financial Advisor,"Lisinopril, Tamsulosin",C2C,Not Hispanic or Latino,White,,8.0,9.0,8.0,7.0,10.0,7.0,6.0,6.0,54.0,54.0,20.0,7.0,4.0,5.0,4.0,21.0,7.0,6.0,3.0,4.0,23.97,55.37,75,10.0,5.0,12.0,6.0,28.0,13.0,0.1444444,0.1444444,0.3,0.1111111,0.166666667,0.111111111,0.0,0.0,0.1666666667,0.0,0.333333333,12.0,0.0,12.0,269,143.0,81.0,24.0,21.0,d27c5a68,-0.203125,0.03125,0.578125,,,,,,,,,,,,,,-0.02037479746,-1.25001964,-23.13392166,4.331518783,-2.423241251,,,,,,,,,,,,,,,,,,,,,,,,,,,,,,,,,,,,,,,,,,,,,,,
1154,82.0,M,R,1/23/1940,English,20,Periodontist,"Prozac, levothyroxine, flomax, lansoprazole",By email request,Not Hispanic or Latino,White,"ADD, Depression",5.0,6.0,10.0,11.0,13.0,4.0,6.0,6.0,57.0,44.0,16.0,7.0,3.0,5.0,1.0,9.0,6.0,1.0,2.0,0.0,33.13,53.97,34,15.0,8.0,8.0,4.0,27.0,70.0,0.7777777778,0.7777777778,1.9,0.6666666667,0.5833333333,0.8888888889,0.5,0.0,0.8333333333,0.4,1.0,19.0,11.0,8.0,216,113.0,72.0,17.0,14.0,93e35532,0.109375,-0.109375,0.59375,,,,,,,,,,,,,,0.9724142078,-2.139350073,0.660203307,5.338701579,-1.895234575,,,,,,,,,,,,,,,,,,,,,,,,,,,,,,,,,,,,,,,,,,,,,,,
1156,68.0,F,R,8/4/1954,English,25,CPA/PhD,Levothyroxin,Email,Not Hispanic or Latino,White,,6.0,10.0,12.0,12.0,12.0,6.0,9.0,11.0,72.0,44.0,22.0,9.0,8.0,4.0,1.0,19.0,6.0,4.0,3.0,6.0,18.94,43.31,53,8.0,8.0,15.0,1.0,29.0,4.0,0.04444444444,0.04444444444,0.2,0.1111111111,0.0,0.0,0.0,0.0,0.0,0.0,0.1666666667,9.0,1.0,8.0,342,186.0,125.0,14.0,17.0,54f9c5db,0.078125,-0.203125,0.859375,,,,,,,,,,,,,,,,,,,,,,,,,,,,,,,,,,,,,,,,,,,,,,,,,,,,,,,,,,,,,,,,,
1157,77.0,M,R,10/23/1945,English,16,Retired computer programmer,"lisinoprin, atoruastatin",church,Not Hispanic or Latino,White,,5.0,7.0,11.0,11.0,13.0,5.0,10.0,8.0,65.0,44.0,31.0,9.0,15.0,6.0,1.0,14.0,4.0,3.0,5.0,2.0,23.84,59.71,49*,11.0,10.0,11.0,0.0,29.0,0.0,0.0,0.0,2.6,1.555555556,3.75,1.222222222,2.0,2.0,1.666666667,1.4,1.0,12.0,4.0,8.0,283,156.0,105.0,11.0,11.0,30b601f0,0.265625,-0.359375,0.78125,-,3.0,-7.208127149,6.487677151,3.939684452,2.825558843,0.4843340174,0.5235155034,0.5772015955,0.08059827264,-1.668366001,-1.742055518,1,,,,,,,,,,,,,,,,,,,,,,,,,,,,,,,,,,,,,,,,,,,,,,,,0.107421875,8.98046875,-0.134765625,12.0,z50krxyl_1157
1158,75.0,F,R,1/19/1947,English,16,Retired,"Alendronate, Atorvastatin",C2C,Not Hispanic or Latino,White,,5.0,7.0,10.0,9.0,10.0,5.0,6.0,9.0,56.0,60.0,17.0,9.0,3.0,2.0,2.0,14.0,8.0,3.0,2.0,1.0,24.15,52.91,56,13.0,9.0,12.0,2.0,28.0,31.0,0.34444444,0.34444444,0.8,0.3333333,0.416666667,0.222222222,0.333333,0.0,0.166666667,0.2,0.33333333,10.0,7.0,3.0,250,124.0,87.0,13.0,26.0,9bd7909e,0.140625,-0.171875,0.796875,1,2.0,,,,,,,,,,,-,4.261438409,0.1961721582,0.9708418904,5.879551108,-1.582553529,1,,,,,,,,,,,,,,,,,,,,,,,,,,,,,,,,,,,,,,,,,,9.55078125,2.3359375,0.10546875,69.0,3gzzzh2x_1158
1159,72.0,F,R,11/3/1950,English,14,Volunteer Manager,"Synjarly, Hydrochlorothiazide, Atirvastatin, Losartan",Wisdom Study,Hispanic or Latino,White,,4.0,10.0,10.0,9.0,11.0,5.0,4.0,8.0,56.0,37.0,18.0,8.0,2.0,3.0,5.0,16.0,7.0,0.0,5.0,4.0,22.53,72,54,7.0,5.0,13.0,9.0,30.0,4.0,0.04444444,0.04444444,0.3,0.111111111,0.0,0.0,0.0,0.0,0.0,0.0,0.0,5.0,2.0,3.0,296,163.0,82.0,22.0,29.0,0fb0a8a6,0.09375,-0.1875,0.8125,1,3.0,-6.989265925,-3.367727227,3.99601187,2.49511444,0.6262236519,0.8726954261,0.575311124,0.07171074982,-1.452677599,-1.427835975,1,1.407967189,-1.19377663,1.342587681,4.563194238,-1.72821149,,,,,,,,,,,,,,,,,,,,,,,,,,,,,,,,,,,,,,,,,,,7.666015625,1.59765625,0.017578125,54.0,8ysp1udc_1159
1160,71.0,M,R,4/17/1951,English,18,Retired,"metopolol succinate, crestor, lanatanoproit",Email,Not Hispanic or Latino,White,,5.0,8.0,11.0,14.0,11.0,4.0,4.0,0.0,53.0,51.0,13.0,15.0,,,,18.0,15.0,3.0,0.0,0.0,14.55,104.75,45,13.0,8.0,12.0,2.0,24.0,8.0,8.0,0.8888888889,0.8888888889,0.4,0.1111111111,0.0,0.0,0.3333333333,0.0,0.0,0.0,12.0,3.0,9.0,306,174.0,88.0,15.0,29.0,dc1e5e97,0.0,-0.1875,0.75,,,,,,,,,,,,,,,,,,,,,,,,,,,,,,,,,,,,,,,,,,,,,,,,,,,,,,,,,,,,,9.1796875,0.859375,0.0703125,42.0,bmczfdcx_1160
1161,74.0,F,R,3/12/1948,English,17,Retired Teacher,"Sertraline, Levothroid, Simvistatin, Fosamax",registered w/ UCI,Not Hispanic or Latino,White,Migraines,3.0,10.0,15.0,11.0,13.0,12.0,14.0,13.0,79.0,70.0,29.0,10.0,11.0,3.0,5.0,25.0,12.0,4.0,5.0,4.0,14.34,27.7,53,16.0,11.0,14.0,1.0,30.0,29.0,0.3222222222,0.3222222222,0.1,0.4444444444,0.3333333333,0.1111111111,0.3333333333,0.0,0.6666666667,0.1,1.333333333,13.0,8.0,5.0,257,123.0,104.0,16.0,14.0,25c65868,0.078125,-0.234375,0.90625,1,3.0,,,,,,,,,,,1,,,,,,1,,,,,,,,,,,,,,,,,,,,,,,,,,,,,,,,,,,,,,,,,,0.0390625,9.953125,1.6171875,72.0,97dd2ut1_1161
1162,75.0,F,R,6/13/1947,English,15,Retired registered nurse,"MVI, glucosamine/chdrontin, fosamax",Email,Not Hispanic or Latino,White,,4.0,8.0,8.0,10.0,11.0,3.0,7.0,8.0,56.0,43.0,16.0,8.0,3.0,3.0,2.0,14.0,6.0,6.0,2.0,0.0,39.07,101.38,46,8.0,5.0,12.0,0.0,26.0,9.0,0.1,0.1,0.2,0.1111111111,0.08333333333,0.0,0.1666666667,0.0,0.0,0.0,0.1666666667,12.0,7.0,5.0,283,156.0,91.0,12.0,24.0,40806125,0.375,-0.28125,0.578125,1,2.0,-1.647570535,-3.379343579,4.605066189,2.188206674,0.6098163375,0.9863360698,0.4978038589,0.01031199548,-0.5928380018,0.1819996195,1,,,,,,,,,,,,,,,,,,,,,,,,,,,,,,,,,,,,,,,,,,,,,,,,,,,,
1163,72.0,M,R,5/24/1950,English,25,Health Psychologist,"Juluca, Rosuvastatin, Depotestosterone, Combigan, Myrbetriq",C2C,Not Hispanic or Latino,White,Vertigo,4.0,9.0,9.0,9.0,10.0,5.0,7.0,9.0,57.0,51.0,21.0,9.0,6.0,5.0,1.0,9.0,7.0,1.0,0.0,1.0,28.94,75,43,12.0,8.0,11.0,0.0,25.0,16.0,0.1777777778,0.1777777778,0.9,0.0,0.1666666667,0.0,0.0,0.0,0.1666666667,0.1,0.3333333333,15.0,6.0,9.0,287,150.0,102.0,16.0,19.0,736cca45,0.328125,-0.390625,0.890625,1,3.0,-3.315228795,-1.205881894,3.800297624,3.262073203,0.5222984739,0.8324560016,0.5694784546,0.06454083303,-1.258373046,-1.230002327,-,,,,,,,,,,,,,,,,,,,,,,,,,,,,,,,,,,,,,,,,,,,,,,,,,,,,
1164,90.0,M,R,10/28/1932,English,25,Retired,"Eliquis, simvastatin",In a UCI research program,Not Hispanic or Latino,White,,6.0,9.0,12.0,9.0,13.0,5.0,11.0,9.0,69.0,52.0,17.0,6.0,4.0,3.0,4.0,14.0,6.0,0.0,3.0,5.0,34.81,67.06,36,8.0,6.0,13.0,4.0,29.0,4.0,0.04444444444,0.04444444444,0.1,0.1111111111,0.0,0.0,0.0,0.0,0.1666666667,0.1,0.0,3.0,1.0,2.0,294,150.0,108.0,25.0,11.0, 31e32558,0.03125,-0.28125,0.84375,,,,,,,,,,,,,,0.2918347656,-2.152167656,2.704366426,4.540841296,-1.865482827,,,,,,,,,,,,,,,,,,,,,,,,,,,,,,,,,,,,,,,,,,,,,,,
1165,84.0,F,L,3/20/1938,English,16,Retired Teacher,,through UCI mcnd center,Not Hispanic or Latino,White,Mild cognitive impairment; Stroke or cerebrovascular disease,5.0,7.0,8.0,8.0,11.0,5.0,5.0,6.0,50.0,42.0,15.0,9.0,3.0,2.0,1.0,15.0,6.0,3.0,2.0,4.0,39.0,76,36,12.0,9.0,11.0,3.0,25.0,21.0,0.2333333333,0.2333333333,0.8,0.1111111111,0.5,0.0,0.1666666667,0.0,0.0,0.1,0.3333333333,6.0,3.0,3.0,183,114.0,52.0,8.0,9.0, 4a4ab454,0.171875,-0.3125,0.53125,,,,,,,,,,,,,,,,,,,,,,,,,,,,,,,,,,,,,,,,,,,,,,,,,,,,,,,,,,,,,,,,,
1166,75.0,F,R,1/10/1948,English,16,Ceritifed Public Accountant,"Statin, Losartin",C2C,Not Hispanic or Latino,White,,4.0,5.0,9.0,11.0,11.0,,5.0,,45.0,29.0,15.0,15.0,,,,14.0,14.0,,,,23.16,60.45,52,11.0,4.0,15.0,1.0,30.0,5.0,0.05555555556,0.05555555556,0.0,0.1111111111,0.08333333333,0.1111111111,0.1666666667,0.0,0.0,0.0,0.0,19.0,6.0,13.0,308,155.0,107.0,18.0,28.0, dc5a02ad ,0.25,-0.328125,0.859375,1,4.0,,,,,,,,,,,1,,,,,,1,,,,,,,,,,,,,,,,,,,,,,,,,,,,,,,,,,,,,,,,,,2.87109375,0.6015625,0.12890625,50.0,3hkmnth8_1166
1167,77.0,F,R,12/11/1945,English,18,retired,No,email,Not Hispanic or Latino,White,Mild cognitive impairment,8.0,9.0,14.0,13.0,14.0,7.0,9.0,9.0,76.0,40.0,20.0,8.0,6.0,3.0,3.0,12.0,7.0,3.0,1.0,1.0,24.16,63.75,48,12.0,7.0,15.0,2.0,25.0,21.0,0.23,0.23,0.4,0.33,0.25,0.0,0.17,0.0,0.0,0.0,0.17,8.0,4.0,4.0,276,146.0,90.0,20.0,20.0, f8997252,0.265625,-0.25,0.765625,,,,,,,,,,,,,,0.9551114381,-4.432219958,-0.004491390044,-0.9545221342,-3.814831475,,,,,,,,,,,,,,,,,,,,,,,,,,,,,,,,,,,,,,,,,,,,,,,
1168,80.0,F,R,1/13/1943,English,21,Retired,"Losartan, Armour Thyroip",C2C,Not Hispanic or Latino,White,,5.0,6.0,7.0,12.0,9.0,3.0,7.0,7.0,53.0,55.0,20.0,8.0,7.0,2.0,3.0,16.0,8.0,4.0,2.0,2.0,26.16,52.78,72,8.0,6.0,13.0,0.0,25.0,5.0,0.0555556,0.0555556,0.0,0.222222,0.08333333,0.0,0.0,0.0,0.0,0.0,0.0,3.0,1.0,2.0,324,185.0,101.0,18.0,20.0, 1ff73fdd,0.234375,-0.234375,0.65625,,,,,,,,,,,,,,1.320111136,-2.207656456,1.244726726,4.022256,-1.935891083,,,,,,,,,,,,,,,,,,,,,,,,,,,,,,,,,,,,,,,,,,,,,,,
1169,76.0,F,R,6/21/1946,English,17,retired high school teacher,Thyroid--because thyroid gland was removed &Vitamin D+ multivitamin,email,Not Hispanic or Latino,White,,5.0,8.0,8.0,9.0,7.0,5.0,6.0,6.0,49.0,57.0,18.0,10.0,3.0,2.0,3.0,16.0,6.0,3.0,4.0,3.0,25.88,72.78,40,13.0,8.0,12.0,2.0,29.0,14.0,0.16,0.16,0.5,0.0,0.08,0.11,0.0,0.0,0.0,0.2,0.17,18.0,2.0,16.0,228,144.0,60.0,9.0,15.0,72028022,,,,,,,,,,,,,,,,,,,,,,,,,,,,,,,,,,,,,,,,,,,,,,,,,,,,,,,,,,,,,,,,,,,,
1170,71.0,F,R,5/26/1951,English,14,Retired,"Namenoa, Losartan, Albuteron, Hyprucnpolozin, Reclast/NFusion",C2C,Not Hispanic or Latino,White,"Migranes, Arachnoid Cyst on Brain Stem",7.0,13.0,12.0,15.0,15.0,6.0,10.0,10.0,82.0,41.0,13.0,7.0,2.0,3.0,1.0,15.0,6.0,4.0,3.0,2.0,39.9,77.22,43,12.0,6.0,12.0,0.0,30.0,41.0,0.45555556,0.45555556,1.4,0.66666667,0.33333333,0.2222222,0.1666666667,0.5714286,0.3333333,0.2,0.3333333333,19.0,14.0,5.0,174,117.0,40.0,9.0,8.0, 1c90b882,0.28125,-0.359375,0.859375,1,2.0,-1.206084726,3.693395489,3.236404977,1.775731749,0.4040556445,0.6354041908,0.679167844,-0.02373058176,0.3056311997,-1.881466853,,,,,,,,,,,,,,,,,,,,,,,,,,,,,,,,,,,,,,,,,,,,,,,,,,,,,
1171,78.0,F,R,4/16/1945,English,16,Retired,Yes,Email,Not Hispanic or Latino,White,,7.0,7.0,10.0,11.0,11.0,6.0,8.0,7.0,61.0,40.0,17.0,7.0,3.0,3.0,4.0,13.0,7.0,2.0,2.0,2.0,26.58,55.27,49,14.0,10.0,13.0,2.0,27.0,3.0,0.03,0.03,0.1,0.11,0.0,0.0,0.0,0.0,0.0,0.0,0.0,5.0,3.0,2.0,301,166.0,109.0,18.0,8.0, aa0e9f70,0.078125,-0.15625,0.734375,1,3.0,-0.06195051471,1.472610378,4.253116691,2.485058249,0.4634074122,0.6028153846,0.5833889715,0.06135234084,-1.113560307,-0.9040627889,,0.3908616779,-2.695500511,0.7900047759,3.795883127,-2.311733746,,,,,,,,,,,,,,,,,,,,,,,,,,,,,,,,,,,,,,,,,,,,,,,
1172,46.0,F,R,12/27/1976,English,18,Executive Assistant,"Skyrizi, I shot every quarter",contacted by UCI,Not Hispanic or Latino,White,,9.0,11.0,13.0,12.0,11.0,9.0,15.0,12.0,83.0,52.0,19.0,7.0,5.0,4.0,3.0,21.0,13.0,5.0,3.0,0.0,22.07,49.72,51,8.0,6.0,13.0,4.0,29.0,11.0,0.1222222222,0.1222222222,0.3,0.0,0.1666666667,0.0,0.0,0.0,0.3333333333,0.0,0.1666666667,16.0,7.0,9.0,325,173.0,104.0,20.0,28.0, e41c8fd8,-0.203125,-0.078125,0.671875,,,,,,,,,,,,,,1.81894607,-2.332542323,0.9296278903,4.356425976,-1.907847943,,,,,,,,,,,,,,,,,,,,,,,,,,,,,,,,,,,,,,,,,,,5.41015625,-0.3828125,0.33984375,21.0,l4818lwb_1172
1173,56.0,F,R,9/26/1966,Slovak,16,Employment coach,,Your lab contacted me,Not Hispanic or Latino,White,,5.0,9.0,12.0,13.0,14.0,5.0,8.0,8.0,69.0,53.0,25.0,10.0,8.0,3.0,4.0,16.0,5.0,4.0,2.0,5.0,18.05,43.38,50,11.0,6.0,13.0,1.0,30.0,14.0,0.1555555556,0.1555555556,0.5,0.1111111111,0.5,0.0,0.1666666667,0.0,0.0,0.0,0.0,10.0,10.0,0.0,336,167.0,107.0,23.0,39.0, a739eb58,0.25,-0.5,0.921875,1,3.0,-2.279858867,0.5762450401,3.982381309,2.818981506,0.4656870889,0.7908152582,0.5746131618,0.07590001788,-3.531102326,-1.341838425,1,0.553,-3.5144,-0.9923,0.0,-14.4549,,,,,,,,,,,,,,,,,,,,,,,,,,,,,,,,,,,,,,,,,,,,,,,
1174,33.0,F,R,7/10/1989,English,22,Nursing Student,Birth Control,UCI research email,Not Hispanic or Latino,White,Migranes,4.0,8.0,10.0,9.0,10.0,5.0,7.0,8.0,56.0,40.0,24.0,9.0,6.0,5.0,4.0,12.0,6.0,3.0,3.0,0.0,18.43,65.94,50,10.0,6.0,10.0,0.0,29.0,29.0,0.3222222222,0.3222222222,1.0,0.3333333333,0.25,0.3333333333,0.1666666667,0.0,0.1666666667,0.0,0.6666666667,14.0,10.0,4.0,298,162.0,101.0,18.0,17.0,be98fbb5,,,0.0,,,,,,,,,,,,,,-0.06935513132,-4.900028872,0.7637015,2.920444468,-3.060344603,,,,,,,,,,,,,,,,,,,,,,,,,,,,,,,,,,,,,,,,,,,,,,,
1175,76.0,F,R,3/22/1947,English,16,Retired,"Metoprolol, Eliquis, Gemtesa, Benazepril",email,Not Hispanic or Latino,White,,2.0,6.0,8.0,6.0,6.0,4.0,2.0,2.0,32.0,34.0,12.0,8.0,4.0,0.0,0.0,10.0,6.0,2.0,1.0,1.0,32.66,99.57,50,9.0,3.0,13.0,4.0,26.0,2.0,0.02222222222,0.02222222222,0.0,0.0,0.0,0.0,0.0,0.0,0.0,0.0,0.0,2.0,0.0,2.0,341,167.0,124.0,21.0,29.0, 566ee6d1,-0.109375,-0.015625,0.71875,1,3.0,4.812078683,8.454353925,4.707824441,3.624938228,0.5950686626,0.84931282,0.5813255756,0.1058764734,-2.34787749,-2.360325798,-,0.1445450523,-2.203987936,0.05485333237,0.9409418164,-1.908960434,,,,,,,,,,,,,,,,,,,,,,,,,,,,,,,,,,,,,,,,,,,,,,,
1176,67.0,M,R,4/5/1956,English,18,Solution Architect,No,Email from UCI,Not Hispanic or Latino,White,,6.0,8.0,8.0,9.0,9.0,5.0,8.0,7.0,55.0,35.0,20.0,11.0,6.0,1.0,2.0,16.0,7.0,5.0,4.0,0.0,24.85,37.91,53,13.0,7.0,10.0,3.0,27.0,7.0,0.08,0.08,0.5,0.11,0.0,0.0,0.0,0.0,0.0,0.0,0.0,10.0,2.0,8.0,312,171.0,98.0,15.0,28.0, a8f3809c,0.03125,-0.125,0.78125,1,2.0,,,,,,,,,,,,,,,,,1,,,,,,,,,,,,,,,,,,,,,,,,,,,,,,,,,,,,,,,,,,,,,,
1177,62.0,M,R,12/21/1960,English,16,Retired Military,No,Email from Mohit,Not Hispanic or Latino,Asian,,5.0,8.0,9.0,10.0,10.0,5.0,6.0,6.0,54.0,32.0,18.0,6.0,6.0,2.0,4.0,7.0,5.0,2.0,0.0,0.0,33.78,59.31,45,11.0,7.0,10.0,3.0,25.0,30.0,0.3333333333,0.3333333333,0.9,0.1111111111,0.3333333333,0.0,0.3333333333,0.0,0.1666666667,0.1,0.5,4.0,2.0,2.0,236,137.0,59.0,17.0,23.0, b7553c60,0.03125,-0.203125,0.921875,,,,,,,,,,,,,,,,,,,,,,,,,,,,,,,,,,,,,,,,,,,,,,,,,,,,,,,,,,,,,,,,,
1179,36.0,F,R,7/3/1986,English,20,CMFT,No,UCI Research/ Alzheimer's Association,Not Hispanic or Latino,White,,6.0,9.0,9.0,11.0,13.0,6.0,11.0,10.0,69.0,38.0,28.0,11.0,9.0,3.0,5.0,19.0,10.0,4.0,4.0,1.0,25.69,44.09,57,10.0,7.0,14.0,1.0,26.0,15.0,0.17,0.17,0.0,0.11,0.17,0.22,0.5,0.0,0.17,0.0,0.33,10.0,5.0,5.0,317,168.0,104.0,18.0,27.0, 4f2b344c,0.40625,-0.421875,0.8125,,,,,,,,,,,,,,,,,,,,,,,,,,,,,,,,,,,,,,,,,,,,,,,,,,,,,,,,,,,,,,,,,
1180,76.0,F,R,1/30/1947,English,17,Retired,Rosavastatin,Mail,Hispanic or Latino,Unknown,,9.0,12.0,15.0,13.0,13.0,4.0,14.0,11.0,87.0,52.0,20.0,10.0,5.0,3.0,2.0,14.0,10.0,3.0,1.0,0.0,21.25,54.69,53,11.0,7.0,15.0,0.0,30.0,16.0,0.17777778,0.17777778,0.9,0.0,0.33333333,0.0,0.0,0.0,0.0,0.0,0.0,5.0,1.0,4.0,279,143.0,108.0,20.0,8.0,5527e76c,0.0,-0.265625,0.828125,1,3.0,-7.597056195,7.919442497,4.020392382,2.881697805,0.5072777637,0.5886103777,0.584518559,0.06685644117,-1.736582473,-0.8627703035,1,,,,,,,,,,,,,,,,,,,,,,,,,,,,,,,,,,,,,,,,,,,,,,,,0.1953125,0.390625,0.5859375,1.0,bmnjpuzx_1180
1181,70.0,M,L,6/4/1953,English,19,Retired,"Xarelto, flecainide, atorvastan, and amloaidine",Email,Not Hispanic or Latino,White,Transient Ischemic Attack,6.0,9.0,10.0,8.0,12.0,6.0,9.0,9.0,63.0,56.0,25.0,12.0,5.0,5.0,3.0,17.0,9.0,4.0,3.0,1.0,16.25,32.19,57,13.0,7.0,12.0,2.0,28.0,7.0,0.07777777778,0.07777777778,0.0,0.1111111111,0.0,0.0,0.0,0.0,0.0,0.0,0.5,17.0,11.0,6.0,344,177.0,123.0,15.0,29.0, 3c4840cf,0.296875,-0.421875,0.890625,1,4.0,-1.149950664,1.048942687,8.060544646,5.319371985,0.4615567769,0.634473248,0.5640996788,0.03813301696,-2.329718802,-2.700199408,,,,,,,1,1.0,1.0,0.000491,0.000479,0.000414,0.000511,0.546818,0.460371,0.579201,0.616111,0.000372,0.000396,0.000365,0.000352,1.0,1.0,0.000478,0.000481,0.000472,0.000503,0.000409,0.000419,0.000505,0.000523,0.000568,0.000585,0.000578,0.000599,0.000539,0.000548,0.000623,0.000625,0.0004325,0.000428,0.000418,0.0004555,0.0003435,0.000354,0.0004455,0.0004715,0.00047,,,,,
1182,78.0,F,R,7/31/1944,English,17,Retired,"Synthroid, Repatha, Lisinopril/HCTZ",Newspaper,Not Hispanic or Latino,White,Vertigo,6.0,10.0,10.0,12.0,14.0,4.0,11.0,10.0,73.0,44.0,21.0,13.0,3.0,1.0,4.0,10.0,7.0,3.0,0.0,0.0,35.88,54.41,45,14.0,9.0,15.0,0.0,28.0,20.0,0.2222222222,0.2222222222,0.1,0.2222222222,0.1666666667,0.2222222222,0.0,0.0,0.0,0.0,0.8333333333,3.0,1.0,2.0,329,169.0,109.0,18.0,33.0, 1eb904b6,0.25,-0.21875,0.796875,1,2.0,1.354067052,-0.5231942277,1.624306263,1.92137513,0.4559017091,0.6862560884,0.616883278,0.01231863138,0.6273102482,-1.189589088,1,1.23697056,-1.386915249,-0.2814283178,5.397642302,-1.59495112,,,,,,,,,,,,,,,,,,,,,,,,,,,,,,,,,,,,,,,,,,,,,,,
1183,82.0,M,R,12/16/1940,English,19,Electrical Engineer,"Vitamin B12, Calcium, Vitamin D",Neighbor (Carel Jones),Not Hispanic or Latino,White,,4.0,4.0,6.0,6.0,9.0,5.0,6.0,7.0,42.0,27.0,19.0,8.0,4.0,3.0,4.0,13.0,8.0,2.0,3.0,0.0,27.65,64.31,49,14.0,6.0,10.0,3.0,25.0,2.0,0.02222222222,0.02222222222,0.2,0.0,0.0,0.0,0.0,0.0,0.0,0.0,0.0,12.0,3.0,9.0,316,164.0,115.0,12.0,25.0, 8c2a9c7a,0.046875,-0.265625,,,,,,,,,,,,,,,-1.43808558,-2.671079161,0.3153444393,0.5557532536,-2.207724963,,,,,,,,,,,,,,,,,,,,,,,,,,,,,,,,,,,,,,,,,,,,,,,
1184,69.0,F,R,9/13/1953,English,19,"Retired; VP, Human Resources Adjunct Faculty, Cerritos College","Eliquis, Losartan, Toporol",C2C,Not Hispanic or Latino,White,,8.0,10.0,13.0,12.0,12.0,7.0,11.0,10.0,76.0,56.0,26.0,13.0,4.0,5.0,4.0,19.0,10.0,5.0,0.0,4.0,32.72,40.03,53,13.0,11.0,12.0,2.0,28.0,13.0,0.1444444444,0.1444444444,0.5,0.0,0.1666666667,0.0,0.1666666667,0.0,0.3333333333,0.0,0.1666666667,11.0,3.0,8.0,301,160.0,104.0,19.0,18.0, 4f221ee9,0.0,-0.3125,0.90625,1,3.0,-3.329355976,3.887742992,4.259074418,3.123050188,0.4904999878,0.5439802305,0.5747066769,0.04779588192,-1.701618178,-2.142666966,1,-2.917483234,-2.690124106,0.1064341324,0.7079074953,-2.258612319,,,,,,,,,,,,,,,,,,,,,,,,,,,,,,,,,,,,,,,,,,,0.21484375,6.4140625,2.66015625,34.0,9pya1ffv_1184
1185,81.0,M,R,3/22/1942,Armenian/ Arabic,17,Food Management / Hospitality,"Hydrochlorothiazide, Atorvantatin, Tamsulosin",C2C,Not Hispanic or Latino,White,,6.0,6.0,6.0,7.0,9.0,4.0,2.0,3.0,39.0,30.0,5.0,5.0,0.0,0.0,0.0,11.0,4.0,0.0,1.0,6.0,49.22,99.1,30,10.0,5.0,11.0,11.0,26.0,70.0,0.7777777778,0.7777777778,1.6,0.6666666667,0.4166666667,1.111111111,0.8333333333,0.1428571429,0.3333333333,0.3,1.333333333,22.0,11.0,11.0,208,103.0,73.0,12.0,20.0, 02ef6a4d,0.0,-0.140625,0.609375,,4.0,0.1549899248,6.670073537,8.28398845,4.730112478,0.1237309548,0.003655930706,0.5801490477,0.06792674443,-3.018922156,-1.393499537,,,,,,,1,1.0,1.0,0.000436,0.00049,0.000382,0.000529,0.532722,0.514001,0.625336,0.588962,0.000354,0.000352,0.000349,0.000356,1.0,1.0,0.000452,0.000431,0.000491,0.000478,0.000397,0.000356,0.000536,0.000523,0.000531,0.000499,0.00059,0.000574,0.000524,0.000469,0.000653,0.000621,0.000412,0.0003965,0.0004415,0.0004295,0.0003335,0.000299,0.000477,0.0004735,0.000443,2.744140625,2.81640625,0.345703125,57.0,jxng73pa_1185
1186,78.0,F,R,1/15/1945,English,15,Semi-Retired,"Zolpidem Tartrate, Atorvastatin, Mitrazapine, Hydroxychloroquine",Email,Not Hispanic or Latino,White,None (One mild epiletic seizure when 17,6.0,7.0,7.0,9.0,11.0,4.0,9.0,8.0,57.0,32.0,30.0,11.0,8.0,7.0,4.0,19.0,8.0,5.0,3.0,3.0,41.68,104.87,36,11.0,4.0,9.0,0.0,23.0,26.0,0.2888888889,0.2888888889,1.0,0.0,0.25,0.0,0.1666666667,0.0,0.0,0.0,1.166666667,12.0,3.0,2.0,270,148.0,78.0,8.0,36.0, 3ac0b128,-0.01730769231,-0.1177884615,0.578125,1,3.0,-4.359608762,1.830570678,3.806791475,3.264415115,0.4582119414,0.6434743399,0.5785011395,0.07405898549,-2.18639982,-2.108228198,,,,,,,,,,,,,,,,,,,,,,,,,,,,,,,,,,,,,,,,,,,,,,,,,,,,,
1187,81.0,F,R,8/20/1941,English,21,Retired,"Hydrochlorothiazide, colesterol medication, high blood pressure medication, finisteride",Email,Not Hispanic or Latino,White,Vertigo - occasionally,4.0,6.0,9.0,13.0,12.0,2.0,6.0,6.0,56.0,39.0,10.0,8.0,1.0,1.0,0.0,17.0,7.0,4.0,3.0,3.0,36.78,88.72,42,8.0,4.0,13.0,2.0,28.0,38.0,0.4222222222,0.4222222222,0.6,0.5555555556,0.5,0.0,0.1666666667,0.0,0.3333333333,0.1,1.333333333,20.0,9.0,11.0,249,139.0,69.0,24.0,17.0, 709c7dbb,-0.203125,0.0,0.71875,,,,,,,,,,,,,,0.8402053993,-2.168644948,0.0283639325,5.069247464,-2.329236672,,,,,,,,,,,,,,,,,,,,,,,,,,,,,,,,,,,,,,,,,,,,,,,
1188,68.0,F,R,11/30/1954,English,17,"Retired sales, marketing","Fish oil, calcium, vitamin",Website Mind Institute,Not Hispanic or Latino,White,,5.0,10.0,10.0,11.0,11.0,4.0,6.0,8.0,61.0,47.0,25.0,11.0,5.0,6.0,3.0,19.0,9.0,3.0,5.0,2.0,39.72,118,37,9.0,6.0,12.0,3.0,27.0,15.0,0.1666666667,0.1666666667,0.4,0.4444444444,0.1666666667,0.1111111111,0.0,0.0,0.0,0.0,0.1666666667,13.0,4.0,9.0,228,123.0,82.0,11.0,12.0, de81d9d9,0.1875,-0.1875,0.640625,,4.0,-6.374843876,-2.54361366,8.817288466,4.809501938,0.513793781,0.75045108,0.5592981195,0.05370662208,-2.53850713,-0.5882382765,,-0.2901760322,-2.396859335,0.7528374667,3.583001019,-2.075057133,,1.0,,0.000524,0.000514,0.000409,0.000561,0.566428,0.567581,0.704249,0.591351,0.00046,0.000396,0.000344,0.000387,1.0,,0.000515,0.000532,0.000507,0.000519,0.000382,0.000431,0.000563,0.00056,0.000602,0.000625,0.000588,0.000643,0.000503,0.000566,0.00064,0.000659,0.0004715,0.0004865,0.0004665,0.0004565,0.0003215,0.000363,0.000525,0.0005105,0.000509,,,,,
1189,71.0,M,R,11/11/1951,English,18,Consultant,"Coreg, Plauix, Lipitor, Flomax, Famatodiwe, Aspirin",C2C,Not Hispanic or Latino,Caucasian,,1.0,6.0,9.0,7.0,10.0,6.0,8.0,7.0,48.0,48.0,21.0,9.0,7.0,1.0,4.0,18.0,8.0,6.0,3.0,1.0,27.19,57.78,49,14.0,12.0,11.0,2.0,28.0,35.0,0.3888888889,0.3888888889,1.2,0.2222222222,0.3333333333,0.2222222222,0.3333333333,0.0,0.1666666667,0.0,0.6666666667,11.0,0.0,11.0,286,,,,, fdc01209,0.25,-0.390625,0.703125,1,2.0,-0.5317919846,-3.452858884,1.289535189,2.275095178,0.5476688094,0.8524177213,0.6310456172,-0.006710221399,0.6884102424,-1.336178473,1,,,,,,,,,,,,,,,,,,,,,,,,,,,,,,,,,,,,,,,,,,,,,,,,9.013671875,7.29296875,-2.853515625,63.0,kwqqx5au_1189
1190,76.0,M,R,1/28/1947,English,18,Retired,"Ramipril, Triamterehe/HCTC, Eliquis, Metroprolol",C2C,Not Hispanic or Latino,White,,5.0,6.0,9.0,11.0,10.0,6.0,6.0,8.0,55.0,35.0,17.0,9.0,3.0,3.0,2.0,9.0,4.0,1.0,4.0,0.0,34.82,74.53,47,10.0,6.0,11.0,0.0,27.0,5.0,0.05555555556,0.05555555556,0.1,0.1111111111,0.0,0.0,0.1666666667,0.0,0.0,0.0,0.3333333333,12.0,6.0,6.0,247,174.0,40.0,17.0,16.0, 87a58831,0.28125,-0.484375,0.859375,,4.0,2.752298844,5.920423379,8.566112287,4.945697116,0.4951438505,0.7221540703,0.565587948,0.04906680375,-2.304366828,-0.8873783829,,,,,,,1,1.0,,0.000494,0.000469,0.000362,0.000528,0.533224,0.551365,0.6061,0.607101,0.00039,0.000389,0.000355,0.000363,1.0,,0.000491,0.0005,0.000456,0.00048,0.000357,0.000374,0.000528,0.000535,0.00057,0.000589,0.000548,0.000595,0.000459,0.000482,0.000627,0.000636,0.0004515,0.000455,0.0004095,0.0004225,0.0003065,0.00032,0.000478,0.0004845,0.000487,0.0390625,9.953125,1.6171875,6.0,erm7u5fn_1190
1191,60.0,M,R,8/10/1962,English,22,Engineer,yes: Valsartan; Amlodipine,From Lab Member,Not Hispanic or Latino,White,,7.0,9.0,11.0,12.0,13.0,6.0,9.0,,61.0,42.0,35.0,13.0,7.0,8.0,7.0,25.0,11.0,9.0,3.0,2.0,20.78,39,62,15.0,10.0,12.0,1.0,27.0,61.0,0.6777777778,0.08333333333,0.8,0.3333333333,1.5,0.5555555556,0.5,0.5714285714,0.0,0.5,1.333333333,4.0,3.0,1.0,253,148.0,84.0,14.0,13.0, 906063f0,0.140625,-0.296875,0.828125,-,2.0,2.987312258,6.624549377,3.389526238,1.926408476,0.388819564,0.645407243,0.6082109462,-0.04941935688,-0.2628613409,-0.3929790607,,,,,,,,,,,,,,,,,,,,,,,,,,,,,,,,,,,,,,,,,,,,,,,,,,,,,
1192,69.0,F,R,5/3/1954,Mandarin,20,Retired,Anastrazole,C2C,Not Hispanic or Latino,Asian,,8.0,8.0,11.0,11.0,10.0,4.0,6.0,10.0,64.0,22.0,16.0,5.0,4.0,3.0,4.0,17.0,5.0,5.0,4.0,3.0,42.59,75.63,55,9.0,8.0,15.0,0.0,25.0,28.0,0.3111111111,0.0,0.3,0.6666666667,0.4166666667,0.1111111111,0.0,0.0,0.3333333333,0.6,0.6666666667,25.0,14.0,11.0,284,131.0,80.0,19.0,26.0,34f6cd81,-0.109375,-0.09375,0.0,,,,,,,,,,,,,,,,,,,,,,,,,,,,,,,,,,,,,,,,,,,,,,,,,,,,,,,,,,,,,,,,,
1193,77.0,M,R,5/9/1946,"English, Romanian",18,Retired Food Scientist,yes - unsure which ones,email contact,Not Hispanic or Latino,White,,4.0,6.0,8.0,8.0,8.0,1.0,6.0,4.0,44.0,41.0,16.0,7.0,3.0,3.0,3.0,10.0,6.0,1.0,0.0,3.0,52.69,150.5,27,7.0,3.0,10.0,4.0,23.0,59.0,0.6555555556,0.6555555556,1.0,0.7777777778,0.8333333333,0.1111111111,0.3333333333,0.0,1.0,0.6,1.666666667,21.0,6.0,15.0,111,51.0,30.0,14.0,16.0, 8350495d,-0.015625,-0.171875,0.40625,,,,,,,,,,,,,,,,,,,,,,,,,,,,,,,,,,,,,,,,,,,,,,,,,,,,,,,,,,,,,,,,,
1194,72.0,F,R,6/29/1951,English,19,Retired special educator/administrator,"prozac 40mg, synthroid 5mcg",Don't remember,Not Hispanic or Latino,White,,5.0,12.0,13.0,15.0,15.0,9.0,13.0,13.0,86.0,61.0,25.0,10.0,10.0,3.0,2.0,17.0,9.0,1.0,5.0,2.0,26.53,62.63,41,12.0,9.0,11.0,0.0,26.0,1.0,0.01111111111,0.0,0.0,0.0,0.0,0.0,0.0,0.0,0.0,0.0,0.1666666667,10.0,2.0,8.0,386,188.0,119.0,19.0,30.0, 83ec73d6,0.3125,-0.421875,0.90625,,,,,,,,,,,,,1,0.1249033755,-2.725422241,0.3968969082,4.109688302,-2.849005799,,,,,,,,,,,,,,,,,,,,,,,,,,,,,,,,,,,,,,,,,,,,,,,
1195,75.0,M,R,8/6/1947,English,19,Engineer/Physicist,"lovestatin, finasteride, terazosin",UCI contact from participating in other studies,Not Hispanic or Latino,White,Vertigo,8.0,10.0,10.0,11.0,12.0,8.0,8.0,8.0,67.0,44.0,22.0,12.0,3.0,4.0,3.0,16.0,7.0,3.0,5.0,1.0,31.88,47.15,53,10.0,6.0,13.0,6.0,27.0,48.0,0.5333333333,0.6666666667,1.1,0.3333333333,0.9166666667,0.1111111111,0.0,0.4285714286,0.1666666667,0.2,1.0,19.0,13.0,6.0,267,145.0,81.0,14.0,29.0, d79dfd78,0.21875,-0.21875,0.796875,1,4.0,-7.280634019,1.497730211,8.442921876,5.063935525,0.4977521352,0.5857293632,0.5459473802,0.0530936546,-1.90027668,-2.29634673,1,1.421916456,-1.694229726,0.6069280092,3.808307162,-1.517395329,,,,,,,,,,,,,,,,,,,,,,,,,,,,,,,,,,,,,,,,,,,9.1796875,0.859375,0.0703125,18.0,6q9soobx_1195
1196,66.0,F,R,8/28/1956,English,18,Retired,"Levothyroxine, Vitamin C, Centrum Silver Women, Calmag, Ocutive, Primrose Oil, L-Lysine, NAQ",C2C,Not Hispanic or Latino,White,,11.0,13.0,13.0,14.0,13.0,11.0,13.0,13.0,90.0,68.0,23.0,7.0,10.0,5.0,1.0,18.0,5.0,5.0,5.0,3.0,19.87,33.81,52,8.0,4.0,13.0,0.0,29.0,8.0,0.08888888889,0.08333333333,0.2,0.1111111111,0.08333333333,0.0,0.1666666667,0.0,0.0,0.0,0.1666666667,5.0,4.0,1.0,335,175.0,109.0,16.0,25.0, 316b4413,0.453125,-0.453125,0.734375,,,,,,,,,,,,,,,,,,,,,,,,,,,,,,,,,,,,,,,,,,,,,,,,,,,,,,,,,,,,,,,,,
1197,74.0,F,R,11/12/1948,English,18,Retired,"Arimidex, Fosamax, Calcium Citrate",C2C,Not Hispanic or Latino,White,,9.0,10.0,11.0,13.0,15.0,9.0,9.0,10.0,77.0,37.0,17.0,7.0,4.0,4.0,2.0,14.0,7.0,3.0,4.0,0.0,40.53,93.25,48,9.0,5.0,15.0,0.0,27.0,0.0,0.0,0.0,0.0,0.0,0.0,0.0,0.0,0.0,0.0,0.0,0.0,9.0,4.0,5.0,269,178.0,118.0,15.0,11.0, 80658c64 ,0.015625,-0.21875,0.84375,,,,,,,,,,,,,,2.955337973,-2.886056414,-0.3495793925,3.573525537,-3.59686406,,,,,,,,,,,,,,,,,,,,,,,,,,,,,,,,,,,,,,,,,,,,,,,
1198,65.0,F,R,12/23/1957,English,16,Res. Administrator,Thyroid - levothyroxine,C2C,Not Hispanic or Latino,White,Migraines,7.0,12.0,12.0,15.0,15.0,3.0,14.0,14.0,89.0,41.0,27.0,13.0,4.0,3.0,7.0,24.0,11.0,7.0,4.0,2.0,18.38,49.56,52,11.0,7.0,13.0,0.0,27.0,54.0,0.6,0.8333333333,0.8,0.7777777778,0.6666666667,0.6666666667,0.1666666667,0.1428571429,0.1666666667,0.1,1.166666667,13.0,10.0,3.0,330,170.0,107.0,18.0,19.0, 3b928622,0.125,-0.359375,0.921875,,,,,,,,,,,,,,0.5473902567,-1.606866766,0.4635131541,3.061283145,-1.655110045,,,,,,,,,,,,,,,,,,,,,,,,,,,,,,,,,,,,,,,,,,,,,,,
1199,69.0,F,R,7/22/1954,English,18,Airport Management,"Tamoxifen, Valacyclovir, and Famotidine",C2C,Not Hispanic or Latino,White,,7.0,14.0,15.0,15.0,15.0,7.0,15.0,15.0,96.0,69.0,23.0,10.0,9.0,3.0,1.0,22.0,9.0,7.0,3.0,3.0,17.72,33.25,60,13.0,12.0,15.0,0.0,30.0,13.0,0.1444444444,0.5,0.2,0.1111111111,0.08333333333,0.1111111111,0.0,0.0,0.0,0.0,0.1666666667,12.0,6.0,6.0,262,143.0,87.0,14.0,17.0, 4b7af5bd,0.453125,-0.484375,0.875,1,4.0,-6.964934995,2.400284735,9.262634406,4.820118458,0.4345683283,0.5494020196,0.5615366112,0.0548595422,-2.182536225,-1.589182308,1,,,,,,,,,,,,,,,,,,,,,,,,,,,,,,,,,,,,,,,,,,,,,,,,,,,,
1200,65.0,M,R,8/31/1957,English,17,Compliance +Risk Management,"Amlodipine, Pantoprazole",Online-HB Senior Center,Not Hispanic or Latino,White,,9.0,11.0,11.0,13.0,14.0,5.0,10.0,11.0,79.0,51.0,29.0,12.0,8.0,2.0,7.0,20.0,10.0,3.0,6.0,1.0,24.88,42.34,64,16.0,12.0,11.0,1.0,27.0,48.0,0.5333333333,0.1666666667,0.6,0.3333333333,0.75,0.3333333333,0.5,0.0,1.333333333,0.4,1.166666667,22.0,8.0,14.0,276,130.0,90.0,15.0,20.0, 73ee4958,0.078125,-0.28125,0.9375,1,4.0,-6.048123593,12.80297891,7.877596658,5.2469656,0.4643708554,0.6146545301,0.5640590914,0.05820435409,-1.987443477,-1.120794454,1,,,,,,,,,,,,,,,,,,,,,,,,,,,,,,,,,,,,,,,,,,,,,,,,,,,,
1201,69.0,F,R,11/19/1953,English,18,Retired,"Insulin, Synthroid, and Crestor",C2C,Not Hispanic or Latino,White,,12.0,15.0,15.0,15.0,15.0,7.0,14.0,15.0,101.0,46.0,22.0,9.0,6.0,5.0,2.0,22.0,9.0,4.0,6.0,3.0,26.0,57.31,45,8.0,9.0,14.0,1.0,29.0,53.0,0.5888888889,0.4166666667,1.1,1.111111111,0.75,0.2222222222,0.1666666667,0.2857142857,0.8333333333,0.3,0.3333333333,29.0,16.0,13.0,272,126.0,78.0,14.0,15.0, 88308d64,0.46875,-0.421875,0.703125,,,,,,,,,,,,,,2.047431961,-3.751344678,0.5749405533,4.79772188,-2.779971072,,,,,,,,,,,,,,,,,,,,,,,,,,,,,,,,,,,,,,,,,,,,,,,
1202,60.0,F,R,6/18/1963,English,20,Retired Math Teacher,"levothyroxine, atrovastatin, Olmesartan",HB Senior Center,Not Hispanic or Latino,White,Migranes,7.0,11.0,11.0,14.0,15.0,5.0,13.0,14.0,85.0,67.0,31.0,12.0,9.0,6.0,4.0,21.0,10.0,7.0,3.0,1.0,17.41,32.62,61,14.0,10.0,15.0,0.0,29.0,51.0,0.5666666667,0.6666666667,0.8,0.5555555556,1.0,0.1111111111,1.0,0.0,0.3333333333,0.3,0.6666666667,11.0,3.0,8.0,248,144.0,88.0,14.0,15.0, b17f4787,0.078125,-0.1875,0.8125,,4.0,-6.251893911,1.16328251,9.042473736,4.896875336,0.4366196857,0.5451723426,0.5642001007,0.07513302521,-2.362708823,-2.112570535,,,,,,,,1.0,1.0,0.000522,0.000482,0.000385,0.000532,0.643689,0.564819,0.581064,0.62176,0.000348,0.000384,0.000357,0.000339,1.0,1.0,0.00052,0.000522,0.000477,0.000487,0.000386,0.000386,0.000536,0.000529,0.000605,0.000611,0.00057,0.000587,0.000496,0.000504,0.000639,0.000631,0.0004775,0.0004785,0.00043,0.000437,0.0003315,0.0003275,0.0004845,0.000478,0.000515,,,,,
1203,68.0,M,R,7/14/1955,English,19,Lawyer,Venlofoxine,C2C,Not Hispanic or Latino,White,,7.0,9.0,12.0,13.0,12.0,5.0,11.0,11.0,75.0,33.0,18.0,7.0,4.0,4.0,3.0,14.0,7.0,2.0,3.0,2.0,52.65,105.75,35,10.0,7.0,14.0,1.0,28.0,11.0,0.1222222222,0.0,0.4,0.3333333333,0.08333333333,0.1111111111,0.0,0.0,0.3333333333,0.0,0.0,13.0,3.0,10.0,278,143.0,86.0,18.0,36.0, 3744112a,0.265625,-0.5,0.890625,,4.0,-7.715369307,-3.905747202,7.946224199,5.279702492,0.6228737951,0.7134635666,0.5589299001,0.06360677782,-1.941545952,-1.148788194,,2.928553934,-0.8090606941,0.8072513901,5.124531673,-0.9516294055,1,1.0,,0.00053,0.000539,0.000463,0.000532,0.325969,0.493434,0.522725,0.431866,0.000516,0.00037,0.000438,0.000237,1.0,,0.000526,0.000537,0.000535,0.000539,0.000459,0.000468,0.000542,0.000521,0.000611,0.000626,0.000646,0.000644,0.000575,0.00058,0.000656,0.000634,0.000484,0.000492,0.000479,0.000486,0.000401,0.000412,0.000485,0.000465,0.000518,0.693359375,1.71484375,0.779296875,58.0,jgukvqwn_1203
1204,75.0,F,R,11/24/1947,English,18,Retired,"Revathyrrine, Progrrone, Rocklatan, and Restrix",C2C,Not Hispanic or Latino,White,,9.0,13.0,14.0,14.0,15.0,9.0,13.0,12.0,90.0,36.0,12.0,5.0,2.0,3.0,2.0,17.0,9.0,4.0,1.0,3.0,30.96,58.88,48,8.0,6.0,13.0,0.0,27.0,28.0,0.3111111111,0.9166666667,0.3,0.2222222222,0.4166666667,0.0,0.1666666667,0.0,0.0,0.0,0.5,5.0,3.0,2.0,322,163.0,101.0,20.0,23.0, 78ae9f6e,0.046875,-0.234375,0.859375,1,4.0,-7.761307417,3.69485334,8.320099481,5.064036775,0.5988904933,0.9934759404,0.567916814,0.05742642949,-2.541427014,-1.232315293,1,4.922665009,0.1726911269,0.9223094151,5.31196816,-1.453336298,,,,,,,,,,,,,,,,,,,,,,,,,,,,,,,,,,,,,,,,,,,,,,,
1205,70.0,F,R,11/22/1952,English,13,Retired,Atorvastatin,flyer,Not Hispanic or Latino,White,mild cognitive impairment,4.0,6.0,8.0,8.0,11.0,3.0,6.0,6.0,49.0,25.0,9.0,4.0,2.0,3.0,0.0,8.0,3.0,0.0,4.0,1.0,37.46,67.65,50,9.0,10.0,10.0,1.0,27.0,26.0,0.2888888889,0.0,0.8,0.5555555556,0.25,0.1111111111,0.1666666667,0.4285714286,0.1666666667,0.1,0.1666666667,18.0,15.0,3.0,252,120.0,80.0,12.0,24.0, b74e9cad,-0.015625,-0.171875,0.5625,1,4.0,-7.331232335,3.508609156,8.946989627,4.955648571,0.5444527423,0.6975628405,0.5578442329,0.04792977102,-2.230515943,-1.666170173,-,,,,,,,,,,,,,,,,,,,,,,,,,,,,,,,,,,,,,,,,,,,,,,,,,,,,
1206,77.0,F,R,10/6/1945,English,14,Retired,for post herpatic nerve damage (stopped 5 weeks ago),C2C,Not Hispanic or Latino,White,brain tumor,4.0,6.0,9.0,12.0,9.0,4.0,6.0,8.0,54.0,53.0,25.0,13.0,4.0,7.0,1.0,16.0,8.0,3.0,1.0,4.0,30.84,93.33,47,8.0,8.0,14.0,4.0,27.0,38.0,0.4222222222,0.08333333333,1.2,0.3333333333,0.5833333333,0.4444444444,0.1666666667,0.1428571429,0.3333333333,0.3,0.3333333333,9.0,3.0,6.0,249,140.0,86.0,9.0,17.0, 8334918d,0.0625,-0.03125,0.71875,1,4.0,0.3844687721,1.502855242,8.71831442,5.107857027,0.7123995947,0.9360158059,0.5645110828,0.05574941116,-2.338066245,-3.152753439,,,,,,,,,,,,,,,,,,,,,,,,,,,,,,,,,,,,,,,,,,,,,,,,,,,,,
1207,76.0,F,R,3/28/1947,English,17,Retired/Travel Agent,synthroid,Flyer,Not Hispanic or Latino,White,,4.0,8.0,12.0,11.0,11.0,5.0,7.0,9.0,62.0,20.0,17.0,8.0,4.0,4.0,1.0,15.0,8.0,0.0,1.0,6.0,33.82,71.28,30,12.0,6.0,14.0,1.0,26.0,23.0,0.2555555556,0.4166666667,0.3,0.1111111111,0.1666666667,0.0,0.1666666667,0.1428571429,0.6666666667,0.2,0.3333333333,14.0,2.0,12.0,352,169.0,107.0,25.0,26.0, d0a54d25,0.0625,-0.125,0.671875,,4.0,-1.258289314,2.280225745,8.056353329,4.836479727,0.6298602687,1.196682259,0.5758763678,0.05079439703,-3.007180514,-0.6043516832,,,,,,,,1.0,1.0,0.000541,0.00053,0.000432,0.000593,0.437941,0.45984,0.668541,0.446423,0.000479,0.000411,0.000404,0.000385,1.0,1.0,0.000553,0.00053,0.000508,0.000557,0.000426,0.000437,0.000579,0.000606,0.000657,0.000626,0.000621,0.000644,0.000544,0.000552,0.000669,0.000709,0.0005005,0.000482,0.0004515,0.000513,0.0003675,0.000379,0.0005335,0.0005545,0.00054,,,,,
1208,76.0,F,R,9/27/1946,Spanish,16,Retired,"Lisinopril, Rosuvastatin, Atenolol",Flyer,Hispanic or Latino,White,,6.0,11.0,9.0,8.0,11.0,3.0,7.0,9.0,61.0,38.0,14.0,6.0,5.0,2.0,1.0,15.0,6.0,3.0,3.0,3.0,41.79,108.22,41,11.0,8.0,11.0,0.0,24.0,44.0,0.4888888889,0.08333333333,0.8,0.7777777778,0.6666666667,0.5555555556,0.6666666667,0.0,0.0,0.3,0.6666666667,11.0,6.0,5.0,337,173.0,113.0,25.0,35.0, 898d99d6,-0.09375,-0.15625,0.8125,,,,,,,,,,,,,,,,,,,1,1.0,1.0,0.000561,0.000552,0.0005,0.000579,0.578267,0.544591,0.56653,0.584467,0.000381,0.000403,0.000414,0.000391,1.0,1.0,0.000563,0.000559,0.000553,0.000554,0.000505,0.000497,0.00057,0.000594,0.00066,0.000655,0.000681,0.000673,0.00064,0.000624,0.000673,0.000719,0.0005145,0.0005115,0.0004885,0.000495,0.0004385,0.0004335,0.0005185,0.000532,0.000553,,,,,
1209,65.0,M,R,2/16/1958,English,16,Retired,"Cellcept, Losinopicl, Ashrnunstin, Finestrnide",C2C,Not Hispanic or Latino,White,Vertigo,7.0,5.0,10.0,10.0,12.0,4.0,8.0,6.0,58.0,37.0,25.0,9.0,6.0,4.0,6.0,10.0,5.0,4.0,1.0,0.0,37.94,85.38,39,13.0,7.0,13.0,11.0,25.0,24.0,0.2666666667,0.08333333333,0.4,0.1111111111,0.1666666667,0.3333333333,0.1666666667,0.0,0.0,0.4,1.0,12.0,2.0,10.0,310,164.0,104.0,12.0,18.0, b1d2e166,-0.0625,-0.125,0.796875,1,4.0,2.413411399,6.557971838,8.518429727,4.993056,0.2466295679,1.216083133,0.5664007538,0.05255459875,-2.527280552,-1.58222045,1,,,,,,,,,,,,,,,,,,,,,,,,,,,,,,,,,,,,,,,,,,,,,,,,,,,,
1210,70.0,F,R,9/29/1952,English,17,Legislative Analyst/Retired,"Hormone Replacement Therapy, Atorvastatin",C2C,Not Hispanic or Latino,White,,8.0,11.0,12.0,10.0,13.0,5.0,9.0,7.0,70.0,37.0,16.0,8.0,4.0,2.0,2.0,13.0,7.0,4.0,2.0,0.0,36.63,94.41,43,7.0,7.0,12.0,0.0,27.0,21.0,0.2333333333,0.25,0.5,0.2222222222,0.4166666667,0.2222222222,0.1666666667,0.0,0.1666666667,0.0,0.1666666667,13.0,4.0,9.0,321,158.0,98.0,15.0,21.0, 7c7b84ee,-0.015625,-0.15625,0.859375,1,4.0,4.61598839,1.38174848,9.493569114,5.111398707,0.4271689511,0.7015670736,0.5511607141,0.05948679155,-1.866038088,-2.550499391,1,,,,,,,,,,,,,,,,,,,,,,,,,,,,,,,,,,,,,,,,,,,,,,,,,,,,
1211,74.0,F,R,10/28/1948,English/Russian,17,Retired,"Fosamax, Aforavastatin",C2C,Not Hispanic or Latino,White,,8.0,8.0,12.0,12.0,13.0,10.0,13.0,9.0,75.0,38.0,18.0,6.0,6.0,2.0,4.0,15.0,8.0,6.0,1.0,0.0,26.34,109.59,47,10.0,7.0,11.0,0.0,28.0,11.0,0.1222222222,0.0,0.6,0.0,0.08333333333,0.1111111111,0.0,0.0,0.1666666667,0.0,0.3333333333,9.0,5.0,4.0,270,140.0,85.0,17.0,13.0, 17e89c35,0.3125,-0.296875,0.6875,,4.0,4.736032233,6.982052788,8.562912936,4.727203038,0.6057049402,0.6659988682,0.5627338847,0.07063214144,-2.851623981,-1.873031804,,,,,,,1,1.0,1.0,0.000515,0.000479,0.000453,0.000557,0.492048,0.516832,0.696314,0.613018,0.000442,0.000408,0.000363,0.000386,1.0,1.0,0.000513,0.000515,0.000439,0.00052,0.000465,0.000442,0.000559,0.000559,0.0006,0.000605,0.000656,0.000601,0.000618,0.000615,0.000663,0.000677,0.00047,0.0004705,0.0003295,0.0004795,0.0003885,0.0003555,0.0005065,0.0004995,0.000508,,,,,
1212,68.0,F,R,9/11/1954,English,17,Retired,No,C2C,Not Hispanic or Latino,White,,7.0,8.0,12.0,14.0,15.0,8.0,13.0,13.0,82.0,49.0,23.0,11.0,6.0,5.0,1.0,16.0,8.0,4.0,1.0,3.0,25.72,64.256,53,15.0,10.0,13.0,0.0,29.0,21.0,0.2333333333,0.08333333333,0.4,0.3333333333,0.25,0.1111111111,0.1666666667,0.0,0.5,0.0,0.6666666667,14.0,5.0,9.0,248,157.0,97.0,11.0,17.0, 618dcdfb,0.03125,-0.1875,0.9375,1,4.0,,,,,,,,,,,1,,,,,,1,1.0,1.0,0.000542,0.000473,0.000348,0.000546,0.569284,0.551607,0.59081,0.621112,0.000436,0.000399,0.000401,0.000355,1.0,1.0,0.000539,0.000547,0.000473,0.000479,0.000347,0.000349,0.000548,0.00054,0.000647,0.000652,0.000582,0.00059,0.000455,0.000467,0.000648,0.000632,0.000485,0.0004945,0.0004175,0.000423,0.0002935,0.0002905,0.0004985,0.0004935,0.000523,0.0390625,9.953125,1.6171875,49.0,cgnof08p_1212
1213,75.0,F,R,5/26/1948,English,20,"Educator, equine specialist, equine therapist",No,Email,Not Hispanic or Latino,White,,9.0,12.0,12.0,12.0,13.0,8.0,11.0,11.0,80.0,58.0,21.0,8.0,5.0,5.0,3.0,20.0,4.0,5.0,5.0,6.0,26.0,67,43,12.0,7.0,15.0,1.0,27.0,31.0,0.3444444444,0.3444444444,0.7,0.2222222222,0.25,0.3333333333,0.1666666667,0.2857142857,0.6666666667,0.1,0.8333333333,16.0,7.0,9.0,268,174.0,43.0,21.0,30.0, 09cad82f,0.28125,-0.5,0.921875,1,4.0,-5.768021095,6.739988426,8.019120203,4.944383928,0.5129816504,0.7081840878,0.5680431468,0.05125570018,-2.67734411,-0.614782683,-,,,,,,,,,,,,,,,,,,,,,,,,,,,,,,,,,,,,,,,,,,,,,,,,,,,,
1214,65.0,F,R,3/31/1958,English,16,Retired,"Letrozole, Lisiniprole",Flyer,Not Hispanic or Latino,White,,8.0,8.0,10.0,11.0,11.0,6.0,6.0,9.0,63.0,48.0,20.0,9.0,4.0,3.0,4.0,14.0,4.0,5.0,1.0,4.0,22.97,38.53,49,13.0,7.0,13.0,1.0,26.0,54.0,0.6,0.4166666667,0.7,1.111111111,0.5,0.2222222222,1.0,0.0,0.5,0.3,1.5,11.0,6.0,5.0,357,177.0,112.0,12.0,22.0, fe025dc1,0.140625,-0.203125,0.8125,,,,,,,,,,,,,,,,,,,,,,,,,,,,,,,,,,,,,,,,,,,,,,,,,,,,,,,,,,,,,,,,,
1215,90.0,M,R,5/6/1933,English,10,Sale-Retired,"Atorvastatin, carvedilol, plaxid, preservision, aspirin",Flyer,Not Hispanic or Latino,White,Transient Ischemic Attack,5.0,6.0,9.0,6.0,6.0,3.0,3.0,0.0,35.0,33.0,11.0,7.0,4.0,0.0,0.0,9.0,8.0,1.0,0.0,0.0,88.03,277.69,14,12.0,5.0,5.0,8.0,22.0,75.0,0.8333333333,2.083333333,0.5,0.0,1.083333333,0.0,0.5,0.0,1.166666667,0.9,0.8333333333,6.0,3.0,3.0,351,171.0,111.0,10.0,20.0, 3f15b995,-0.046875,0.015625,0.046875,,,,,,,,,,,,,,,,,,,,,,,,,,,,,,,,,,,,,,,,,,,,,,,,,,,,,,,,,,,,,,,,,
1216,66.0,F,R,9/28/1956,Korean,18,Interior Designer,"Statin, Losantin",C2C,Not Hispanic or Latino,Asian,,9.0,11.0,11.0,13.0,11.0,6.0,12.0,12.0,79.0,45.0,21.0,9.0,3.0,3.0,6.0,19.0,9.0,4.0,3.0,3.0,33.12,56,52,9.0,6.0,15.0,0.0,26.0,97.0,1.077777778,1.077777778,1.6,1.666666667,1.666666667,1.1111111,0.5,0.7142857143,1.0,0.9,0.666666667,21.0,13.0,8.0,223,124.0,71.0,9.0,19.0, e8169582,0.171875,-0.140625,0.703125,,,,,,,,,,,,,,,,,,,1,1.0,,,,,,,,,,,,,,,,0.000522,0.000528,0.000453,0.000505,0.000345,0.000348,0.000512,0.000536,0.000618,0.000626,0.000543,0.000597,0.000462,0.000473,0.000591,0.000621,0.000475,0.000479,0.0004075,0.0004585,0.0002865,0.0002855,0.000472,0.000494,0.000508,,,,,
1217,71.0,M,R,5/25/1952,English,19,Retired,"Raholazine, Rosuvastatin, Propraisolol, Prasugrel",C2C,Not Hispanic or Latino,White,Essential Tremors,5.0,11.0,10.0,11.0,12.0,4.0,12.0,12.0,73.0,35.0,21.0,7.0,7.0,5.0,2.0,15.0,6.0,7.0,1.0,1.0,30.42,65,49,11.0,6.0,15.0,0.0,30.0,75.0,0.83333333,0.83333333,0.9,0.5555555556,1.33333333,0.8888888889,0.5,0.2857142857,0.166666667,0.8,1.0,17.0,12.0,5.0,220,120.0,74.0,7.0,19.0, 76fbdd2b,0.21875,-0.28125,0.84375,,,,,,,,,,,,,,,,,,,1,1.0,,,,,,,,,,,,,,,,0.000515,0.000533,0.000448,0.000482,0.000388,0.000404,0.000502,0.000511,0.000605,0.000619,0.000556,0.0006,0.000513,0.000542,0.000611,0.000618,0.0004705,0.00049,0.0003935,0.000423,0.0003255,0.000335,0.0004475,0.0004585,0.000506,0.3125,4.375,2.4375,52.0,hj5kjg6x_1217
1218,79.0,F,R,12/10/1943,English,14,Office Administrator,"Benanzpril, Amloipine, Spironlatone",C2C,Not Hispanic or Latino,White,,10.0,13.0,12.0,13.0,14.0,8.0,12.0,12.0,86.0,25.0,14.0,8.0,3.0,3.0,0.0,12.0,11.0,0.0,1.0,0.0,35.34,82.34,57,8.0,5.0,15.0,0.0,26.0,6.0,0.06666667,0.06666667,0.1,0.0,0.0,0.0,0.1666667,0.0,0.0,0.0,0.33333,8.0,1.0,7.0,335,173.0,100.0,26.0,36.0,7f1426a6,0.46875,-0.53125,0.890625,,,,,,,,,,,,,,,,,,,,,,,,,,,,,,,,,,,,,,,,,,,,,,,,,,,,,,,,,,,,,,,,,
1219,86.0,M,R,8/1/1937,Cantonese,22,Retired Aerospace Engineer,"Thyroid pill, Prontonix, Flowmax",C2C,Not Hispanic or Latino,Asian,,5.0,9.0,10.0,12.0,11.0,4.0,8.0,10.0,65.0,45.0,15.0,8.0,3.0,2.0,2.0,4.0,1.0,1.0,1.0,1.0,29.28,81.65,52,9.0,4.0,13.0,3.0,25.0,13.0,0.144444444,0.144444444,0.4,0.1111111,0.0,0.11111,0.1666667,0.0,0.0,0.0,0.1666667,3.0,2.0,1.0,294,145.0,105.0,20.0,24.0,15d1ee11,-0.015625,-0.09375,0.65625,,,,,,,,,,,,,,,,,,,,,,,,,,,,,,,,,,,,,,,,,,,,,,,,,,,,,,,,,,,,,,,,,
1220,68.0,M,R,10/5/1954,English,23,Retired,No,Flyer,Not Hispanic or Latino,White,,8.0,11.0,13.0,12.0,13.0,6.0,11.0,14.0,82.0,44.0,17.0,6.0,5.0,3.0,2.0,17.0,6.0,5.0,3.0,2.0,22.53,75,47,11.0,8.0,14.0,0.0,29.0,23.0,0.25555556,0.25555556,0.7,0.222222,0.3333333,0.1111111,0.0,0.0,0.3333333,0.0,0.5,15.0,6.0,9.0,282,156.0,77.0,18.0,31.0,7173e41e,0.40625,-0.5,0.796875,-,4.0,-3.493133849,5.032945505,8.998331984,5.225118926,0.4801915993,0.5203298215,0.5513441976,0.06010397057,-1.879111301,-1.697002235,1,,,,,,,,,,,,,,,,,,,,,,,,,,,,,,,,,,,,,,,,,,,,,,,,,,,,
1221,75.0,M,R,6/22/1948,English,13,Real Estate Property Manager/Broker,"Blood thinner, Statin",C2C,Not Hispanic or Latino,White,,5.0,5.0,8.0,10.0,8.0,4.0,9.0,8.0,53.0,35.0,18.0,7.0,5.0,3.0,3.0,7.0,5.0,1.0,1.0,0.0,31.4,73.88,37,15.0,9.0,15.0,1.0,26.0,13.0,0.1444444444,0.1666666667,0.5,0.0,0.0,0.1111111111,0.0,0.0,0.1666666667,0.0,0.5,15.0,7.0,8.0,307,150.0,82.0,13.0,24.0,22a366e5,0.234375,-0.4375,0.875,,4.0,0.5644226572,6.405073643,8.077050277,5.228494438,0.5056411734,0.9548940628,0.5630583229,0.03578398459,-2.283274927,-1.327240962,,,,,,,1,1.0,,0.000501,0.000476,0.000399,0.000531,0.462401,0.525331,0.611078,0.619661,0.000412,0.000402,0.000368,0.000361,1.0,,0.000496,0.000507,0.000477,0.000474,0.000403,0.000399,0.000528,0.000537,0.000579,0.000598,0.000576,0.000591,0.000537,0.000533,0.000639,0.000636,0.0004545,0.0004605,0.000428,0.000415,0.0003365,0.0003325,0.000472,0.0004875,0.000492,0.0390625,9.953125,1.6171875,61.0,h9dvy1j8_1221
1222,74.0,F,R,6/14/1949,English,14,Retired CPA,Lisinopril,C2C,Not Hispanic or Latino,White,,8.0,8.0,9.0,10.0,9.0,6.0,6.0,6.0,56.0,53.0,19.0,6.0,5.0,2.0,6.0,15.0,6.0,4.0,2.0,3.0,42.65,87.19,42,9.0,7.0,12.0,0.0,26.0,17.0,0.1888888889,0.25,0.3,0.1111111111,0.25,0.3333333333,0.0,0.0,0.1666666667,0.1,0.3333333333,7.0,3.0,4.0,295,150.0,86.0,21.0,34.0,5aab0703,0.1875,-0.28125,0.8125,,,,,,,,,,,,,,,,,,,,1.0,,,,,,,,,,,,,,,,0.000491,0.000496,0.000442,0.000439,0.000317,0.000299,0.000515,0.000523,0.000578,0.00059,0.000534,0.000544,0.000428,0.000404,0.000611,0.000621,0.000447,0.0004485,0.0003955,0.000387,0.000262,0.000247,0.0004675,0.0004745,0.00048,,,,,
1223,77.0,F,R,2/9/1946,English,17,Retired,"Emeprozole, Vitamin B-12 and D, Seniormulti, Hydrochlorthiazide, Potassium Citrate, Levothyroxine, Liothyroxine",C2C,Not Hispanic or Latino,Causcasian,,6.0,12.0,13.0,13.0,15.0,6.0,15.0,15.0,89.0,35.0,19.0,6.0,8.0,2.0,3.0,17.0,8.0,1.0,2.0,6.0,15.12,42.15,57,13.0,9.0,15.0,2.0,27.0,8.0,0.08888888889,0.0,0.7,0.0,0.0,0.0,0.0,0.0,0.0,0.0,0.1666666667,7.0,2.0,5.0,250,128.0,74.0,13.0,32.0,297beb01,0.1875,-0.265625,0.78125,1,4.0,,,,,,,,,,,,,,,,,1,1.0,,0.000494,0.0005,0.00043,0.000585,0.610056,0.478689,0.728454,0.598855,0.000382,0.000408,0.000365,0.00037,1.0,,0.000491,0.000505,0.000508,0.00051,0.000428,0.000434,0.000587,0.000567,0.000592,0.000611,0.000628,0.000635,0.000542,0.000551,0.000695,0.000666,0.0004405,0.000453,0.000447,0.000448,0.000371,0.0003755,0.0005325,0.000517,0.000478,4.013671875,1.29296875,0.146484375,46.0,k8cxmmzv_1223
1224,67.0,F,R,3/5/1956,English,17,Retired,"Ezetimibe, Rosuvastatin",Email,Not Hispanic or Latino,Asian,,8.0,8.0,11.0,11.0,10.0,3.0,11.0,12.0,71.0,48.0,19.0,7.0,1.0,5.0,6.0,17.0,7.0,5.0,5.0,0.0,28.43,51.63,46,9.0,6.0,12.0,3.0,25.0,5.0,0.05555555556,0.0,0.3,0.0,0.0,0.1111111111,0.0,0.0,0.0,0.0,0.0,15.0,8.0,7.0,256,148.0,91.0,16.0,24.0,4fd505f8,0.015625,-0.15625,0.765625,,4.0,4.530132435,-2.134829177,8.956810334,5.26146862,0.6641600334,0.681266585,0.5585901251,0.03721910004,-1.394427716,-0.3774003035,,,,,,,1,1.0,1.0,0.000526,0.000501,0.000439,0.000544,0.542789,0.599379,0.592667,0.6192,0.000447,0.000374,0.000371,0.000374,1.0,1.0,0.000523,0.000526,0.000505,0.000503,0.000435,0.000445,0.000546,0.000547,0.000613,0.000622,0.000595,0.000615,0.000564,0.000568,0.000645,0.000645,0.0004785,0.000479,0.0004605,0.000446,0.0003695,0.000384,0.000497,0.000499,0.000515,9.1796875,0.859375,0.0703125,33.0,kn6ykq1q_1224
1225,66.0,F,R,11/16/1956,English,20,Retired Construction MGR,Donemab-Lily Clinical Drug Trial,Email (C2C),Not Hispanic or Latino,White,,9.0,9.0,11.0,11.0,11.0,7.0,12.0,13.0,76.0,56.0,20.0,9.0,5.0,5.0,1.0,21.0,7.0,6.0,5.0,3.0,16.28,39.85,64,10.0,9.0,15.0,0.0,29.0,15.0,0.1666666667,0.1666666667,0.2,0.0,0.08333333333,0.1111111111,0.0,0.0,0.0,0.2,0.8333333333,12.0,3.0,9.0,277,166.0,99.0,15.0,21.0,1d322384,0.609375,-0.5625,0.8125,7,2.0,2.769084329,0.8842295038,4.299907385,2.326489372,0.4443311665,0.650541768,0.6502007726,-0.0367399756,0.8094576077,-0.705497885,1,,,,,,,,,,,,,,,,,,,,,,,,,,,,,,,,,,,,,,,,,,,,,,,,,,,,
1226,83.0,F,R,4/6/1940,English,16,Retired,No,C2C,Not Hispanic or Latino,White,,6.0,7.0,8.0,7.0,9.0,5.0,4.0,7.0,48.0,55.0,22.0,10.0,6.0,3.0,3.0,18.0,8.0,4.0,3.0,3.0,34.44,63.75,57,11.0,8.0,14.0,4.0,25.0,6.0,0.06666666667,0.1666666667,0.2,0.0,0.0,0.0,0.0,0.0,0.0,0.0,0.3333333333,27.0,21.0,6.0,301,141.0,89.0,20.0,16.0,59e221a4,0.03125,-0.203125,0.671875,,4.0,-7.442159201,-2.022614237,10.11635957,5.342124068,0.5317447182,0.6642041452,0.5844759512,0.06810908581,-2.350599186,-2.989644234,,,,,,,1,1.0,1.0,0.000532,0.000538,0.000451,0.000571,0.538245,0.523831,0.595132,0.608484,0.00045,0.000393,0.0004,0.000402,1.0,1.0,0.00053,0.000533,0.000534,0.000538,0.000455,0.000449,0.000564,0.000556,0.000609,0.000612,0.000634,0.000645,0.000599,0.000584,0.000684,0.000664,0.00049,0.0004935,0.000483,0.0004845,0.0003825,0.000382,0.000504,0.0005025,0.000524,0.068359375,6.96484375,-1.845703125,31.0,rrnvde2l_1226
1227,65.0,F,R,5/1/1958,English,15,Administrative Manager,"Ropinirol, Funoserevide",Email,Not Hispanic or Latino,White,,6.0,11.0,12.0,14.0,15.0,4.0,13.0,14.0,85.0,63.0,24.0,9.0,6.0,2.0,7.0,24.0,10.0,8.0,3.0,3.0,24.03,54.59,50,11.0,7.0,15.0,0.0,29.0,24.0,0.2666666667,0.3333333333,0.6,0.1111111111,0.25,0.4444444444,0.1666666667,0.0,0.3333333333,0.0,0.5,21.0,6.0,15.0,297,148.0,90.0,18.0,37.0,29f4d7bd,0.3125,-0.28125,0.59375,,4.0,5.521124473,-3.37069621,8.033325095,5.00324934,0.6523033482,0.6776592317,0.5636946556,0.02429497704,-1.630836731,-2.431719561,,,,,,,1,1.0,1.0,0.000545,0.000531,0.000435,0.000566,0.613163,0.57205,0.566773,0.590416,0.000404,0.000397,0.000402,0.00038,1.0,1.0,0.000539,0.000551,0.000519,0.000545,0.00043,0.000438,0.000563,0.000575,0.000637,0.000653,0.000632,0.000649,0.00054,0.000548,0.000665,0.000675,0.000489,0.000501,0.0004625,0.0004935,0.0003755,0.0003835,0.000513,0.0005255,0.000529,0.1953125,0.390625,0.5859375,29.0,n665my03_1227
1228,77.0,F,R,6/24/1946,English,22,Retired Teacher,"Blood Pressure Olmesarta med-Benicar, metoprolol, anastrozole, heuothyroxine, rosuvastatin",Flyer,Not Hispanic or Latino,White,,4.0,8.0,9.0,7.0,9.0,3.0,6.0,5.0,48.0,18.0,10.0,5.0,0.0,4.0,1.0,14.0,4.0,2.0,4.0,4.0,34.78,67.68,29,8.0,4.0,13.0,3.0,24.0,42.0,0.4666666667,0.4166666667,0.9,0.4444444444,0.25,0.5555555556,0.0,0.7142857143,0.5,0.0,1.0,24.0,15.0,9.0,210,108.0,68.0,13.0,14.0,2a94b50a,0.0625,-0.0625,0.765625,,,,,,,,,,,,,,,,,,,,,,,,,,,,,,,,,,,,,,,,,,,,,,,,,,,,,,,,,,,,,,,,,
1229,80.0,F,R,9/20/1942,English,16,Retired,"medication for heart problems, Metoprolol, Rosuvastatin, Estradiol,",Flyer,Not Hispanic or Latino,White,,4.0,5.0,5.0,6.0,6.0,3.0,2.0,3.0,31.0,40.0,16.0,9.0,4.0,0.0,3.0,17.0,8.0,6.0,3.0,0.0,80.44,122.84,28,10.0,7.0,7.0,4.0,24.0,65.0,0.7222222222,0.6666666667,1.4,1.0,0.6666666667,0.5555555556,0.0,0.4285714286,0.0,0.2,2.166666667,22.0,14.0,8.0,290,124.0,77.0,17.0,53.0,430d5339,0.328125,-0.03125,0.03125,-,4.0,,,,,,,,,,,,,,,,,,,,,,,,,,,,,,,,,,,,,,,,,,,,,,,,,,,,,,,,,,,,,,,
1230,67.0,F,R,7/20/1956,English,23,Retired Teacher,"yes; atorvastatin, latansoprost, and a type of eyedrops",Flyer,Not Hispanic or Latino,White,Migranes,8.0,10.0,13.0,12.0,14.0,5.0,8.0,9.0,74.0,31.0,21.0,9.0,4.0,5.0,3.0,16.0,11.0,4.0,0.0,1.0,22.72,53.56,39,10.0,9.0,13.0,0.0,29.0,0.0,0.0,0.0,0.0,0.0,0.0,0.0,0.0,0.0,0.0,0.0,0.0,8.0,6.0,2.0,283,149.0,94.0,20.0,28.0,6a62415b,0.234375,-0.0625,0.640625,,,,,,,,,,,,,,,,,,,,,,,,,,,,,,,,,,,,,,,,,,,,,,,,,,,,,,,,,,,,,,,,,
1231,66.0,F,R,8/27/1957,English,16,RN,Statin QD (lipitor 10mgm),friend recommendation,Not Hispanic or Latino,White,Migranes,5.0,9.0,12.0,12.0,13.0,6.0,12.0,14.0,77.0,47.0,31.0,14.0,9.0,7.0,1.0,15.0,5.0,4.0,5.0,1.0,20.47,38.72,59,6.0,8.0,15.0,0.0,28.0,37.0,0.4111111111,0.3333333333,0.4,0.4444444444,0.3333333333,0.4444444444,0.3333333333,0.4285714286,0.3333333333,0.0,1.166666667,11.0,6.0,5.0,260,119.0,73.0,25.0,24.0,c348c179,0.140625,-0.265625,0.875,,4.0,-0.8365426521,-1.197083305,9.002999343,5.213475814,0.6184319618,0.6553484445,0.570372246,0.06927484463,-2.339997995,-3.244391715,,,,,,,1,1.0,,,,,,,,,,,,,,,,0.00055,0.000556,0.000508,0.000499,0.000422,0.000431,0.000547,0.000542,0.000648,0.000659,0.000615,0.000616,0.000549,0.000563,0.000643,0.000631,0.000501,0.0005045,0.0004545,0.00044,0.000359,0.000365,0.000499,0.000498,0.000542,1.5625,-0.125,0.1875,8.0,3ek4up2l_1231
1232,70.0,F,R,9/18/1953,English,14,Retired,Enhailant,C2C,Not Hispanic or Latino,White,,5.0,12.0,12.0,14.0,12.0,8.0,12.0,9.0,76.0,43.0,19.0,9.0,5.0,3.0,2.0,14.0,9.0,3.0,1.0,1.0,19.56,77.07,68,15.0,9.0,14.0,2.0,29.0,7.0,0.07777777778,0.1666666667,0.4,0.0,0.0,0.0,0.0,0.0,0.0,0.0,0.1666666667,11.0,2.0,9.0,330,166.0,101.0,19.0,20.0,d6a9450d,-0.015625,-0.046875,0.59375,1,2.0,-0.4035337562,4.180343492,0.185653763,2.367649752,0.5036887781,0.7081446027,0.6110673493,-0.002045008291,-0.8645969074,-1.957475154,1,,,,,,,,,,,,,,,,,,,,,,,,,,,,,,,,,,,,,,,,,,,,,,,,,,,,
1233,70.0,F,R,7/3/1953,English,17,Retired,yes; simuistatin,C2C,Not Hispanic or Latino,Asian,,6.0,11.0,15.0,14.0,14.0,5.0,12.0,10.0,82.0,25.0,21.0,9.0,5.0,3.0,4.0,17.0,7.0,5.0,3.0,2.0,22.31,66.38,33,11.0,6.0,13.0,0.0,25.0,12.0,0.1333333333,0.3333333333,0.1,0.0,0.3333333333,0.1111111111,0.0,0.0,0.0,0.0,0.3333333333,3.0,1.0,2.0,314,158.0,101.0,17.0,25.0,416f8f6e,0.109375,-0.296875,0.859375,,4.0,-8.110007591,6.393062636,9.539635547,5.147176604,0.5495108677,0.8861346182,0.5598160497,0.03785643624,-2.59014694,-3.082281081,,,,,,,,1.0,,,,,,,,,,,,,,,,0.000529,0.000531,0.00051,0.000512,0.000442,0.000455,0.000546,0.000563,0.000636,0.000636,0.00061,0.000622,0.000577,0.000591,0.000654,0.000668,0.000475,0.0004785,0.0004595,0.0004565,0.0003735,0.0003865,0.0004925,0.00051,0.000516,,,,,
1234,79.0,M,R,2/29/1944,English,19,Retired (Lawyer),"Timolol, Lipitor",C2C,Not Hispanic or Latino,White,Other: apraxia,4.0,6.0,8.0,10.0,10.0,2.0,11.0,8.0,57.0,27.0,12.0,5.0,5.0,2.0,0.0,14.0,5.0,5.0,3.0,1.0,68.75,149.59,34,4.0,3.0,13.0,0.0,20.0,11.0,0.1222222222,0.1666666667,0.3,0.0,0.0,0.0,0.1666666667,0.0,0.0,0.0,0.1666666667,7.0,2.0,5.0,118,47.0,32.0,12.0,16.0,7110eda4,0.0625,-0.140625,0.6875,,,,,,,,,,,,,,,,,,,,,,,,,,,,,,,,,,,,,,,,,,,,,,,,,,,,,,,,,,,,,,,,,
1235,78.0,F,R,8/4/1945,English,20,"writer, contract negotiator","hashimoto's thyroid(lerothroxin), gallantamine, bupropion",other participant,Not Hispanic or Latino,White,"Mild Cognitive Impairment, Traumatic Brain Injury",6.0,9.0,10.0,12.0,13.0,7.0,11.0,9.0,70.0,63.0,18.0,7.0,1.0,4.0,6.0,19.0,10.0,3.0,2.0,4.0,33.37,63.56,46,10.0,6.0,13.0,3.0,23.0,85.0,0.9444444444,0.3333333333,2.0,0.6666666667,1.0,0.6666666667,0.1666666667,0.8571428571,0.8333333333,0.6,2.166666667,12.0,2.0,10.0,195,115.0,87.0,6.0,18.0,ac1ab23d,0.0,-0.1875,0.84375,1,3.0,-7.078404319,2.854218036,4.297148416,2.701801621,0.4360280867,0.4425999631,0.5968625886,0.06132825573,-1.981195326,-1.378899631,,,,,,,,,,,,,,,,,,,,,,,,,,,,,,,,,,,,,,,,,,,,,,,,,,,,,
1236,65.0,F,R,12/27/1957,English,14,Retired,"Lexapro, Wellbutrin, Amlodipine",C2C,Not Hispanic or Latino,Unknown,,4.0,6.0,7.0,8.0,8.0,4.0,4.0,6.0,43.0,34.0,20.0,8.0,5.0,4.0,3.0,12.0,8.0,2.0,2.0,0.0,37.72,144,39,8.0,5.0,13.0,1.0,24.0,5.0,0.05555555556,0.05555555556,0.3,0.0,0.0,0.0,0.0,0.0,0.0,0.0,0.0,5.0,1.0,4.0,294,139.0,86.0,28.0,14.0,229be39e,-0.046875,-0.140625,0.65625,1,3.0,-2.083988603,0.8058805211,3.882740811,2.933470874,0.6097289296,0.7525390687,0.5797300162,0.09131360672,-2.6935074,-1.842283693,1,,,,,,,,,,,,,,,,,,,,,,,,,,,,,,,,,,,,,,,,,,,,,,,,,,,,
1237,74.0,F,R,2/6/1949,English,18,Retired teacher,"Diltiazen (SVT), Crestor (cholesterol) ",Friend,Not Hispanic or Latino,White,,6.0,8.0,9.0,11.0,10.0,3.0,7.0,10.0,61.0,30.0,22.0,9.0,7.0,1.0,5.0,16.0,9.0,4.0,3.0,0.0,40.56,55.43,34,13.0,11.0,11.0,2.0,24.0,10.0,0.1111111111,0.4166666667,0.1,0.0,0.08333333333,0.0,0.0,0.0,0.0,0.0,0.0,7.0,3.0,4.0,316,167.0,102.0,21.0,40.0,757578fb,,,,,,,,,,,,,,,,,,,,,,,,,,,,,,,,,,,,,,,,,,,,,,,,,,,,,,,,,,,,,,,,,,,,
1239,58.0,F,R,03/24/1965,English,15,Retired,"Remicade infusions every 28 days, thysoid pills",C2C,Not Hispanic or Latino,Caucasian,Mild cognitive impairment,6.0,6.0,7.0,8.0,8.0,7.0,4.0,5.0,44.0,38.0,14.0,7.0,5.0,1.0,1.0,17.0,9.0,2.0,3.0,3.0,21.18,53.25,41,9.0,8.0,12.0,1.0,25.0,64.0,0.7111111111,0.5,2.1,1.444444444,0.5833333333,0.6666666667,0.0,0.4285714286,0.1666666667,0.2,0.5,26.0,17.0,9.0,253,121.0,73.0,12.0,12.0,c60d81f3,,,,1,2.0,,,,,,,,,,,-,,,,,,1,,,,,,,,,,,,,,,,,,,,,,,,,,,,,,,,,,,,,,,,,,0.234375,2.78125,1.921875,51.0,lkzt96wc_1239
1240,71.0,F,R,04/29/1952,English,15,Retired Secretary,"Statin, Prozac Anxiety + Depression, Welbrutin",C2C,Not Hispanic or Latino,Caucasian,"Traumatic Brain Injury (TBI), Vertigo",7.0,10.0,13.0,11.0,11.0,6.0,8.0,11.0,71.0,52.0,11.0,6.0,3.0,1.0,1.0,11.0,7.0,2.0,0.0,2.0,28.94,133.75,40,8.0,6.0,14.0,0.0,27.0,68.0,0.7555555556,0.3333333333,1.5,1.111111111,1.0,0.8888888889,0.1666666667,0.5714285714,0.3333333333,0.2,0.8333333333,15.0,9.0,6.0,181,93.0,69.0,13.0,20.0,042338d4,,,,1,3.0,,,,,,,,,,,-,,,,,,1,,,,,,,,,,,,,,,,,,,,,,,,,,,,,,,,,,,,,,,,,,0.0390625,9.953125,1.6171875,25.0,46q190jx_1240
1241,77.0,F,R,4/2/1946,English,16+,Retired Computer Scientist,"Lisinopril BP, Lipitor, Singulair",C2C - Phone,Not Hispanic or Latino,More Than One Race,,7.0,10.0,13.0,12.0,13.0,3.0,13.0,10.0,78.0,51.0,25.0,10.0,4.0,4.0,7.0,8.0,4.0,0.0,3.0,1.0,28.43,46.81,43,8.0,7.0,13.0,0.0,29.0,25.0,0.2777777778,0.1666666667,0.3,0.3333333333,0.3333333333,0.1111111111,0.3333333333,0.5714285714,0.1666666667,0.1,0.5,17.0,11.0,6.0,325,167.0,102.0,23.0,34.0,435dda8a,,,,1,3.0,,,,,,,,,,,-,,,,,,1,,,,,,,,,,,,,,,,,,,,,,,,,,,,,,,,,,,,,,,,,,4.736328125,-0.13671875,0.041015625,27.0,qvthtn1f_1241
1242,77.0,M,R,09/13/1946,English,16,Entrepeneur,No,C2C,Not Hispanic or Latino,Caucasian,none,6.0,8.0,10.0,12.0,12.0,6.0,10.0,9.0,67.0,31.0,14.0,5.0,5.0,2.0,2.0,9.0,5.0,1.0,2.0,1.0,27.59,70.62,40,11.0,11.0,11.0,0.0,21.0,209.0,2.322222222,2.666666667,2.0,2.222222222,2.25,2.666666667,2.833333333,2.428571429,1.833333333,2.0,2.166666667,16.0,9.0,7.0,321,151.0,92.0,30.0,34.0,beebbcfb,0.0,-0.109375,,1,3.0,,,,,,,,,,,-,,,,,,1,,,,,,,,,,,,,,,,,,,,,,,,,,,,,,,,,,,,,,,,,,8.92578125,6.0859375,-2.51953125,0.0,13bd6k89_1242
1247,82.0,F,R,12/13/1941,English,,Retired Sales,"ramipril, synthroid, tambocor, altace",C2C,Not Hispanic or Latino,Caucasian,"Mild Cognitive Impairment, Unknown Dementia, Transient Ischemic Attack",4.0,6.0,3.0,8.0,11.0,4.0,5.0,1.0,38.0,34.0,15.0,5.0,5.0,2.0,3.0,11.0,5.0,1.0,3.0,2.0,40.81,117.16,42,8.0,6.0,12.0,1.0,22.0,29.0,0.3222222222,0.4166666667,0.8,0.3333333333,0.25,0.0,0.0,0.0,0.0,0.2,0.8333333333,14.0,10.0,4.0,282,136.0,83.0,20.0,14.0,36dff957,,,,,,,,,,,,,,,,,,,,,,-,,,,,,,,,,,,,,,,,,,,,,,,,,,,,,,,,,,,,,,,,,8.583984375,0.12109375,0.169921875,4.0,73q5h0p1_1247
1248,81.0,F,R,12/26/1943,English,14,Retired University Associate Professor,Small dosage for slight high blood pressure and cholesterol,C2C (Phone call),Not Hispanic or Latino,Caucasian,,6.0,8.0,10.0,11.0,11.0,3.0,8.0,10.0,64.0,52.0,10.0,5.0,1.0,3.0,1.0,11.0,5.0,6.0,0.0,0.0,58.91,120.53,27,8.0,7.0,14.0,1.0,25.0,1.0,0.01111111111,0.0,0.1,0.0,0.0,0.0,0.0,0.0,0.0,0.0,0.0,3.0,3.0,0.0,400,191.0,122.0,25.0,32.0,e114de9e,,,,,,,,,,,,,,,,,,,,,,,,,,,,,,,,,,,,,,,,,,,,,,,,,,,,,,,,,,,,,,,,,,,,
3001,,,,,,,,,,,,,,,,,,,,,,,,,,,,,,,,,,,,,,,,,,,,,,,,,,,,,,,,,,,,,,,,,,,,,,,,,,,,,1,,,,,,,,,,,,,,,,,,,,,,,,,,,,,,,,,,,,,,,,,,,,,,,,,,,,
5001,,,,,,,,,,,,,,,,,,,,,,,,,,,,,,,,,,,,,,,,,,,,,,,,,,,,,,,,,,,,, 7b61dec0,0.359375,-0.40625,,,,,,,,,,,,,,,,,,,,,,,,,,,,,,,,,,,,,,,,,,,,,,,,,,,,,,,,,,,,,,,,,,
5002,,,,,,,,,,,,,,,,,,,,,,,,,,,,,,,,,,,,,,,,,,,,,,,,,,,,,,,,,,,,, f97bd3e4,0.625,-0.65625,,,,,,,,,,,,,,,,,,,,1,,,,,,,,,,,,,,,,,,,,,,,,,,,,,,,,,,,,,,,,,,2.197265625,-0.83984375,0.111328125,45.0,de0abd17_5002
5003,,,,,,,,,,,,,,,,,,,,,,,,,,,,,,,,,,,,,,,,,,,,,,,,,,,,,,,,,,,,, ac826cb6,0.453125,-0.546875,,,,,,,,,,,,,,,,,,,,,,,,,,,,,,,,,,,,,,,,,,,,,,,,,,,,,,,,,,,,,,,,,,
5004,,,,,,,,,,,,,,,,,,,,,,,,,,,,,,,,,,,,,,,,,,,,,,,,,,,,,,,,,,,,, 0a37d2dc,0.296875,-0.296875,,,,,,,,,,,,,,,,,,,,,,,,,,,,,,,,,,,,,,,,,,,,,,,,,,,,,,,,,,,,,,,,,,
5005,,,,,,,,,,,,,,,,,,,,,,,,,,,,,,,,,,,,,,,,,,,,,,,,,,,,,,,,,,,,, 8aba9e5b,0.375,-0.390625,,,,,,,,,,,,,,,,,,,,,,,,,,,,,,,,,,,,,,,,,,,,,,,,,,,,,,,,,,,,,,,,,,
5006,,,,,,,,,,,,,,,,,,,,,,,,,,,,,,,,,,,,,,,,,,,,,,,,,,,,,,,,,,,,, 5de34098,0.6875,-0.671875,,,,,,,,,,,,,,,,,,,,1,,,,,,,,,,,,,,,,,,,,,,,,,,,,,,,,,,,,,,,,,,3.92578125,0.0859375,0.48046875,38.0,0bpnzohg_5006
5007,,,,,,,,,,,,,,,,,,,,,,,,,,,,,,,,,,,,,,,,,,,,,,,,,,,,,,,,,,,,, e3086178 ,0.671875,-0.59375,,1,2.0,,,,,,,,,,,,,,,,,1,,,,,,,,,,,,,,,,,,,,,,,,,,,,,,,,,,,,,,,,,,4.013671875,1.29296875,0.146484375,26.0,5hcf1hr0_5007
5008,,,,,,,,,,,,,,,,,,,,,,,,,,,,,,,,,,,,,,,,,,,,,,,,,,,,,,,,,,,,, 1e86f923,0.53125,-0.53125,,,,,,,,,,,,,,,,,,,,,,,,,,,,,,,,,,,,,,,,,,,,,,,,,,,,,,,,,,,,,,,,,,
5009,19.0,F,R,8/9/2004,Chinese,15,Student,No,Discord,Not Hispanic or Latino,Asian,,13.0,14.0,15.0,15.0,15.0,12.0,15.0,15.0,102.0,43.0,22.0,7.0,4.0,5.0,6.0,16.0,7.0,4.0,2.0,3.0,13.72,39.69,65,7.0,4.0,15.0,0.0,28.0,169.0,1.877777778,1.083333333,2.0,2.555555556,2.333333333,1.444444444,1.166666667,2.142857143,2.333333333,1.9,1.0,26.0,18.0,8.0,265,103.0,62.0,26.0,32.0, 3ebcceec,0.1875,-0.390625,,,,,,,,,,,,,,,,,,,,1,,,,,,,,,,,,,,,,,,,,,,,,,,,,,,,,,,,,,,,,,,4.765625,6.34375,-0.984375,74.0,vnee87wr_5009
5010,,,,,,,,,,,,,,,,,,,,,,,,,,,,,,,,,,,,,,,,,,,,,,,,,,,,,,,,,,,,,29947374,0.5625,-0.5625,,,,,,,,,,,,,,,,,,,,,,,,,,,,,,,,,,,,,,,,,,,,,,,,,,,,,,,,,,,,,,,,,,
5011,,,,,,,,,,,,,,,,,,,,,,,,,,,,,,,,,,,,,,,,,,,,,,,,,,,,,,,,,,,,, 0c24fb1a,0.515625,-0.4375,,,,,,,,,,,,,,,,,,,,,,,,,,,,,,,,,,,,,,,,,,,,,,,,,,,,,,,,,,,,,,,,,,
5012,21.0,F,R,11/15/2001,English,15,Student,No,Reddit,Not Hispanic or Latino,Asian,,13.0,14.0,15.0,15.0,15.0,14.0,15.0,15.0,102.0,39.0,27.0,8.0,7.0,3.0,9.0,22.0,8.0,5.0,7.0,2.0,20.72,49,58,12.0,6.0,15.0,0.0,30.0,40.0,0.4444444444,0.4444444444,1.3,0.3333333333,0.9166666667,0.2222222222,0.1666666667,0.0,0.0,0.1,0.833333333,36.0,22.0,14.0,227,115.0,65.0,22.0,25.0, 1894044b,0.296875,-0.34375,0.921875,1,2.0,1.677327923,-1.84621227,3.920797799,2.174413167,0.3446441282,0.5446725778,0.6999181113,0.01132621154,0.8606440852,-2.018091516,1,,,,,,1,,,,,,,,,,,,,,,,,,,,,,,,,,,,,,,,,,,,,,,,,,0.126953125,5.01953125,2.056640625,39.0,8z5fp0xs_5012
5013,,,,,,,,,,,,,,,,,,,,,,,,,,,,,,,,,,,,,,,,,,,,,,,,,,,,,,,,,,,,, 861cd866,0.453125,-0.578125,,,,,,,,,,,,,,,,,,,,,,,,,,,,,,,,,,,,,,,,,,,,,,,,,,,,,,,,,,,,,,,,,,
5014,,,,,,,,,,,,,,,,,,,,,,,,,,,,,,,,,,,,,,,,,,,,,,,,,,,,,,,,,,,,, 5cea4787,0.6875,-0.625,,,,,,,,,,,,,,,,,,,,,,,,,,,,,,,,,,,,,,,,,,,,,,,,,,,,,,,,,,,,,,,,,,
5015,,,,,,,,,,,,,,,,,,,,,,,,,,,,,,,,,,,,,,,,,,,,,,,,,,,,,,,,,,,,, 95cde898 ,-0.046875,-0.21875,,,,,,,,,,,,,,,,,,,,,,,,,,,,,,,,,,,,,,,,,,,,,,,,,,,,,,,,,,,,,,,,,,
5016,,,,,,,,,,,,,,,,,,,,,,,,,,,,,,,,,,,,,,,,,,,,,,,,,,,,,,,,,,,,, c5f9eb3f,0.578125,-0.5,,,,,,,,,,,,,,,,,,,,1,,,,,,,,,,,,,,,,,,,,,,,,,,,,,,,,,,,,,,,,,,9.1796875,0.859375,0.0703125,47.0,8vbz53be_5016
5018,20.0,F,L,6/18/2003,Japanese and English,15,Student,No,Lab,Not Hispanic or Latino,Asian,,13.0,15.0,13.0,13.0,15.0,11.0,15.0,10.0,94.0,57.0,29.0,11.0,5.0,8.0,5.0,24.0,8.0,7.0,7.0,2.0,13.06,24.87,83,15.0,10.0,10.0,0.0,30.0,82.0,0.9111111111,0.75,1.2,1.888888889,1.0,0.6666666667,0.3333333333,0.5714285714,1.166666667,0.4,1.166666667,28.0,18.0,10.0,186,83.0,73.0,29.0,8.0, 9d0ad079,0.546875,-0.609375,,1,2.0,1.447256274,1.865109881,5.265630355,3.207215887,0.3051261686,0.4537837312,0.7432786204,-0.06649192406,0.8545126137,-1.010648425,,,,,,,,1.0,,,,,,,,,,,,,,,,,,,,,,,,,,,,,,,,,,,,,,,,,0.1953125,0.390625,0.5859375,40.0,h9m4w2kp_5018
5019,,,,,,,,,,,,,,,,,,,,,,,,,,,,,,,,,,,,,,,,,,,,,,,,,,,,,,,,,,,,,,,,,1,2.0,,,,,,,,,,,,,,,,,,,,,,,,,,,,,,,,,,,,,,,,,,,,,,,,,,,,,,,,,,,,,,,
5020,,,,,,,,,,,,,,,,,,,,,,,,,,,,,,,,,,,,,,,,,,,,,,,,,,,,,,,,,,,,,,,,,1,3.0,,,,,,,,,,,,,,,,,,,,,,,,,,,,,,,,,,,,,,,,,,,,,,,,,,,,,,,,,,,,,,,
5021,19.0,F,R,9/12/2003,English,14,Student,,Flyer from school,Not Hispanic or Latino,Asian,,8.0,11.0,11.0,14.0,15.0,7.0,15.0,9.0,83.0,33.0,29.0,11.0,10.0,5.0,4.0,22.0,9.0,6.0,4.0,3.0,32.5,44.31,62,11.0,7.0,15.0,0.0,30.0,30.0,0.3333333333,0.3333333333,0.5,0.2222222222,0.5833333333,0.1111111111,0.1666666667,0.1428571429,0.5,0.6666666667,0.6666666667,23.0,6.0,17.0,330,187.0,93.0,27.0,23.0, 7093f621,0.390625,-0.4375,0.8125,1,2.0,1.486789753,1.702230517,5.528549005,2.577382034,0.3562968014,0.5058558063,0.5915951115,0.03446852177,-0.1092718808,-0.6687256404,,,,,,,,,,,,,,,,,,,,,,,,,,,,,,,,,,,,,,,,,,,,,,,,,,,,,
5022,19.0,F,L,11/19/2003,English,14,Student/Part-time Usher+production Manager,Allergy medication,Reddit,Not Hispanic or Latino,African American,,10.0,12.0,13.0,15.0,15.0,6.0,15.0,13.0,93.0,45.0,26.0,13.0,2.0,4.0,7.0,12.0,5.0,3.0,3.0,1.0,37.94,166,75,14.0,9.0,15.0,0.0,30.0,62.0,0.688888889,0.688888889,1.8,1.0,0.91666667,0.22222222,0.0,0.0,0.0,0.4,1.1666667,23.0,15.0,8.0,260,134.0,74.0,24.0,28.0,1e587263,0.5625,-0.703125,0.953125,-,2.0,1.649797107,-0.4797805909,2.640012336,1.748589236,0.3936287618,0.468822975,0.5721113545,-0.03299355496,0.7989569388,-1.621147564,,,,,,,,,,,,,,,,,,,,,,,,,,,,,,,,,,,,,,,,,,,,,,,,,,,,,
5023,20.0,M,R,6/15/2002,English,13,Full-time Student,I have not been taking medication,I was referred to this experiment by a friend,Not Hispanic or Latino,Asian,,7.0,11.0,10.0,11.0,11.0,6.0,12.0,7.0,69.0,45.0,23.0,6.0,8.0,6.0,3.0,12.0,5.0,3.0,3.0,1.0,14.96,41.79,73,13.0,11.0,12.0,0.0,29.0,43.0,0.4777777778,0.4777777778,0.8,0.3333333333,0.9166666667,0.1111111111,0.5,0.1428571429,0.5,0.6,0.1666666667,18.0,9.0,9.0,284,176.0,60.0,25.0,23.0, 07e9caa5 ,0.515625,-0.5625,0.890625,1,3.0,5.474734168,1.487434818,4.602221405,3.736127532,0.3803916091,0.4565898464,0.5746564253,0.07998320612,-0.3338523889,-2.409981408,,,,,,,,,,,,,,,,,,,,,,,,,,,,,,,,,,,,,,,,,,,,,,,,,,,,,
5024,19.0,F,R,9/6/2003,English,13,Student,,Reddit,Not Hispanic or Latino,Unknown,,6.0,8.0,8.0,9.0,13.0,5.0,7.0,4.0,55.0,46.0,13.0,15.0,2.0,,,15.0,15.0,2.0,0.0,0.0,17.09,49.35,56,12.0,5.0,13.0,2.0,21.0,48.0,0.5333333333,0.5333333333,1.4,0.2222222222,0.8333333333,0.2222222222,0.5,0.1428571429,0.0,0.3,1.0,11.0,5.0,6.0,231,107.0,74.0,26.0,24.0, 9c245dd3 ,0.375,-0.484375,0.78125,1,3.0,-4.600013333,1.15685085,3.970351917,2.861047917,0.3619630753,0.4652743578,0.5848942231,0.06400059554,-2.158980743,-2.23121976,,,,,,,,,,,,,,,,,,,,,,,,,,,,,,,,,,,,,,,,,,,,,,,,,,,,,
5025,18.0,F,R,3/13/2004,English,14,Student,fluoxitine 10mg for depression +birth control,Reddit,Not Hispanic or Latino,White,,7.0,7.0,9.0,10.0,9.0,10.0,8.0,9.0,59.0,29.0,25.0,7.0,7.0,6.0,5.0,18.0,7.0,5.0,2.0,4.0,18.06,72:09:00,62,11.0,9.0,14.0,1.0,27.0,40.0,0.44,0.44,1.0,0.44,0.33,0.44,0.0,0.43,0.33,0.3,0.67,25.0,14.0,11.0,203,108.0,65.0,17.0,13.0, ac6075bd,0.375,-0.375,0.734375,1,3.0,-5.962706979,-6.329334471,3.475171152,2.995628095,0.395820034,0.3831974234,0.5777469907,0.06856989371,-2.105196809,-1.898811921,1,,,,,,1,,,,,,,,,,,,,,,,,,,,,,,,,,,,,,,,,,,,,,,,,,0.1953125,0.390625,0.5859375,3.0,jne4jc9d_5025
5026,20.0,F,R,6/30/2002,English,14,Student,,friend recommendation,Not Hispanic or Latino,More Than One Race,,8.0,12.0,10.0,12.0,14.0,8.0,10.0,10.0,76.0,34.0,19.0,7.0,6.0,4.0,2.0,12.0,5.0,2.0,3.0,2.0,16.34,30.1,62,12.0,7.0,14.0,0.0,29.0,6.0,0.06666666667,0.06666666667,0.2,0.0,0.08333333333,0.0,0.0,0.0,0.0,0.0,0.0,17.0,11.0,6.0,309,168.0,88.0,28.0,25.0, 124e0f9a,0.296875,-0.390625,0.875,1,3.0,-6.857588761,5.395390942,4.669255825,1.978343066,0.3499730785,0.4308672269,0.5726069808,0.06770501942,1.557477645,-2.627165258,,,,,,,,,,,,,,,,,,,,,,,,,,,,,,,,,,,,,,,,,,,,,,,,,,,,,
5027,21.0,M,L,7/3/2001,Mandarin,15,Student,No,Reddit,Not Hispanic or Latino,Asian,,8.0,10.0,14.0,11.0,14.0,6.0,12.0,13.0,82.0,44.0,19.0,11.0,2.0,2.0,4.0,19.0,7.0,4.0,2.0,6.0,14.84,22.57,60,14.0,11.0,15.0,0.0,28.0,0.0,0.0,0.0,0.0,0.0,0.0,0.0,0.0,0.0,0.0,0.0,0.0,27.0,12.0,15.0,227,119.0,51.0,25.0,32.0, 67b1a89f,-0.046875,-0.265625,0.609375,1,2.0,-0.3866299506,1.340850204,4.554718323,2.188854588,0.3681411112,0.5408145764,0.592471506,-0.01093718137,1.06366402,-0.9759138501,,,,,,,,,,,,,,,,,,,,,,,,,,,,,,,,,,,,,,,,,,,,,,,,,,,,,
5028,22.0,F,R,9/18/2000,English,17,Student,,online,Not Hispanic or Latino,Asian,,7.0,9.0,11.0,12.0,13.0,7.0,11.0,10.0,73.0,45.0,25.0,8.0,7.0,5.0,5.0,20.0,7.0,7.0,5.0,1.0,14.69,34,78,13.0,11.0,15.0,2.0,26.0,19.0,0.21,0.21,0.5,0.44,0.08,0.22,0.0,0.29,0.16,0.0,0.0,20.0,9.0,11.0,249,141.0,76.0,14.0,18.0, b689697d,0.28125,-0.1875,0.59375,1,3.0,-7.699308521,0.6420977168,4.09849739,2.960989412,0.4024013532,0.4282610089,0.5816608351,0.09897902035,1.741558453,-1.826133489,,,,,,,,,,,,,,,,,,,,,,,,,,,,,,,,,,,,,,,,,,,,,,,,,,,,,
5029,20.0,F,R,11/29/2002,English,15,Student,Birth Control,Email,Not Hispanic or Latino,White,,7.0,11.0,12.0,12.0,13.0,6.0,12.0,11.0,78.0,40.0,26.0,10.0,9.0,4.0,3.0,17.0,9.0,2.0,4.0,2.0,13.41,29.14,83,10.0,6.0,15.0,0.0,30.0,13.0,0.1444444444,0.1444444444,0.3,0.2222222222,0.0833333333,0.0,0.1666666667,0.0,0.0,0.0,0.0,17.0,9.0,8.0,290,161.0,90.0,25.0,14.0, 92ed4ef3,0.40625,-0.5,0.90625,,,,,,,,,,,,,,,,,,,,,,,,,,,,,,,,,,,,,,,,,,,,,,,,,,,,,,,,,,,,,,,,,
5030,19.0,M,R,2/15/2004,English,13,Student,No,department email newsletter (UCI),Not Hispanic or Latino,Asian,,7.0,10.0,12.0,12.0,13.0,8.0,14.0,13.0,81.0,27.0,17.0,9.0,5.0,1.0,2.0,12.0,5.0,3.0,2.0,2.0,15.12,40.56,67,12.0,11.0,15.0,9.0,25.0,20.0,0.2222222222,0.2222222222,0.8,0.1111111111,0.08333333333,0.2222222222,0.0,0.0,0.0,0.1,0.5,10.0,7.0,3.0,278,154.0,82.0,23.0,19.0, b791c26d,0.546875,-0.59375,0.828125,1,2.0,0.4859177811,-0.1928283215,4.115980365,2.033807098,0.4035705449,0.4466962975,0.8585937739,-0.01675267734,2.326882353,-3.256319748,,,,,,,,,,,,,,,,,,,,,,,,,,,,,,,,,,,,,,,,,,,,,,,,,,,,,
5031,18.0,F,R,9/23/2004,English,13,Dining Hall Worker,"medication for eczema and acne, dupixent and Accutane",flyer,Hispanic or Latino,White,,5.0,12.0,13.0,13.0,11.0,4.0,11.0,10.0,75.0,35.0,23.0,8.0,6.0,6.0,3.0,17.0,10.0,3.0,3.0,1.0,22.21,106.85,51,9.0,5.0,13.0,0.0,30.0,13.0,0.14,0.14,0.1,0.44,0.08,0.0,0.17,0.0,0.0,0.1,0.17,24.0,10.0,14.0,269,155.0,68.0,23.0,23.0, 24f5f8f0,0.453125,-0.421875,0.765625,1,3.0,-2.278219266,1.64417598,4.341048955,2.651795066,0.3375625914,0.5086857836,0.5738547786,0.08140478991,-1.735505911,-1.699104859,,,,,,,,,,,,,,,,,,,,,,,,,,,,,,,,,,,,,,,,,,,,,,,,,,,,,
5032,21.0,F,R,8/28/2001,English,16,,,"Email, friend",Not Hispanic or Latino,Asian,,6.0,8.0,13.0,12.0,14.0,6.0,14.0,13.0,80.0,32.0,25.0,10.0,7.0,5.0,3.0,17.0,10.0,5.0,1.0,1.0,20.19,39.97,68,11.0,6.0,15.0,0.0,29.0,21.0,0.2333333333,0.2333333333,0.5,0.1111111111,0.5833333333,0.1111111111,0.1666666667,0.1428571429,0.0,0.0,0.0,21.0,18.0,3.0,250,127.0,68.0,24.0,31.0, 39c4be3c ,0.40625,-0.40625,0.78125,,,,,,,,,,,,,,,,,,,,,,,,,,,,,,,,,,,,,,,,,,,,,,,,,,,,,,,,,,,,,,,,,
5033,18.0,F,R,5/31/2004,"English, Spanish",13,Student,,CSA meeting,Hispanic or Latino,More Than One Race,"Other: general anxiety, panic disorder",7.0,9.0,14.0,14.0,14.0,6.0,14.0,11.0,83.0,38.0,0.0,,,,,15.0,6.0,4.0,3.0,2.0,28.19,51.25,65,12.0,7.0,14.0,0.0,29.0,78.0,0.87,0.87,1.4,0.78,1.0,2.11,0.5,0.71,0.5,0.1,1.33,27.0,16.0,11.0,233,138.0,54.0,25.0,16.0, 5eeaddbc,0.5625,-0.5,0.78125,1,3.0,-3.279406617,-14.16152523,4.554770344,2.659145135,0.8769409645,0.6688747056,0.569169507,0.06567326003,-0.6065411714,-1.833734777,,,,,,,,,,,,,,,,,,,,,,,,,,,,,,,,,,,,,,,,,,,,,,,,,,,,,
5034,22.0,F,R,1/4/2001,English,16,Student,No,Online post on UCI reddit page,Not Hispanic or Latino,Asian,,8.0,9.0,14.0,14.0,15.0,7.0,13.0,15.0,88.0,53.0,23.0,10.0,7.0,3.0,3.0,15.0,7.0,1.0,5.0,2.0,11.4,34.5,80,11.0,7.0,15.0,0.0,28.0,45.0,0.5,0.5,0.7,0.2222222222,1.166666667,0.7777777778,0.3333333333,0.0,0.6666666667,0.0,0.3333333333,16.0,7.0,9.0,328,175.0,111.0,28.0,14.0, 9848d554,0.390625,-0.4375,0.828125,1,2.0,2.404481395,2.911109447,6.354282111,2.370609521,0.3524083875,0.4591858218,0.6831655748,0.04688865021,2.216993987,-2.236905608,,,,,,,,,,,,,,,,,,,,,,,,,,,,,,,,,,,,,,,,,,,,,,,,,,,,,
5035,19.0,F,R,8/27/2003,English,16,Student,No,reddit,Not Hispanic or Latino,African American,,6.0,9.0,9.0,12.0,14.0,5.0,10.0,9.0,69.0,38.0,21.0,9.0,4.0,4.0,4.0,18.0,6.0,4.0,4.0,4.0,22.85,56.28,57,12.0,6.0,14.0,2.0,27.0,10.0,0.1111111111,0.1111111111,0.4,0.0,0.25,0.0,0.0,0.0,0.0,0.0,0.0,24.0,10.0,14.0,248,136.0,68.0,16.0,28.0, 290ae578,0.65625,-0.671875,0.859375,1,2.0,0.06534347367,-0.5704522116,6.363284102,2.842724266,0.4051175373,0.5080295671,0.5447782145,-0.02380815252,0.245052166,-2.535595098,,,,,,,,,,,,,,,,,,,,,,,,,,,,,,,,,,,,,,,,,,,,,,,,,,,,,
5036,19.0,F,R,10/30/2003,English,15,Student,No,Reddit/Email,Not Hispanic or Latino,More Than One Race,,8.0,12.0,11.0,13.0,14.0,9.0,14.0,15.0,87.0,44.0,24.0,11.0,7.0,4.0,2.0,19.0,11.0,4.0,4.0,0.0,11.31,32.6,74,15.0,8.0,15.0,0.0,30.0,74.0,0.8222222222,0.8222222222,1.5,1.0,1.583333333,0.7777777778,1.0,0.2857142857,0.0,0.3,0.5,26.0,9.0,17.0,293,146.0,106.0,12.0,29.0, d81d94c6,0.484375,-0.4375,0.78125,1,3.0,0.1284766921,-0.2414996369,4.380290056,3.297820398,0.4192399462,0.4698502219,0.5672862309,0.114892853,-0.08343968087,-2.568793566,,,,,,,,,,,,,,,,,,,,,,,,,,,,,,,,,,,,,,,,,,,,,,,,,,,,,
5037,20.0,M,R,1/8/2003,English,13,Bus Operator,No,Reddit,Hispanic or Latino,More Than One Race,,7.0,9.0,12.0,14.0,15.0,6.0,14.0,13.0,84.0,45.0,15.0,6.0,4.0,3.0,2.0,13.0,7.0,1.0,3.0,2.0,19.15,32.65,73,11.0,6.0,14.0,1.0,29.0,60.0,0.6666666667,0.6666666667,0.7,1.333333333,0.75,0.5555555556,0.3333333333,0.0,0.6666666667,0.0,0.8333333333,29.0,12.0,17.0,264,140.0,59.0,25.0,40.0, a71fd980,0.53125,-0.640625,0.96875,1,2.0,2.967484286,0.2381129081,6.015434873,2.772022635,0.3890596072,0.4890460697,0.5302124192,-0.06774136183,0.4865374803,-3.06542696,,,,,,,,,,,,,,,,,,,,,,,,,,,,,,,,,,,,,,,,,,,,,,,,,,,,,
5038,22.0,F,R,7/4/2000,English,14,Student,No,Flyer on campus,Hispanic or Latino,More Than One Race,,6.0,10.0,12.0,14.0,13.0,6.0,12.0,12.0,79.0,47.0,24.0,8.0,8.0,6.0,2.0,16.0,7.0,5.0,3.0,1.0,18.94,41.06,66,9.0,9.0,15.0,0.0,29.0,52.0,0.5777777778,0.5777777778,1.6,0.7777777778,0.9166666667,0.7777777778,0.0,0.0,0.0,0.1,0.5,27.0,13.0,14.0,246,138.0,61.0,19.0,28.0, fecbfc1d,0.390625,-0.328125,0.453125,1,3.0,-0.3023328405,-1.143170196,4.340764186,2.558699648,0.4233256903,0.4952026941,0.5824217796,0.0620401154,-1.837770822,-1.890511641,1,,,,,,,,,,,,,,,,,,,,,,,,,,,,,,,,,,,,,,,,,,,,,,,,0.0390625,9.953125,1.6171875,5.0,8f39gw7n_5038
5039,23.0,F,R,1/12/2000,English,16,Full-time Student,Levothyroxine (thyroid medication),reddit,Not Hispanic or Latino,Asian,,8.0,8.0,14.0,14.0,14.0,7.0,15.0,15.0,88.0,61.0,27.0,,,,,20.0,,,,,21.41,43.49,72,14.0,10.0,15.0,0.0,27.0,33.0,0.3666666667,0.3666666667,1.1,0.4444444444,0.5833333333,0.3333333333,0.3333333333,0.0,0.0,0.1,0.0,16.0,7.0,9.0,237,122.0,73.0,23.0,19.0, 3abb2c70,0.359375,-0.484375,0.953125,1,3.0,,,,,,,,,,,1,,,,,,1,,,,,,,,,,,,,,,,,,,,,,,,,,,,,,,,,,,,,,,,,,0.0390625,9.953125,1.6171875,22.0,wgls41ob_5039
5040,22.0,M,R,1/2/2001,Chinese,15,Student,No,No,Not Hispanic or Latino,Asian,,4.0,7.0,8.0,11.0,12.0,7.0,12.0,11.0,65.0,37.0,22.0,,,,,12.0,,,,,22.1,50.37,70,10.0,8.0,15.0,1.0,26.0,66.0,0.73,0.73,1.5,0.78,0.75,0.56,0.33,0.71,0.83,0.8,0.67,30.0,18.0,12.0,238,111.0,68.0,19.0,40.0, 4afe9845,0.203125,-0.234375,0.75,1,2.0,2.799578255,3.33318497,3.482067503,3.018826478,0.3447089166,0.5541690638,0.6112606499,-0.000875583933,-0.3579277798,-1.349971178,,,,,,,,,,,,,,,,,,,,,,,,,,,,,,,,,,,,,,,,,,,,,,,,,,,,,
5041,18.0,F,R,10/31/2004,English,12,,,Flyer on pinboard in the social science hall,Hispanic or Latino,White,,7.0,9.0,13.0,11.0,11.0,6.0,8.0,8.0,67.0,34.0,15.0,10.0,4.0,0.0,1.0,20.0,11.0,4.0,4.0,1.0,20.53,62.21,67,11.0,5.0,12.0,2.0,26.0,81.0,0.9,0.9,1.2,0.5555555556,1.083333333,1.555555556,0.6666666667,1.0,0.5,0.6,1.0,29.0,20.0,9.0,237,143.0,67.0,14.0,13.0, 6fcba68d,0.28125,-0.484375,0.859375,,,,,,,,,,,,,,,,,,,,,,,,,,,,,,,,,,,,,,,,,,,,,,,,,,,,,,,,,,,,,,,,,
5042,19.0,F,R,1/20/2004,Korean,13,,No,Reddit,Not Hispanic or Latino,Asian,,7.0,10.0,11.0,13.0,13.0,5.0,13.0,12.0,79.0,35.0,22.0,8.0,7.0,5.0,2.0,14.0,6.0,6.0,1.0,1.0,10.66,27.54,79,12.0,11.0,14.0,0.0,26.0,123.0,1.366667,1.366667,2.3,1.77777778,1.75,0.7777778,1.833333,0.5714286,1.1666667,0.9,1.666666667,25.0,15.0,10.0,274,125.0,97.0,22.0,30.0,474ad11c,0.25,-0.5,0.90625,,,,,,,,,,,,,,,,,,,1,,,,,,,,,,,,,,,,,,,,,,,,,,,,,,,,,,,,,,,,,,0.1953125,0.390625,0.5859375,15.0,d858rhob_5042
5043,19.0,F,R,8/1/2003,English,15,Student,Oral Birth Control,UCI subreddit,Not Hispanic or Latino,More Than One Race,,9.0,12.0,15.0,15.0,15.0,7.0,15.0,15.0,96.0,50.0,25.0,7.0,8.0,4.0,6.0,23.0,6.0,6.0,7.0,4.0,24.41,82.03,71,13.0,9.0,15.0,0.0,30.0,67.0,0.7444444444,0.7444444444,1.4,1.555555556,0.75,0.1111111111,0.3333333333,0.5714285714,0.3333333333,0.5,1.166666667,24.0,15.0,9.0,270,138.0,70.0,24.0,38.0,7b46e150,0.6875,-0.6875,0.921875,,,,,,,,,,,,,,,,,,,,,,,,,,,,,,,,,,,,,,,,,,,,,,,,,,,,,,,,,,,,,,,,,
5044,20.0,F,R,3/17/2002,Cantonese,16,Student,No,Reddit,Not Hispanic or Latino,Asian,,6.0,9.0,12.0,14.0,15.0,7.0,13.0,13.0,82.0,52.0,20.0,9.0,8.0,1.0,2.0,21.0,9.0,7.0,4.0,1.0,15.34,36.66,67,10.0,9.0,15.0,0.0,29.0,91.0,1.0111111,1.0111111,1.9,0.77777778,1.25,0.66666667,0.83333333,0.85714286,1.0,1.1,1.333333333,32.0,18.0,14.0,216,115.0,65.0,16.0,20.0,5a0782a8,0.5625,-0.609375,0.796875,1,3.0,0.7956212131,-0.9199088144,3.964611753,3.582393235,0.3100829426,0.358122646,0.5798343227,0.031750394,-1.07066921,-1.938529766,,,,,,,,,,,,,,,,,,,,,,,,,,,,,,,,,,,,,,,,,,,,,,,,,,,,,
5045,21.0,F,R,10/30/2002,English,16,Student,Birth Control,Lab,Not Hispanic or Latino,Caucasian,,12.0,15.0,15.0,15.0,15.0,15.0,13.0,15.0,115.0,56.0,23.0,9.0,5.0,5.0,4.0,20.0,9.0,7.0,3.0,1.0,13.3,21.72,80,12.0,10.0,15.0,0.0,30.0,255.0,2.833333333,2.75,3.0,2.444444444,2.416666667,2.222222222,3.166666667,2.857142857,3.0,3.2,3.666666667,18.0,10.0,8.0,267,152.0,88.0,25.0,23.0,9c9e1662,,,,1,2.0,2.308910261,0.6727139855,4.085600091,2.652325447,0.2941242503,0.4234236106,0.6500883809,-0.05081878138,-2.274891851,-2.583957735,-,,,,,,,,,,,,,,,,,,,,,,,,,,,,,,,,,,,,,,,,,,,,,,,,7.16796875,7.4453125,-2.63671875,62.0,aexar0g1_5045
5046,21.0,F,R,2/28/2002,Spanish,15,Student,No,a flyer,Hispanic or Latino,Unknown,,8.0,10.0,12.0,13.0,13.0,6.0,13.0,13.0,82.0,31.0,19.0,8.0,5.0,5.0,1.0,16.0,10.0,3.0,2.0,1.0,22.96,37.22,69,13.0,5.0,13.0,0.0,26.0,11.0,0.12,0.12,0.4,0.0,0.33,0.0,0.17,0.0,0.0,0.0,0.33,23.0,18.0,5.0,246,136.0,61.0,14.0,35.0,7840f8d6,0.5,-0.546875,0.75,1,3.0,3.253110665,-2.623981756,4.125860308,3.082955731,0.4244668406,0.4327710258,0.5711693727,0.02842730653,-0.7050964661,-2.289725899,1,,,,,,,,,,,,,,,,,,,,,,,,,,,,,,,,,,,,,,,,,,,,,,,,,,,,
5047,19.0,F,R,6/12/2003,Mandarin,14,Student,No,Being an RA,Not Hispanic or Latino,Asian,,11.0,14.0,15.0,15.0,15.0,8.0,15.0,11.0,96.0,49.0,28.0,8.0,6.0,5.0,9.0,16.0,7.0,6.0,2.0,1.0,19.85,39.25,81,12.0,8.0,15.0,0.0,28.0,116.0,1.288888889,1.288888889,2.0,1.888888889,1.916666667,0.8888888889,0.3333333333,2.428571429,1.0,0.3,1.0,32.0,19.0,13.0,269,175.0,54.0,23.0,17.0,60fb7384,0.1875,-0.453125,0.907197,-,2.0,-1.438202591,-0.8479562066,6.7610771,1.895952117,0.3423689293,0.4664255459,0.553148413,0.02279157852,-0.5324487128,-2.23661068,-,,,,,,,,,,,,,,,,,,,,,,,,,,,,,,,,,,,,,,,,,,,,,,,,1.46484375,-1.0859375,0.41015625,11.0,ytfzzg43_5047
5048,20.0,F,R,11/29/2002,English,15,Student,Birth Control,Discord,Not Hispanic or Latino,White,,10.0,10.0,15.0,13.0,15.0,5.0,15.0,14.0,92.0,50.0,23.0,10.0,5.0,4.0,4.0,32.0,12.0,8.0,8.0,4.0,11.53,27.19,93,11.0,6.0,15.0,0.0,29.0,1.0,0.01111111111,0.01111111111,0.0,0.0,0.0,0.0,0.0,0.0,0.0,0.0,0.0,24.0,14.0,10.0,323,171.0,99.0,26.0,27.0,b5e42975,0.5625,-0.578125,0.875,1,3.0,-5.825656866,-14.17432814,3.876817503,2.877073528,0.847187101,0.4945099773,0.575137652,0.07544201323,-0.3747673926,-1.666410307,1,,,,,,,,,,,,,,,,,,,,,,,,,,,,,,,,,,,,,,,,,,,,,,,,,,,,
5049,20.0,F,R,9/13/2002,English,15,Student,,Flyer on campus,Not Hispanic or Latino,Asian,,7.0,8.0,9.0,10.0,10.0,7.0,9.0,7.0,60.0,50.0,18.0,8.0,5.0,3.0,2.0,21.0,,,,,19.5,28,94,10.0,11.0,11.0,1.0,29.0,90.0,1.0,1.0,1.1,1.78,1.33,1.44,0.33,0.71,1.33,0.7,0.5,30.0,20.0,10.0,235,130.0,69.0,16.0,20.0,669125eb,0.40625,-0.359375,0.515625,-,2.0,4.827311954,4.777911953,6.11440006,2.66303322,0.3291180353,0.5254906055,0.6302672012,-0.06653807838,-0.2225266501,-1.946051163,1,,,,,,,,,,,,,,,,,,,,,,,,,,,,,,,,,,,,,,,,,,,,,,,,,,,,
5050,21.0,M,R,9/27/2001,Chinese,18,Student,No,My friend told me so.,Not Hispanic or Latino,Asian,,8.0,5.0,7.0,11.0,11.0,7.0,12.0,11.0,65.0,27.0,18.0,8.0,5.0,1.0,4.0,9.0,6.0,2.0,1.0,0.0,15.93,42.12,62,10.0,7.0,10.0,,27.0,16.0,0.18,0.17,0.6,0.0,0.17,0.0,0.0,0.0,0.0,0.0,0.67,11.0,4.0,7.0,265,136.0,82.0,31.0,16.0,9b248b3c,0.421875,-0.421875,0.6875,1,2.0,-1.326471787,3.196172005,4.626351839,2.349495476,0.3455220806,0.4923632641,0.7589212152,-0.0583726298,0.6639610722,-1.199491266,-,,,,,,,,,,,,,,,,,,,,,,,,,,,,,,,,,,,,,,,,,,,,,,,,,,,,
5051,21.0,F,R,12/11/2001,Urdu/English,15,Student,No,Friend,Not Hispanic or Latino,Asian,,8.0,9.0,12.0,12.0,15.0,6.0,12.0,11.0,79.0,30.0,22.0,8.0,6.0,7.0,1.0,14.0,7.0,5.0,1.0,1.0,18.75,41.32,72,9.0,5.0,15.0,2.0,28.0,12.0,0.1333333,0.1333333,0.2,0.0,0.166666667,0.3333333,0.0,0.0,0.0,0.0,0.16666667,24.0,13.0,11.0,243,141.0,66.0,18.0,18.0,d66886e8,0.53125,-0.65625,0.9375,1,3.0,-2.677034477,-0.2356324262,3.995024435,2.939900383,0.3455923555,0.3620068615,0.5930810685,0.08517120254,-1.730622198,-1.840049166,1,,,,,,,,,,,,,,,,,,,,,,,,,,,,,,,,,,,,,,,,,,,,,,,,,,,,
5052,19.0,F,R,9/21/2003,English,16,Student,Advil/Tylenol,Reddit/Flyer,Not Hispanic or Latino,Asian,,9.0,13.0,14.0,15.0,15.0,11.0,15.0,15.0,96.0,44.0,25.0,11.0,6.0,4.0,4.0,14.0,9.0,3.0,0.0,2.0,16.51,35.12,66,8.0,5.0,14.0,0.0,30.0,53.0,0.5888888889,0.5888888889,1.2,0.3333333333,0.6666666667,0.7777777778,0.5,0.2857142857,0.1666666667,0.6,0.5,25.0,16.0,9.0,285,119.0,87.0,19.0,48.0,ff4fcd35,0.59375,-0.546875,0.859375,1,2.0,4.026646188,0.4692508122,4.585112289,2.805074624,0.3320493209,0.3742499628,0.7556944128,0.008623504801,0.7687830242,-1.285736424,1,,,,,,,,,,,,,,,,,,,,,,,,,,,,,,,,,,,,,,,,,,,,,,,,,,,,
5053,18.0,F,R,5/10/2004,Arabic,15,Student,No,Participating to eventually be an RA,Not Hispanic or Latino,Unknown,,7.0,8.0,11.0,12.0,12.0,7.0,10.0,12.0,72.0,40.0,22.0,7.0,7.0,3.0,5.0,15.0,7.0,4.0,4.0,0.0,26.68,65.67,54,13.0,6.0,11.0,0.0,29.0,215.0,2.39,2.39,3.1,2.11,2.33,2.44,2.17,0.57,2.0,2.9,2.67,23.0,10.0,13.0,231,122.0,58.0,19.0,32.0,852ad76c,-0.125,,,1,2.0,-4.457371211,1.094992732,7.699705058,2.306409263,0.3052665767,0.3960898402,0.6761107126,-0.0319384913,0.8780152404,-1.419437347,-,,,,,,,,,,,,,,,,,,,,,,,,,,,,,,,,,,,,,,,,,,,,,,,,,,,,
5054,18.0,F,R,5/10/2004,English,13,Student,No,Flyer,Not Hispanic or Latino,Asian,,7.0,10.0,10.0,10.0,12.0,6.0,10.0,5.0,64.0,55.0,23.0,15.0,8.0,0.0,0.0,19.0,15.0,6.0,0.0,0.0,10.38,60,64,15.0,11.0,9.0,0.0,26.0,30.0,0.3333333333,0.3333333333,0.5,0.7777777778,0.5,0.0,0.3333333333,0.1428571429,0.0,0.4,0.5,21.0,12.0,9.0,271,172.0,62.0,20.0,17.0,9382da7d,0.328125,-0.203125,0.578125,-,2.0,0.07282729515,-3.200346723,4.379393323,2.981542737,0.329093318,0.3215343937,0.7922146605,-0.03845449812,0.218991083,-1.802054223,,,,,,,,,,,,,,,,,,,,,,,,,,,,,,,,,,,,,,,,,,,,,,,,,,,,,
5055,21.0,F,R,4/26/2002,English,15,Student,No,Social media,Not Hispanic or Latino,Asian,Blank,10.0,14.0,12.0,15.0,15.0,7.0,15.0,15.0,96.0,40.0,16.0,6.0,4.0,4.0,2.0,20.0,5.0,5.0,5.0,5.0,24.13,61.17,60,11.0,5.0,15.0,0.0,30.0,14.0,0.1555555556,0.1555555556,0.1,0.2222222222,0.3333333333,0.2222222222,0.0,0.0,0.0,0.1,0.1666666667,32.0,20.0,12.0,294,166.0,95.0,28.0,27.0,29ddae77,0.46875,-0.359375,0.671875,1,3.0,-5.785657821,6.251886552,4.036271159,2.734716553,0.4227355584,0.442703254,0.5723017999,0.0751731613,-0.05838707698,-1.639132852,-,,,,,,,,,,,,,,,,,,,,,,,,,,,,,,,,,,,,,,,,,,,,,,,,,,,,
5056,21.0,M,R,5/22/2001,Chinese/Cantonese,15,Student,No,Reddit,Not Hispanic or Latino,Asian,,8.0,12.0,13.0,14.0,13.0,6.0,14.0,13.0,87.0,34.0,34.0,10.0,7.0,5.0,12.0,14.0,6.0,6.0,2.0,0.0,20.91,50.41,50,12.0,5.0,12.0,1.0,28.0,3.0,0.03333333333,0.03333333333,0.1,0.1111111111,0.0,0.0,0.0,0.0,0.0,0.0,0.0,19.0,13.0,6.0,291,143.0,84.0,23.0,41.0,fe9e18a6,-0.046875,-0.25,0.734375,1,3.0,-7.549118284,2.760475155,4.845874455,2.829362845,0.3507934497,0.4473215192,0.5807502127,0.07910302019,2.366422224,-1.264832609,1,,,,,,,,,,,,,,,,,,,,,,,,,,,,,,,,,,,,,,,,,,,,,,,,,,,,
5057,20.0,F,R,4/3/2003,Chinese,16,Student,No,From the email,Not Hispanic or Latino,Asian,,9.0,15.0,15.0,15.0,15.0,7.0,15.0,15.0,99.0,34.0,15.0,7.0,3.0,2.0,3.0,16.0,7.0,5.0,1.0,3.0,24.87,48.62,70,10.0,4.0,15.0,0.0,28.0,12.0,0.13,0.13,0.4,0.44,0.33,0.0,0.0,0.0,0.17,0.0,0.0,22.0,10.0,12.0,301,158.0,72.0,32.0,39.0,44ce49ea,0.46875,-0.53125,0.921875,1,2.0,-0.5571470843,-4.074290159,5.105127882,2.544742741,0.370664148,0.4219915174,0.6464018424,-0.03358423199,0.84199242,-2.231105486,1,,,,,,,1.0,,,,,,,,,,,,,,,,,,,,,,,,,,,,,,,,,,,,,,,,,,,,,
5058,28.0,M,R,11/10/1994,Chinese,26,GSR/Student,No,Website,Not Hispanic or Latino,Asian,,9.0,11.0,11.0,11.0,13.0,8.0,13.0,14.0,82.0,48.0,13.0,5.0,3.0,2.0,3.0,9.0,5.0,1.0,3.0,0.0,18.12,25.4,84,10.0,12.0,14.0,1.0,28.0,73.0,0.81,0.81,1.3,1.0,0.83,0.33,0.5,0.57,1.5,0.8,0.67,25.0,12.0,13.0,316,158.0,83.0,29.0,46.0,2bcfa873,0.046875,-0.359375,0.828125,1,3.0,-1.869806641,6.141832006,3.745273337,2.605692338,0.3437404146,0.3940187338,0.5694578672,0.0608548934,0.2350371196,-2.303607224,1,,,,,,,,,,,,,,,,,,,,,,,,,,,,,,,,,,,,,,,,,,,,,,,,9.1796875,0.859375,0.0703125,7.0,mm2g9f0v_5058
5059,19.0,F,R,7/30/2003,English,2,Student,Sertraline (anti-depressants),social media,Not Hispanic or Latino,White,,6.0,9.0,11.0,11.0,12.0,8.0,13.0,12.0,74.0,46.0,14.0,6.0,4.0,3.0,1.0,16.0,4.0,4.0,4.0,4.0,17.81,69.16,59,14.0,8.0,14.0,1.0,28.0,101.0,1.122222222,1.122222222,1.7,2.777777778,1.583333333,1.0,0.666666667,0.7142857143,0.1666666667,0.2,1.0,35.0,20.0,15.0,210,98.0,67.0,19.0,26.0,e9333fe2,0.734375,-0.65625,0.765625,1,3.0,2.718167392,8.865182545,3.954480819,3.60731903,0.3834833347,0.4866935689,0.580105294,0.073649024,-1.172219008,-2.440115019,1,,,,,,,,,,,,,,,,,,,,,,,,,,,,,,,,,,,,,,,,,,,,,,,,,,,,
5060,20.0,F,R,10/3/2002,English,15,Student,No,My friend joined this research group and promoted the study.,Not Hispanic or Latino,More Than One Race,,7.0,12.0,14.0,13.0,12.0,11.0,12.0,12.0,82.0,44.0,18.0,8.0,3.0,8.0,3.0,17.0,12.0,3.0,1.0,1.0,13.37,30.97,69,12.0,13.0,15.0,0.0,29.0,54.0,0.6,0.6,0.5,0.7777777778,1.0,0.4444444444,0.5,0.0,0.1666666667,0.3,1.0,28.0,13.0,15.0,294,153.0,103.0,25.0,13.0,5568a42f,0.3125,-0.390625,0.796875,1,2.0,1.933237085,-0.07877059292,0.4284176432,2.459842098,0.3216458113,0.4649696398,0.7257997401,-0.07138907378,0.7286699408,-0.6497382757,1,,,,,,,,,,,,,,,,,,,,,,,,,,,,,,,,,,,,,,,,,,,,,,,,0.1953125,0.390625,0.5859375,37.0,5xf2khcw_5060
5061,20.0,F,R,9/23/2002,Mandarin,14,Student,No,Reddit,Not Hispanic or Latino,Asian,,7.0,9.0,10.0,11.0,10.0,4.0,9.0,9.0,65.0,52.0,21.0,8.0,4.0,5.0,4.0,15.0,9.0,2.0,1.0,3.0,19.57,32.94,67,9.0,9.0,10.0,2.0,30.0,14.0,0.15555556,0.1555555556,0.6,0.1111111,0.416666667,0.0,0.16666667,0.0,0.0,0.0,0.0,19.0,12.0,7.0,339,174.0,106.0,22.0,37.0,1380d834,0.09375,-0.28125,,1,2.0,0.1425661129,-12.22661706,4.000918474,2.514829386,0.775980157,0.8158540103,0.6446388995,-0.03120825502,-0.8756840024,-2.936499279,1,,,,,,,,,,,,,,,,,,,,,,,,,,,,,,,,,,,,,,,,,,,,,,,,,,,,
5062,20.0,F,R,6/2/2002,Spanish,17,Student,,Flyer,Hispanic or Latino,Unknown,,10.0,11.0,13.0,13.0,14.0,9.0,12.0,11.0,84.0,26.0,17.0,5.0,4.0,5.0,3.0,10.0,5.0,3.0,1.0,1.0,23.0,50.13,60,11.0,7.0,13.0,0.0,26.0,114.0,1.266666667,1.266666667,1.8,2.333333333,1.416666667,0.6666666667,0.1666666667,1.258714286,1.166666667,0.8,1.833333333,26.0,19.0,7.0,263,118.0,81.0,27.0,37.0,8dee13e8,0.5,-0.46875,0.671875,1,2.0,4.737987518,1.123483989,3.007879377,1.730116948,0.293619307,0.3868143309,0.6647978041,0.04502942154,1.23682501,-0.7522473762,1,,,,,,1,,,,,,,,,,,,,,,,,,,,,,,,,,,,,,,,,,,,,,,,,,0.33203125,-1.6015625,0.01171875,65.0,2oj8nk67_5062
5063,23.0,F,R,2/9/2000,English,18,Student,Birth control,Email from professor,Hispanic or Latino,White,,5.0,6.0,9.0,10.0,12.0,4.0,7.0,8.0,57.0,31.0,21.0,10.0,4.0,4.0,3.0,18.0,7.0,7.0,1.0,3.0,31.69,69.97,50,8.0,3.0,13.0,1.0,27.0,10.0,0.1111111111,0.1111111111,0.4,0.1111111111,0.25,0.1111111111,0.0,0.0,0.0,0.0,0.0,19.0,14.0,5.0,307,158.0,106.0,27.0,16.0,476714c7,0.453125,-0.546875,0.890625,1,2.0,-1.445666857,-3.885999864,7.102754977,2.649100319,0.3951576897,0.4781057521,0.5130749634,-0.02990399075,1.736470277,-2.457170582,1,,,,,,,,,,,,,,,,,,,,,,,,,,,,,,,,,,,,,,,,,,,,,,,,,,,,
5064,19.0,F,R,1/26/2004,Spanish,13,Student,No,Email,Hispanic or Latino,Unknown,,8.0,8.0,8.0,8.0,8.0,5.0,8.0,6.0,54.0,24.0,18.0,9.0,3.0,3.0,3.0,14.0,8.0,3.0,2.0,1.0,33.38,51.09,52,10.0,6.0,12.0,1.0,25.0,64.0,0.7111111111,0.7111111111,2.3,1.0,0.5833333333,0.8888888889,0.3333333333,0.4285714286,0.8333333333,0.4,0.5,34.0,17.0,17.0,268,158.0,61.0,27.0,22.0,a661210b,0.125,-0.203125,0.8125,1,3.0,-5.140077202,6.377582806,3.874940852,2.916610188,0.2401638503,0.7022596347,0.5852604239,0.08661693301,-2.267695316,-1.55762249,1,,,,,,,,,,,,,,,,,,,,,,,,,,,,,,,,,,,,,,,,,,,,,,,,,,,,
5065,19.0,F,R,2/24/2004,English,14,Student,No,Email,Hispanic or Latino,White,,6.0,9.0,9.0,12.0,12.0,7.0,11.0,10.0,69.0,54.0,24.0,13.0,6.0,2.0,3.0,16.0,9.0,4.0,3.0,0.0,9.08,44.06,56,11.0,2.0,14.0,0.0,27.0,35.0,0.3888888889,0.3888888889,1.0,0.6666666667,0.1666666667,0.2222222222,0.5,0.4285714286,0.3333333333,0.1,0.1666666667,15.0,6.0,9.0,262,130.0,86.0,21.0,25.0,b934bec9,0.421875,-0.453125,0.921875,1,2.0,4.522381315,6.50193484,1.706538828,2.011975291,0.2638131923,0.2999882538,0.6802655339,0.02042115395,-1.674223759,-1.306927776,1,,,,,,,,,,,,,,,,,,,,,,,,,,,,,,,,,,,,,,,,,,,,,,,,,,,,
5066,19.0,F,R,10/3/2003,Chinese Mandarine,14,Student,No,Friend,Not Hispanic or Latino,Asian,,9.0,12.0,13.0,15.0,14.0,8.0,15.0,12.0,90.0,31.0,17.0,12.0,2.0,2.0,1.0,13.0,8.0,4.0,0.0,1.0,18.62,48.26,54,8.0,6.0,14.0,0.0,27.0,17.0,0.004320987654,0.007901234568,0.7,0.1111111111,0.25,0.0,0.0,0.0,0.8333333333,0.0,0.1666666667,32.0,14.0,18.0,268,140.0,90.0,16.0,22.0,61b129f8,0.15625,-0.28125,0.609375,1,3.0,-6.499079342,-2.006801492,4.452587438,3.524621834,0.5639418092,0.5588118478,0.5746023468,0.05919666581,-1.202874613,-2.057059049,1,,,,,,,,,,,,,,,,,,,,,,,,,,,,,,,,,,,,,,,,,,,,,,,,,,,,
5067,20.0,F,R,4/24/2003,English,15,Student,No,Reddit,Not Hispanic or Latino,Asian,,8.0,13.0,14.0,15.0,15.0,12.0,15.0,15.0,95.0,49.0,26.0,9.0,6.0,5.0,6.0,21.0,12.0,5.0,3.0,1.0,10.0,47.59,75,14.0,6.0,15.0,1.0,25.0,5.0,0.05555555556,0.05555555556,0.0,0.0,0.1666666667,0.0,0.1666666667,0.0,0.0,0.0,0.1666666667,20.0,13.0,7.0,236,140.0,66.0,13.0,17.0,06dd5be6,0.453125,-0.546875,0.765625,1,3.0,-6.93204731,2.978310074,4.203366719,3.089406121,0.3179853059,0.401526114,0.5841283502,0.06753600238,0.05438498047,-1.058955166,,,,,,,,,,,,,,,,,,,,,,,,,,,,,,,,,,,,,,,,,,,,,,,,,,,,,
5068,22.0,F,R,3/11/2001,English,16,"Student,Security,Usher",Birth Control,Facebook,Hispanic or Latino,African American,,6.0,11.0,13.0,15.0,15.0,6.0,13.0,11.0,84.0,42.0,24.0,11.0,6.0,4.0,3.0,18.0,9.0,5.0,3.0,2.0,23.72,41.96,58,11.0,7.0,14.0,0.0,26.0,24.0,0.266666667,0.26666667,0.4,0.111111,0.75,0.2222222,0.3333333,0.1428571429,0.0,0.0,0.333333333,15.0,10.0,5.0,266,127.0,86.0,22.0,31.0,c08af6a4,0.375,-0.3125,,1,2.0,0.8777934015,0.5513742733,6.003649813,1.984366252,0.3770465025,0.4877392296,0.5885202025,0.0487786797,2.337362616,-2.004704757,1,,,,,,,,,,,,,,,,,,,,,,,,,,,,,,,,,,,,,,,,,,,,,,,,,,,,
5069,19.0,F,R,3/10/2004,Chinese,15,Student,No,Wechat,Not Hispanic or Latino,Asian,,12.0,15.0,15.0,15.0,15.0,9.0,10.0,14.0,96.0,35.0,15.0,5.0,6.0,1.0,3.0,13.0,7.0,2.0,3.0,1.0,22.04,54.66,77,14.0,10.0,15.0,0.0,27.0,37.0,0.4111111111,0.4111111111,0.5,0.8888888889,0.3333333333,0.1111111111,0.0,0.4285714286,0.3333333333,0.6,0.0,17.0,5.0,12.0,279,150.0,78.0,26.0,25.0,9639c68e,0.328125,-0.390625,0.796875,1,3.0,4.141152676,3.933613382,4.012842387,2.832213054,0.2958348933,0.5136490454,0.5834222243,0.06911588407,-3.019698347,-1.594414477,1,,,,,,,,,,,,,,,,,,,,,,,,,,,,,,,,,,,,,,,,,,,,,,,,,,,,
5070,18.0,F,L,8/13/2004,English,14,Student,No,"Post on the online forum, Reddit",Not Hispanic or Latino,Asian,,9.0,12.0,13.0,14.0,14.0,8.0,14.0,15.0,91.0,53.0,25.0,10.0,6.0,5.0,4.0,18.0,8.0,5.0,2.0,3.0,18.53,33.03,67,10.0,7.0,14.0,0.0,30.0,82.0,0.91,0.91,1.5,1.56,1.08,0.0,0.5,0.86,0.5,1.1,1.0,32.0,21.0,11.0,223,126.0,56.0,15.0,26.0,a91063a5,0.296875,-0.3125,0.90625,1,3.0,-2.74026106,-1.283179598,3.89151671,2.570276393,0.4682637234,0.4018337254,0.5665670558,0.06609657022,0.6650436335,-1.507968491,,,,,,,,,,,,,,,,,,,,,,,,,,,,,,,,,,,,,,,,,,,,,,,,,,,,,
5071,21.0,F,R,11/7/2001,English & Spanish,17,Student,,a post on the UCI Sub Reddit,Hispanic or Latino,Unknown,,8.0,12.0,12.0,15.0,15.0,11.0,13.0,14.0,89.0,37.0,19.0,9.0,5.0,1.0,4.0,11.0,4.0,2.0,4.0,1.0,15.01,44.43,66,12.0,9.0,15.0,0.0,28.0,34.0,0.3777777778,0.3777777778,1.0,0.6666666667,0.5833333333,0.1111111111,0.1666666667,0.1428571429,0.1666666667,0.1,0.6666666667,29.0,17.0,12.0,286,123.0,93.0,27.0,43.0,0996b833,0.265625,-0.328125,,,,,,,,,,,,,,,,,,,,,,,,,,,,,,,,,,,,,,,,,,,,,,,,,,,,,,,,,,,,,,,,,,
5072,19.0,M,R,6/23/2003,"English, Vietnamese",13,Student,Vitamin D3 Oral,Flyer,Not Hispanic or Latino,Asian,,4.0,7.0,12.0,12.0,13.0,4.0,14.0,12.0,74.0,32.0,15.0,6.0,5.0,2.0,2.0,10.0,7.0,2.0,1.0,0.0,36.65,92.88,53,8.0,7.0,15.0,0.0,29.0,73.0,0.8111111111,0.8111111111,1.0,0.7777777778,1.166666667,0.8888888889,0.6666666667,0.5714285714,0.3333333333,1.0,0.3333333333,22.0,18.0,4.0,275,146.0,70.0,22.0,37.0,2d98d2c6,0.671875,-0.625,0.734375,-,3.0,-6.260996861,2.738369477,4.212551696,3.412608885,0.4062269081,0.4015543921,0.5700907559,0.09638948648,-0.5093133494,-2.437624673,1,,,,,,,,,,,,,,,,,,,,,,,,,,,,,,,,,,,,,,,,,,,,,,,,,,,,
5073,18.0,F,R,11/4/2004,English,13,student,,Email,Not Hispanic or Latino,Asian,,5.0,8.0,9.0,10.0,11.0,6.0,11.0,11.0,65.0,42.0,28.0,7.0,6.0,6.0,9.0,17.0,8.0,3.0,4.0,2.0,16.91,57.57,61,11.0,7.0,12.0,0.0,29.0,61.0,0.6777777778,0.6777777778,1.0,0.4444444444,0.25,0.5555555556,0.1666666667,0.5714285714,1.0,0.7,1.0,29.0,16.0,13.0,242,145.0,65.0,14.0,18.0,006e9c3a,0.390625,-0.390625,0.734375,1,2.0,-1.729839665,1.999656072,6.818500897,2.273574924,0.4448400746,0.6218338239,0.566224784,-0.06533990682,1.855374717,-1.369723616,1,,,,,,,,,,,,,,,,,,,,,,,,,,,,,,,,,,,,,,,,,,,,,,,,0.146484375,-1.00390625,1.482421875,67.0,zxzamavn_5073
5074,19.0,F,L,5/11/2004,English,13,Student,No,Psychology 11C professor's Canvas announcement,Not Hispanic or Latino,Asian,,4.0,7.0,9.0,11.0,11.0,4.0,10.0,9.0,61.0,55.0,25.0,10.0,9.0,3.0,3.0,17.0,10.0,2.0,4.0,1.0,17.13,37.16,57,11.0,10.0,10.0,0.0,27.0,103.0,1.144444444,1.144444444,1.6,1.444444444,1.166666667,1.333333333,1.666666667,0.7142857143,0.8333333333,0.9,0.1,26.0,16.0,10.0,226,104.0,67.0,21.0,34.0,6f13ddc8,0.203125,-0.15625,0.5625,1,2.0,1.841495376,-0.5365551048,2.198372729,2.000825478,0.2746273818,0.2722501102,0.7144776734,-0.03845543331,-2.398995293,-1.280820505,1,,,,,,,,,,,,,,,,,,,,,,,,,,,,,,,,,,,,,,,,,,,,,,,,,,,,
5075,19.0,F,L,4/3/2004,Thai,14,Student,Birth control pills,Psych lecture,Not Hispanic or Latino,Asian,,8.0,11.0,15.0,15.0,15.0,10.0,13.0,15.0,92.0,43.0,21.0,9.0,6.0,4.0,2.0,24.0,10.0,7.0,4.0,3.0,18.53,34.81,59,13.0,13.0,15.0,0.0,30.0,22.0,0.2444444444,0.2444444444,0.6,0.3333333333,0.4166666667,0.0,0.0,0.0,0.1666666667,0.1,0.6666666667,13.0,9.0,4.0,282,160.0,66.0,27.0,29.0,841e8da8,0.25,-0.375,,1,3.0,-1.682629586,0.7229784327,4.559280054,3.196631722,0.454182621,0.4857825932,0.5692987165,0.0654356138,-1.048483351,-1.801280367,1,,,,,,,,,,,,,,,,,,,,,,,,,,,,,,,,,,,,,,,,,,,,,,,,,,,,
5076,20.0,I,R,4/4/2003,English,14,Student,Yes: testosterone,online post,Hispanic or Latino,Americn Indian/Alaska Native,ADHD,7.0,10.0,11.0,14.0,13.0,7.0,13.0,12.0,80.0,33.0,16.0,6.0,4.0,4.0,2.0,23.0,6.0,4.0,8.0,5.0,18.485,37.795,58,8.0,5.0,15.0,0.0,27.0,62.0,0.6888888889,0.6888888889,1.2,1.0,1.583333333,0.8888888889,0.3333333333,0.1428571429,0.1666666667,0.1,0.3333333333,24.0,13.0,11.0,282,131.0,97.0,30.0,24.0,6e17d48d,0.421875,-0.390625,0.71875,1,2.0,2.410803014,-0.1652326179,2.733338492,1.84457794,0.4494006861,0.4958079553,0.6683435141,-0.02476905856,0.05256615902,-2.284767711,,,,,,,,,,,,,,,,,,,,,,,,,,,,,,,,,,,,,,,,,,,,,,,,,0.0390625,9.953125,1.6171875,28.0,wwhuecuv_5076
5077,19.0,F,R,12/26/2003,English,13,Student,No,CSA Discord,Not Hispanic or Latino,Asian,,8.0,12.0,15.0,15.0,15.0,9.0,15.0,15.0,95.0,44.0,32.0,12.0,9.0,4.0,7.0,20.0,10.0,4.0,4.0,2.0,22.97,33.43,86,14.0,7.0,15.0,0.0,30.0,90.0,1.0,1.0,2.0,0.333333333,2.166666667,0.7777777778,0.5,0.0,0.3333333333,0.6,2.0,21.0,17.0,4.0,262,130.0,77.0,27.0,28.0,e85c8982,0.5625,-0.578125,0.859375,1,2.0,6.623207373,2.595029968,10.39366809,2.187814248,0.3767401373,0.4904007081,0.5176403995,-0.02879405401,-1.508795791,-3.936551202,1,,,,,,,,,,,,,,,,,,,,,,,,,,,,,,,,,,,,,,,,,,,,,,,,0.283203125,2.20703125,0.275390625,66.0,d2p17qny_5077
5078,20.0,F,R,2/26/2003,English,14,Student,No,Ami shared about the study during class,Not Hispanic or Latino,Asian,,10.0,14.0,15.0,15.0,15.0,7.0,14.0,15.0,98.0,56.0,33.0,13.0,10.0,3.0,7.0,22.0,11.0,4.0,5.0,2.0,18.28,40.13,60,9.0,6.0,15.0,0.0,27.0,39.0,0.43,0.43,0.6,0.78,0.33,0.56,0.33,0.0,0.34,0.6,0.17,27.0,12.0,15.0,276,150.0,77.0,28.0,21.0,dda46a8b,0.578125,-0.609375,0.734375,1,3.0,6.398523647,1.677476504,4.238843403,2.949549796,0.3646912751,0.4459973315,0.5773921818,0.1041374852,-0.003047049232,-1.441907396,1,,,,,,,,,,,,,,,,,,,,,,,,,,,,,,,,,,,,,,,,,,,,,,,,,,,,
5079,21.0,F,R,10/1/2001,Spanish,15,Student,No,Sona,Hispanic or Latino,White,,8.0,10.0,12.0,11.0,13.0,6.0,13.0,13.0,80.0,32.0,18.0,9.0,4.0,3.0,2.0,16.0,6.0,4.0,3.0,3.0,22.1,71.44,51,13.0,10.0,14.0,0.0,27.0,123.0,1.366666667,1.366666667,1.7,2.777777778,1.583333333,1.111111111,0.6666666667,1.428571429,1.0,0.5,1.666666667,25.0,16.0,9.0,257,111.0,85.0,29.0,32.0,e12809c9,0.46875,-0.484375,0.765625,1,3.0,3.638989527,6.14258579,3.682737058,2.963954866,0.4161087212,0.4752519544,0.5728856787,0.06965960985,-1.596752184,-1.242125528,1,,,,,,,,,,,,,,,,,,,,,,,,,,,,,,,,,,,,,,,,,,,,,,,,,,,,
5080,21.0,F,R,7/26/2001,Russian & English,16,Student & Research Assistant,"Spironolactone, iron supplements, birth control",Email,Hispanic or Latino,White,,5.0,10.0,14.0,13.0,14.0,8.0,11.0,13.0,80.0,23.0,20.0,10.0,4.0,4.0,2.0,10.0,7.0,3.0,0.0,0.0,16.93,68.47,59,9.0,6.0,14.0,0.0,27.0,53.0,0.5888888889,0.5888888889,3.2,0.0,0.25,0.3333333333,0.0,0.2857142857,0.8333333333,0.0,0.3333333333,23.0,14.0,9.0,171,73.0,50.0,20.0,28.0,3b0e554c,0.390625,-0.3125,0.625,1,3.0,-6.41106262,-0.03855100861,4.435165107,2.459528387,0.4049581996,0.3973046424,0.589012809,0.08548483103,1.103569225,-1.320056575,1,,,,,,,,,,,,,,,,,,,,,,,,,,,,,,,,,,,,,,,,,,,,,,,,,,,,
5081,20.0,F,R,4/21/2003,English,14,Student,No,Flyer,Not Hispanic or Latino,White,White,7.0,11.0,11.0,14.0,14.0,7.0,13.0,12.0,82.0,37.0,15.0,7.0,1.0,5.0,0.0,16.0,8.0,6.0,2.0,0.0,18.25,39.94,63,12.0,7.0,15.0,0.0,28.0,3.0,0.03333333333,0.03333333333,0.1,0.0,0.08333333333,0.0,0.0,0.0,0.0,0.0,0.0,7.0,11.0,6.0,#REF!,168.0,103.0,27.0,28.0,b840e83b ,0.4375,-0.4375,0.734375,1,2.0,2.445739214,2.206549746,2.168074065,2.747949954,0.2480659981,0.6203299514,0.6720080593,-0.0598932611,-0.4790307906,-2.151299415,1,,,,,,1,,,,,,,,,,,,,,,,,,,,,,,,,,,,,,,,,,,,,,,,,,5.41015625,-0.3828125,0.33984375,9.0,pa21z1eo_5081
5082,18.0,F,R,9/25/2004,English,14,Student,No,Coffee Hour with Dr. B,Hispanic or Latino,Unknown,White,5.0,9.0,8.0,11.0,13.0,4.0,12.0,11.0,69.0,18.0,14.0,5.0,5.0,4.0,0.0,13.0,7.0,4.0,1.0,0.0,18.89,75.6,53,11.0,4.0,14.0,0.0,24.0,61.0,0.67777778,0.67777778,2.4,0.3333333,0.8333333,0.44444444,0.5,0.0,0.3333333,0.0,1.0,20.0,14.0,6.0,252,140.0,77.0,21.0,14.0,8662a077,0.53125,-0.625,0.859375,1,2.0,3.642031958,-2.136148906,3.062094382,1.991011548,0.3963424733,0.5608849607,0.5859023798,-0.03039111065,-2.89968796,-1.529491198,1,,,,,,,,,,,,,,,,,,,,,,,,,,,,,,,,,,,,,,,,,,,,,,,,0.0390625,9.953125,1.6171875,35.0,rmo553kl_5082
5083,18.0,F,R,9/16/2004,English,15,Student,No,becoming RA,Not Hispanic or Latino,More Than One Race,,9.0,9.0,12.0,14.0,14.0,7.0,11.0,11.0,80.0,39.0,24.0,6.0,9.0,5.0,4.0,23.0,11.0,4.0,4.0,4.0,24.47,26.15,73,14.0,4.0,11.0,0.0,25.0,41.0,0.4555555556,0.4555555556,1.3,0.6666666667,0.6666666667,0.1111111111,0.3333333333,0.0,0.1666666667,0.4,0.3333333333,28.0,19.0,9.0,250,122.0,83.0,23.0,22.0,28a72131,0.515625,-0.5625,0.828125,1,3.0,-5.564991641,-1.3346508,4.0706567,2.599351557,0.4255128433,0.4417292965,0.569913068,0.07913335377,-0.04392414129,-0.8028072002,1,,,,,,,,,,,,,,,,,,,,,,,,,,,,,,,,,,,,,,,,,,,,,,,,,,,,
5084,20.0,F,R,12/19/2002,English,15,Student,No,RA,Not Hispanic or Latino,African American,,7.0,9.0,11.0,13.0,12.0,5.0,11.0,10.0,73.0,42.0,19.0,9.0,3.0,2.0,5.0,17.0,8.0,3.0,3.0,3.0,20.78,46.72,66,11.0,6.0,13.0,0.0,29.0,4.0,0.04444444444,0.04444444444,0.1,0.0,0.1666666667,0.0,0.0,0.0,0.0,0.0,0.0,17.0,6.0,11.0,328,179.0,110.0,20.0,19.0,0ff286d2,0.640625,-0.71875,0.90625,1,2.0,0.7632337328,0.9307806304,4.077273457,2.50451819,0.4254974274,0.6102395416,0.5589873008,-0.009919786104,-0.6135187133,-1.545782233,1,,,,,,,,,,,,,,,,,,,,,,,,,,,,,,,,,,,,,,,,,,,,,,,,,,,,
5086,20.0,F,R,2/5/2003,English,15,Student,No,RA,Not Hispanic or Latino,White,,5.0,6.0,12.0,11.0,12.0,4.0,13.0,10.0,69.0,29.0,20.0,7.0,5.0,3.0,3.0,17.0,7.0,6.0,4.0,0.0,27.75,72.87,44,10.0,4.0,14.0,7.0,26.0,80.0,0.8888888889,0.25,1.7,1.6666667,0.5,0.2222222,0.5,0.7142857143,1.6666667,1.1,0.83333333,30.0,19.0,11.0,299,148.0,90.0,24.0,38.0,5d44b070,0.171875,-0.296875,0.703125,1,4.0,-2.507796314,-0.1791415942,8.936305395,5.442045856,0.41480751,0.4221862427,0.5571948738,0.05506743259,-2.362265969,-2.811689779,1,,,,,,,,,,,,,,,,,,,,,,,,,,,,,,,,,,,,,,,,,,,,,,,,,,,,
5087,21.0,M,R,5/25/2002,English/Vietnamese,12,Student,No,Lab,Not Hispanic or Latino,Asian,,4.0,8.0,9.0,8.0,9.0,7.0,11.0,9.0,58.0,32.0,32.0,11.0,10.0,7.0,4.0,18.0,8.0,7.0,2.0,1.0,16.97,33.09,60,6.0,5.0,14.0,0.0,25.0,33.0,0.3666666667,0.08333333333,0.8,0.3333333333,0.5833333333,0.1111111111,0.0,0.1428571429,0.5,0.4,0.6666666667,20.0,10.0,10.0,327,136.0,94.0,25.0,45.0,9653c5bd,0.234375,-0.40625,0.8125,1,4.0,-2.110735148,2.398190392,7.799833261,5.018736084,0.3007129337,0.3613362828,0.5956419186,0.0421778661,-2.841320859,-0.8947937902,1,,,,,,,,,,,,,,,,,,,,,,,,,,,,,,,,,,,,,,,,,,,,,,,,,,,,
5088,20.0,F,R,12/4/2002,English,16,student,No,RA,Not Hispanic or Latino,Asian,,5.0,7.0,10.0,11.0,10.0,5.0,8.0,9.0,60.0,26.0,17.0,5.0,5.0,4.0,3.0,13.0,6.0,2.0,2.0,3.0,33.97,69.69,41,10.0,6.0,15.0,7.0,24.0,200.0,2.222222222,1.416666667,2.8,3.0,2.416666667,1.666666667,1.5,2.428571429,2.666666667,1.9,2.333333333,39.0,23.0,16.0,231,108.0,54.0,14.0,22.0,c55bf5fb,0.234375,-0.296875,0.609375,1,4.0,-5.846010824,0.9179425247,8.979421972,5.126416951,0.4004119406,0.6345683064,0.5595907382,0.0503027775,-1.909252039,-2.259728115,1,,,,,,,,,,,,,,,,,,,,,,,,,,,,,,,,,,,,,,,,,,,,,,,,,,,,
5089,20.0,F,R,4/11/2003,Mandarin,14,College Student,No,RA,Not Hispanic or Latino,Asian,,5.0,8.0,11.0,14.0,13.0,6.0,12.0,14.0,77.0,36.0,22.0,9.0,4.0,3.0,6.0,11.0,6.0,2.0,2.0,1.0,17.0,61.19,56,11.0,6.0,14.0,0.0,28.0,28.0,0.3111111111,0.1666666667,0.4,0.6666666667,0.3333333333,0.0,0.0,0.1428571429,0.8333333333,0.4,0.0,22.0,14.0,8.0,376,177.0,109.0,31.0,48.0,be5fc3b6,0.515625,-0.421875,0.640625,1,2.0,2.080568316,0.9954290466,4.883169197,2.244138753,0.3629938992,0.5055447755,0.6443682179,-0.07528128321,1.06045734,-2.776946212,1,,,,,,,,,,,,,,,,,,,,,,,,,,,,,,,,,,,,,,,,,,,,,,,,0.29296875,-0.8046875,-0.01171875,16.0,7coyfel3_5089
5090,20.0,M,L,8/1/2003,English,14,Student,No,RA,Not Hispanic or Latino,Asian,,5.0,5.0,5.0,6.0,10.0,5.0,6.0,7.0,44.0,47.0,19.0,9.0,4.0,3.0,3.0,18.0,8.0,5.0,3.0,2.0,18.37,32.59,51,12.0,6.0,11.0,0.0,30.0,68.0,0.7555555556,0.3333333333,1.5,1.222222222,1.0,0.6666666667,0.3333333333,0.5714285714,1.0,0.1,0.5,26.0,16.0,10.0,255,132.0,81.0,24.0,23.0,d7227f56,0.34375,-0.4375,0.71875,1,2.0,-0.4097011781,1.744136159,3.900502134,2.082055659,0.333767056,0.5456749899,0.8508327972,0.01080419751,1.206109248,-2.683147034,1,,,,,,,,,,,,,,,,,,,,,,,,,,,,,,,,,,,,,,,,,,,,,,,,0.13671875,8.0078125,-2.16796875,53.0,sce71jad_5090
5091,25.0,M,R,8/9/1998,English,17,Student,No,Google,Not Hispanic or Latino,Asian,,9.0,14.0,14.0,15.0,15.0,8.0,15.0,14.0,96.0,58.0,28.0,10.0,5.0,6.0,7.0,18.0,10.0,3.0,3.0,2.0,14.87,39.6,68,15.0,12.0,15.0,0.0,30.0,3.0,0.03333333333,0.0,0.3,0.0,0.0,0.0,0.0,0.0,0.0,0.0,0.0,20.0,11.0,9.0,295,137.0,85.0,20.0,26.0,c085a831,0.515625,-0.453125,0.734375,,,,,,,,,,,,,,,,,,,,,,,,,,,,,,,,,,,,,,,,,,,,,,,,,,,,,,,,,,,,,,,,,
5092,21.0,M,R,7/7/2002,Chinese,15,Student,No,Vessa,Not Hispanic or Latino,Asian,,6.0,10.0,12.0,15.0,14.0,10.0,15.0,15.0,87.0,42.0,19.0,7.0,7.0,3.0,2.0,15.0,9.0,2.0,1.0,3.0,24.75,44.09,59,10.0,7.0,15.0,0.0,27.0,10.0,0.1111111111,0.0,0.5,0.1111111111,0.1666666667,0.0,0.0,0.0,0.1666666667,0.1,0.0,25.0,12.0,13.0,313,186.0,118.0,16.0,19.0,6bc67af1,-0.015625,-0.171875,0.5625,1,3.0,-1.48023082,0.8712463916,3.859088605,2.974487757,0.3391729988,0.4236161502,0.5726480694,0.06392178076,-2.858094961,-1.711405352,,,,,,,1,,,,,,,,,,,,,,,,,,,,,,,,,,,,,,,,,,,,,,,,,,7.275390625,0.37890625,0.251953125,41.0,9lsfztgv_5092
5093,20.0,F,R,6/24/2003,English,15,Student,Zyrtec,Discord,Not Hispanic or Latino,White,,8.0,8.0,10.0,10.0,9.0,5.0,9.0,10.0,64.0,36.0,22.0,10.0,4.0,3.0,5.0,13.0,7.0,1.0,5.0,0.0,17.94,73.19,53,10.0,5.0,15.0,0.0,23.0,107.0,1.188888889,0.75,1.8,1.777777778,0.8333333333,1.333333333,0.8333333333,2.0,1.166666667,0.6,1.0,34.0,21.0,13.0,238,116.0,62.0,27.0,26.0,b3a5450d,0.5,-0.578125,0.921875,1,4.0,-4.419826649,6.539981603,8.063584357,5.159690932,0.3237208879,0.498935046,0.5684421364,0.06702635065,-2.344097542,-1.017353723,,,,,,,1,,,,,,,,,,,,,,,,,,,,,,,,,,,,,,,,,,,,,,,,,,9.55078125,2.3359375,0.10546875,17.0,gm3qg527_5093
5094,21.0,F,R,3/23/2002,English,16,student/Babysitting,Birth Control,Flyer,Not Hispanic or Latino,Asian,,6.0,9.0,10.0,13.0,12.0,5.0,12.0,10.0,72.0,35.0,23.0,8.0,6.0,7.0,2.0,17.0,10.0,2.0,1.0,4.0,20.53,67.12,57,12.0,8.0,15.0,0.0,27.0,101.0,1.122222222,1.333333333,1.7,1.0,1.5,0.8888888889,0.5,1.142857143,0.8333333333,0.2,1.666666667,31.0,17.0,14.0,281,134.0,80.0,27.0,20.0,99ee1e48,0.28125,-0.359375,0.796875,1,3.0,4.088195749,3.627569192,3.676955567,2.986975952,0.2800466881,0.5208893356,0.5826356169,0.08285199023,-0.9963849326,-1.94780979,1,,,,,,-,,,,,,,,,,,,,,,,,,,,,,,,,,,,,,,,,,,,,,,,,,0.966796875,0.63671875,0.287109375,2.0,samwfk9u_5094
5095,19.0,F,R,3/12/2004,English,14,Student,No,Flyer,Hispanic or Latino,More Than One Race,,7.0,10.0,12.0,13.0,15.0,9.0,13.0,13.0,83.0,18.0,15.0,6.0,4.0,3.0,2.0,13.0,5.0,4.0,3.0,1.0,27.37,51.38,44,11.0,8.0,15.0,0.0,28.0,230.0,2.555555556,2.5,2.7,2.666666667,2.416666667,2.888888889,2.666666667,1.857142857,2.833333333,1.8,2.833333333,27.0,16.0,11.0,220,104.0,65.0,26.0,16.0,53178a1e,0.40625,-0.53125,0.890625,1,3.0,-0.8904782376,1.797663117,3.976165036,2.962429032,0.8094269808,0.8198765159,0.5772007452,0.07939091893,-2.648411666,-2.169684548,1,,,,,,-,,,,,,,,,,,,,,,,,,,,,,,,,,,,,,,,,,,,,,,,,,4.736328125,-0.13671875,0.041015625,48.0,nbts1s1v_5095
5096,23.0,F,R,4/21/2000,English,18,Student,Birth control pills,Flyer,Hispanic or Latino,White,,6.0,9.0,10.0,14.0,13.0,4.0,12.0,12.0,76.0,29.0,21.0,7.0,4.0,6.0,4.0,18.0,8.0,4.0,4.0,2.0,16.0,45.1,55,10.0,8.0,14.0,0.0,27.0,82.0,0.9111111111,0.25,2.2,0.4444444444,1.333333333,0.5555555556,0.3333333333,1.0,0.3333333333,1.0,1.333333333,20.0,17.0,3.0,207,76.0,50.0,15.0,34.0,92cf9f8b,0.625,-0.65625,0.875,1,2.0,3.154723002,0.572576426,6.638583337,2.375142296,0.361798567,0.7170999335,0.5806863545,-0.02884358956,-1.809987722,-3.891003076,,,,,,,1,,,,,,,,,,,,,,,,,,,,,,,,,,,,,,,,,,,,,,,,,,0.01953125,4.0234375,-0.55078125,32.0,807cb10z_5096
5097,22.0,F,R,08/06/2001,English,16,Student,"Bupropion, Testosterone, Blood Pressure",Flyer,Not Hispanic or Latino,White,,11.0,14.0,14.0,15.0,15.0,10.0,15.0,15.0,99.0,38.0,24.0,7.0,6.0,5.0,6.0,18.0,10.0,3.0,2.0,3.0,19.93,50.56,62,9.0,6.0,14.0,0.0,30.0,110.0,1.222222222,0.75,1.8,1.888888889,1.333333333,1.333333333,0.5,0.2857142857,1.666666667,1.0,1.333333333,30.0,15.0,15.0,298,152.0,91.0,20.0,24.0,bb37c062,0.734375,-0.671875,,1,2.0,5.786010823,1.555657534,6.140206541,3.268401803,0.3978513774,0.4309151104,0.5745313505,-0.00966868536,-0.6699555026,-1.757183744,,,,,,,1,,,,,,,,,,,,,,,,,,,,,,,,,,,,,,,,,,,,,,,,,,9.1796875,0.859375,0.0703125,64.0,h4epcfng_5097
5098,20.0,F,R,2/19/2003,Vietnamese,16,Student,No,Discord,Not Hispanic or Latino,Asian,,10.0,13.0,15.0,15.0,15.0,7.0,14.0,15.0,97.0,34.0,24.0,4.0,7.0,6.0,7.0,17.0,7.0,1.0,7.0,2.0,19.0,61,48,11.0,5.0,15.0,0.0,29.0,109.0,1.211111111,0.3333333333,2.3,1.0,2.0,0.8888888889,0.8333333333,0.7142857143,0.5,1.6,1.333333333,31.0,21.0,10.0,230,117.0,70.0,18.0,24.0,47a78cc8,0.875,-0.703125,,,,,,,,,,,,,,,,,,,,,,,,,,,,,,,,,,,,,,,,,,,,,,,,,,,,,,,,,,,,,,,,,,
5099,21.0,F,R,9/20/2002,English,15,Student,No,Discord,Not Hispanic or Latino,Asian,,7.0,12.0,11.0,14.0,12.0,5.0,14.0,13.0,83.0,35.0,18.0,8.0,4.0,3.0,3.0,16.0,10.0,1.0,3.0,2.0,20.1,33.35,63,15.0,9.0,15.0,1.0,27.0,111.0,1.233333333,1.0,2.0,0.6666666667,1.5,1.0,0.3333333333,0.4285714286,1.666666667,1.7,1.166666667,27.0,11.0,16.0,274,144.0,90.0,26.0,26.0,ec9b608d,0.21875,-0.5,,,,,,,,,,,,,,,,,,,,,,,,,,,,,,,,,,,,,,,,,,,,,,,,,,,,,,,,,,,,,,,,,,
5100,21.0,F,R,4/25/2002,English,15,Student,No,RA,Hispanic or Latino,White,,6.0,10.0,9.0,10.0,13.0,6.0,11.0,14.0,73.0,33.0,22.0,7.0,8.0,4.0,3.0,12.0,4.0,2.0,3.0,3.0,16.1,33.39,53,12.0,8.0,15.0,0.0,29.0,27.0,0.3,0.1666666667,1.3,0.2222222222,0.1666666667,0.2222222222,0.1666666667,0.1428571429,0.3333333333,0.0,0.1666666667,18.0,8.0,10.0,235,136.0,89.0,20.0,8.0,b12e3fe2,0.453125,-0.390625,,,,,,,,,,,,,,,,,,,,,,,,,,,,,,,,,,,,,,,,,,,,,,,,,,,,,,,,,,,,,,,,,,
5101,,,,,,,,,,,,,,,,,,,,,,,,,,,,,,,,,,,,,,,,,,,,,,,,,,,,,,,,,,,,,9040e357,,,,,,,,,,,,,,,,,,,,,,,,,,,,,,,,,,,,,,,,,,,,,,,,,,,,,,,,,,,,,,,,4.62890625,3.5546875,0.24609375,60.0,4jbuuuks_5101
5102,20.0,F,R,1/19/2003,English,15,Student,No,Email,Not Hispanic or Latino,More Than One Race,,5.0,8.0,10.0,11.0,11.0,6.0,7.0,9.0,61.0,32.0,20.0,9.0,5.0,4.0,2.0,19.0,10.0,4.0,3.0,2.0,21.69,85.25,59,8.0,2.0,14.0,0.0,27.0,81.0,0.9,0.8333333333,1.5,1.0,1.333333333,0.7777777778,0.5,0.2857142857,0.6666666667,0.7,0.8333333333,30.0,18.0,12.0,217,112.0,57.0,17.0,42.0,0519a3b8,0.28125,-0.40625,,,,,,,,,,,,,,,,,,,,,,,,,,,,,,,,,,,,,,,,,,,,,,,,,,,,,,,,,,,,,,,,,,
5103,19.0,M,R,11/26/2004,English,15,Student/Intern,Leothyrixine 100mg,Discord,Not Hispanic or Latino,Asian,,7.0,10.0,11.0,14.0,15.0,6.0,13.0,15.0,85.0,44.0,28.0,8.0,5.0,7.0,8.0,20.0,9.0,4.0,3.0,4.0,29.35,67.59,50,10.0,5.0,15.0,0.0,28.0,45.0,0.5,0.25,1.7,0.4444444444,1.166666667,0.2222222222,0.0,0.0,0.0,0.1,0.5,25.0,14.0,11.0,269,135.0,84.0,32.0,19.0,44a1b665,0.0625,-0.359375,0.796875,,,,,,,,,,,,,,,,,,,,,,,,,,,,,,,,,,,,,,,,,,,,,,,,,,,,,,,,,,,,,,,,,
5104,22.0,F,R,8/16/2001,English,16,Student,No,Discord Invite,Hispanic or Latino,Unknown or not Reported,,6.0,7.0,11.0,12.0,14.0,6.0,11.0,12.0,73.0,30.0,13.0,6.0,4.0,2.0,1.0,14.0,5.0,4.0,2.0,3.0,22.16,90.34,63,11.0,7.0,14.0,0.0,27.0,55.0,0.6111111111,0.25,0.9,0.5555555556,1.0,0.5555555556,0.8333333333,0.1428571429,0.5,0.2,1.0,26.0,13.0,13.0,304,144.0,83.0,32.0,18.0,73f14ef9	,0.4375,-0.46875,,,,,,,,,,,,,,,,,,,,,,,,,,,,,,,,,,,,,,,,,,,,,,,,,,,,,,,,,,,,,,,,,,
5105,19.0,M,R,04/13/2004,English,14,Student,No,RA,Hispanic or Latino,Asian,,5.0,7.0,10.0,13.0,11.0,3.0,8.0,10.0,64.0,31.0,18.0,6.0,5.0,4.0,3.0,11.0,4.0,2.0,2.0,3.0,25.25,62.03,59,8.0,6.0,15.0,2.0,23.0,12.0,0.1333333333,0.08333333333,0.3,0.0,0.4166666667,0.2222222222,0.0,0.0,0.0,0.0,0.1666666667,19.0,9.0,10.0,312,146.0,92.0,27.0,20.0,dcfbd551,,,,1,2.0,,,,,,,,,,,1,,,,,,1,,,,,,,,,,,,,,,,,,,,,,,,,,,,,,,,,,,,,,,,,,2.197265625,-0.83984375,0.111328125,14.0,pljyfbjg_5105
5106,,,,,,,,,,,,,,,,,,,,,,,,,,,,,,,,,,,,,,,,,,,,,,,,,,,,,,,,,,,,,,,,,1,2.0,,,,,,,,,,,1,,,,,,1,,,,,,,,,,,,,,,,,,,,,,,,,,,,,,,,,,,,,,,,,,,,,,
5107,19.0,F,R,06/26/2004,English,14,student,,RA,Not Hispanic or Latino,Asian,none,7.0,10.0,9.0,11.0,10.0,8.0,10.0,12.0,69.0,61.0,17.0,10.0,3.0,1.0,3.0,12.0,6.0,5.0,0.0,1.0,22.03,38.9,76,11.0,6.0,14.0,1.0,29.0,34.0,0.3777777778,0.3333333333,0.6,0.4444444444,0.8333333333,0.5555555556,0.1666666667,0.0,0.0,0.0,0.1666666667,13.0,9.0,4.0,286,141.0,82.0,28.0,28.0,51b6c874,,,,1,4.0,,,,,,,,,,,1,,,,,,1,,,,,,,,,,,,,,,,,,,,,,,,,,,,,,,,,,,,,,,,,,0.0390625,9.953125,1.6171875,19.0,atroebfh_5107
5108,35.0,F,R,10/08/1988,English,18,Student,no,RA,Not Hispanic or Latino,Caucasian,,10.0,11.0,14.0,15.0,15.0,7.0,14.0,15.0,94.0,51.0,41.0,13.0,13.0,7.0,8.0,27.0,11.0,8.0,5.0,3.0,25.1,37.34,61,11.0,7.0,15.0,1.0,30.0,155.0,1.722222222,1.75,2.3,1.333333333,2.0,1.888888889,1.0,1.571428571,0.5,0.9,3.333333333,26.0,18.0,8.0,212,95.0,52.0,11.0,23.0,2ec9cc87,,,,1,3.0,,,,,,,,,,,1,,,,,,1,,,,,,,,,,,,,,,,,,,,,,,,,,,,,,,,,,,,,,,,,,0.078125,5.96875,0.328125,68.0,mloalx1d_5108
5109,,,,,,,,,,,,,,,,,,,,,,,,,,,,,,,,,,,,,,,,,,,,,,,,,,,,,,,,,,,,,,,,,,,,,,,,,,,,,1,,,,,,,,,,,,,,,,,,,,,,,,,,,,,,,,,,,,,,,,,,,,,,,,,,,,
1245,86.0,F,R,5/11/1937,English,16,Retired,"Latanoprost, Biotin, Letrozole, UIT.D3, Aspirin 81mg, Asmanax, Mybetriq, Carueilol, Memetasone, Atoruastin, Valsartan, Anoroelliptia, Omega-3 Ethilesters",C2C,Not Hispanic or Latino,Caucasian,,2.0,7.0,6.0,7.0,6.0,5.0,3.0,5.0,36.0,61.0,17.0,7.0,2.0,4.0,4.0,11.0,3.0,3.0,2.0,3.0,35.53,127.44,29,9.0,5.0,15.0,4.0,24.0,29.0,0.3222222222,0.5833333333,0.9,0.1111111111,0.25,0.1111111111,0.0,0.0,0.1666666667,0.2,0.6666666667,25.0,12.0,13.0,254,121.0,82.0,13.0,18.0,,,,,,,,,,,,,,,,,,,,,,,,,,,,,,,,,,,,,,,,,,,,,,,,,,,,,,,,,,,,,,,,,,,,,
1246,75.0,M,R,11/14/1948,English,20,Retired Scientist,"Rosuvastatin 10mg/day, Candesartan 32mg/day, Spiranolactone 25mg/day, Cloxazosin 2mg/day, Cloxepin 25mg/day, Xarelto 10mg/day",C2C,Not Hispanic or Latino,Caucasian,"Stroke or cerebrovascular disease, Transient Ischemic Attack (TIA)",6.0,7.0,9.0,11.0,10.0,3.0,7.0,7.0,57.0,55.0,25.0,5.0,6.0,7.0,7.0,12.0,6.0,2.0,2.0,2.0,28.31,48,50,11.0,7.0,9.0,1.0,27.0,4.0,0.04444444444,0.08333333333,0.1,0.0,0.0,0.0,0.1666666667,0.0,0.0,0.0,0.0,5.0,2.0,3.0,274,168.0,104.0,10.0,27.0,,,,,,,,,,,,,,,,,,,,,,,,,,,,,,,,,,,,,,,,,,,,,,,,,,,,,,,,,,,,,,,,,,,,,
1249,68.0,F,R,2/8/1956,English,15,Retired,Anastrazole (Cancer medication),C2C,Not Hispanic or Latino,Caucasian,Mild Cognitive Impairment,6.0,8.0,8.0,7.0,8.0,6.0,7.0,5.0,49.0,32.0,26.0,10.0,5.0,4.0,7.0,16.0,6.0,4.0,4.0,2.0,24.41,170.88,39,14.0,10.0,8.0,0.0,24.0,35.0,0.3888888889,0.3333333333,0.9,0.3333333333,0.1666666667,0.2222222222,0.1666666667,0.1428571429,0.3333333333,0.1,1.166666667,17.0,7.0,10.0,255,135.0,94.0,12.0,14.0,,,,,,,,,,,,,,,,,,,,,,,,,,,,,,,,,,,,,,,,,,,,,,,,,,,,,,,,,,,,,,,,,,,,,
1252,83.0,F,R,12/28/1940,English,14,Self-employed,,Friend recommendation,Not Hispanic or Latino,Caucasian,,9.0,13.0,12.0,15.0,13.0,5.0,13.0,15.0,90.0,43.0,23.0,7.0,7.0,5.0,4.0,15.0,8.0,3.0,2.0,2.0,32.91,62.07,57,10.0,6.0,15.0,0.0,28.0,13.0,0.1444444444,0.1666666667,0.2,0.2222222222,0.0,0.3333333333,0.0,0.0,0.3333333333,0.0,0.1666666667,14.0,9.0,5.0,317,142.0,102.0,32.0,8.0,f6d046a7,0.265625,-0.375,0.765625,,,,,,,,,,,,,,,,,,,,,,,,,,,,,,,,,,,,,,,,,,,,,,,,,,,,,,,,,,,,,,,,,
1250,80.0,F,R,04/17/1943,English,,Speech/Language Pathologist,"Lipitor, Lisinopril, Atorvastatin, Buproprion, Meloxican",Email,Unknown or not Reported,Unknown or not Reported,Vertigo,5.0,7.0,9.0,8.0,9.0,4.0,10.0,7.0,55.0,71.0,15.0,6.0,5.0,2.0,2.0,17.0,8.0,5.0,4.0,0.0,23.31,1.51.97,30,14.0,7.0,15.0,8.0,23.0,38.0,0.4222222222,0.3333333333,0.9,0.3333333333,0.6666666667,0.2222222222,0.3333333333,0.0,0.1666666667,0.6,0.1666666667,13.0,3.0,10.0,323,170.0,102.0,15.0,33.0,67de6a66,,,,,,,,,,,,,,,,,,,,,,,,,,,,,,,,,,,,,,,,,,,,,,,,,,,,,,,,,,,,,,,,,,,,
1251,72.0,M,R,09/25/1952,English,,"Retired navy pilot, marketing, high school principal","Rosuvastatin 40mg, Metoporol 50mg, Xarelto 20mg, allopurinol",Email,Not Hispanic or Latino,Caucasian,,5.0,9.0,9.0,10.0,11.0,9.0,12.0,9.0,65.0,77.0,8.0,6.0,1.0,1.0,,21.0,11.0,5.0,2.0,3.0,23.22,67.62,56,14.0,7.0,14.0,1.0,29.0,16.0,0.1777777778,0.4166666667,0.2,0.0,0.08333333333,0.2222222222,0.0,0.1428571429,0.0,0.2,0.5,6.0,3.0,3.0,322,160.0,104.0,17.0,26.0,8ce2f7cd,,,,,,,,,,,,,,,,,,,,,,,,,,,,,,,,,,,,,,,,,,,,,,,,,,,,,,,,,,,,,,,,,,,,
1243,82.0,M,R,03/18/1941,Sinhala and English,17,Retired,Memantine,Dr. Michael Shea - Neurologist,Not Hispanic or Latino,American Indian/Alaska Native,Dementia (Border Line),0.0,3.0,4.0,2.0,3.0,1.0,0.0,0.0,12.0,20.0,10.0,3.0,3.0,0.0,4.0,3.0,2.0,1.0,0.0,0.0,48.34,268.34,19,10.0,3.0,9.0,12.0,7.0,,,,,,,,,,,,,,,,,,,,,,,,,,,,,,,,,,,,,,,,,,,,,,,,,,,,,,,,,,,,,,,,,,,,,,,,,,,,,,,,,,,,,,,,,
1253,71.0,F,R,6/12/1952,Mandarin/Taiwanese,20,Retired,"Metformin, Rosuvastatin",Friend recommendation,Not Hispanic or Latino,Asian ,,7.0,8.0,11.0,12.0,11.0,0.0,11.0,12.0,72.0,25.0,13.0,7.0,3.0,2.0,1.0,11.0,6.0,2.0,1.0,2.0,34.47,74.06,43,7.0,7.0,15.0,16.0,26.0,70.0,0.7777777778,0.5,1.6,0.4444444444,0.25,0.6666666667,1.0,0.2857142857,0.8333333333,0.6,2.0,8.0,8.0,0.0,224,119.0,88.0,8.0,13.0,2c614227,,,,,,,,,,,,,,,,,,,,,,,,,,,,,,,,,,,,,,,,,,,,,,,,,,,,,,,,,,,,,,,,,,,,
1254,70.0,F,R,06/08/1953,English,,Retired - 44 years at sales + dental instrument repairs,,Costa Mesa Senior Center,Not Hispanic or Latino,Caucasian,,2.0,5.0,7.0,7.0,8.0,4.0,5.0,6.0,40.0,26.0,16.0,9.0,2.0,0.0,5.0,10.0,5.0,3.0,2.0,0.0,30.97,64.81,40,10.0,5.0,9.0,1.0,27.0,37.0,0.4111111111,0.3333333333,1.0,0.1111111111,1.166666667,0.2222222222,0.0,0.0,0.3333333333,0.1,0.3333333333,9.0,7.0,2.0,265,113.0,73.0,19.0,27.0,,,,,,,,,,,,,,,,,,,,,,,,,,,,,,,,,,,,,,,,,,,,,,,,,,,,,,,,,,,,,,,,,,,,,
1255,82.0,F,R,03/20/1942,English,,Retired - taught quilt making and lecturer,"Lisinopril for HBP, Oxybutynin for bladder, timolol for glaucoma",Lecture at Costa Mesa Senior Center,Not Hispanic or Latino,Caucasian,,7.0,8.0,11.0,8.0,13.0,2.0,11.0,9.0,67.0,47.0,14.0,8.0,3.0,2.0,1.0,16.0,5.0,2.0,4.0,5.0,38.25,67.28,48,14.0,10.0,13.0,2.0,24.0,86.0,0.9555555556,0.5833333333,1.2,1.333333333,1.333333333,0.4444444444,0.3333333333,0.4285714286,1.0,1.3,1.5,15.0,8.0,7.0,291,130.0,82.0,26.0,28.0,cc6f6ede,,,,,,,,,,,,,,,,,,,,,,,,,,,,,,,,,,,,,,,,,,,,,,,,,,,,,,,,,,,,,,,,,,,,
