trial_type,time_elapsed,rt,key_press,condition,next_reward,responses,planet,curr_prac_trial,n_prac_rounds,button_pressed,alien,aliens,reward_received,decay_rate_actual,decay_rate_exp,time_in_block,block_num,prt,last_trial_on_planet,bonus,num_failures,Unnamed: 23,Unnamed: 24,Unnamed: 25,Unnamed: 26,Unnamed: 27,Unnamed: 28,Unnamed: 29,Unnamed: 30,Unnamed: 31,Unnamed: 32,Unnamed: 33,Unnamed: 34,Unnamed: 35,Unnamed: 36,Unnamed: 37,Unnamed: 38,Unnamed: 39,Unnamed: 40,Unnamed: 41,Unnamed: 42,Unnamed: 43,Unnamed: 44,Unnamed: 45,Unnamed: 46,Unnamed: 47,Unnamed: 48,Unnamed: 49,Unnamed: 50,Unnamed: 51,Unnamed: 52,Unnamed: 53,Unnamed: 54,Unnamed: 55,Unnamed: 56,Unnamed: 57,Unnamed: 58,Unnamed: 59,Unnamed: 60,Unnamed: 61,Unnamed: 62,Unnamed: 63,Unnamed: 64,Unnamed: 65,Unnamed: 66,Unnamed: 67,Unnamed: 68,Unnamed: 69,Unnamed: 70,Unnamed: 71,Unnamed: 72,Unnamed: 73,Unnamed: 74,Unnamed: 75,Unnamed: 76
fullscreen,4642,,,,,,,,,,,,,,,,,,,,,,,,,,,,,,,,,,,,,,,,,,,,,,,,,,,,,,,,,,,,,,,,,,,,,,,,,,
instruc_welcome,12120,7469.7,32.0,1.0,,,,,,,,,,,,,,,,,,,,,,,,,,,,,,,,,,,,,,,,,,,,,,,,,,,,,,,,,,,,,,,,,,,,,,,
instruc_goal,18086,5962.7,32.0,,,,,,,,,,,,,,,,,,,,,,,,,,,,,,,,,,,,,,,,,,,,,,,,,,,,,,,,,,,,,,,,,,,,,,,,
instruc_dig,30803,12712.7,65.0,,100.0,,,,,,,,,,,,,,,,,,,,,,,,,,,,,,,,,,,,,,,,,,,,,,,,,,,,,,,,,,,,,,,,,,,,,,
dig_instruc,32822,,,,,[],,,,,,,,,,,,,,,,,,,,,,,,,,,,,,,,,,,,,,,,,,,,,,,,,,,,,,,,,,,,,,,,,,,,,
harvest_instruc,34327,,,,,,,,,,,,,,,,,,,,,,,,,,,,,,,,,,,,,,,,,,,,,,,,,,,,,,,,,,,,,,,,,,,,,,,,,,
instruc_travel,43876,9545.8,76.0,,,,,,,,,,,,,,,,,,,,,,,,,,,,,,,,,,,,,,,,,,,,,,,,,,,,,,,,,,,,,,,,,,,,,,,,
travel_prac,53882,,,,,[],0,,,,,,,,,,,,,,,,,,,,,,,,,,,,,,,,,,,,,,,,,,,,,,,,,,,,,,,,,,,,,,,,,,,,
instruc_alien_greet,59753,5867.4,32.0,,,,,,,,,,,,,,,,,,,,,,,,,,,,,,,,,,,,,,,,,,,,,,,,,,,,,,,,,,,,,,,,,,,,,,,,
time_out,73434,13676.0,32.0,,,,,,,,,,,,,,,,,,,,,,,,,,,,,,,,,,,,,,,,,,,,,,,,,,,,,,,,,,,,,,,,,,,,,,,,
instruc_break,105016,31578.5,32.0,,,,,,,,,,,,,,,,,,,,,,,,,,,,,,,,,,,,,,,,,,,,,,,,,,,,,,,,,,,,,,,,,,,,,,,,
quiz_prac,122612,17575.3,,,,{Q0:C,Q1:B,Q2:B},,,,,,,,,,,,,,,,,,,,,,,,,,,,,,,,,,,,,,,,,,,,,,,,,,,,,,,,,,,,,,,,,,,
quiz_correct,126580,3960.9,,,,{Q0:C,Q1:B,Q2:B},,,,,,,,,,,,,,,,,,,,,,,,,,,,,,,,,,,,,,,,,,,,,,,,,,,,,,,,,,,,,,,,,,,
instruc_prac_game,137680,11098.6,32.0,,,,,,,,,,,,,,,,,,,,,,,,,,,,,,,,,,,,,,,,,,,,,,,,,,,,,,,,,,,,,,,,,,,,,,,,
alien_welcome_prac,142684,,,,,,,,,,,,,,,,,,,,,,,,,,,,,,,,,,,,,,,,,,,,,,,,,,,,,,,,,,,,,,,,,,,,,,,,,,
land_prac,143195,,,,92.0,,0,,,,,,,,,,,,,,,,,,,,,,,,,,,,,,,,,,,,,,,,,,,,,,,,,,,,,,,,,,,,,,,,,,,,
dig_prac,145206,,,,,[],,,,,,,,,,,,,,,,,,,,,,,,,,,,,,,,,,,,,,,,,,,,,,,,,,,,,,,,,,,,,,,,,,,,,
harvest_prac,146715,,,,,,,,,,,,,,,,,,,,,,,,,,,,,,,,,,,,,,,,,,,,,,,,,,,,,,,,,,,,,,,,,,,,,,,,,,
decision_prac,147527,810.1,65.0,,,,,1,,,,,,,,,,,,,,,,,,,,,,,,,,,,,,,,,,,,,,,,,,,,,,,,,,,,,,,,,,,,,,,,,,,
dig_prac,149534,,,,,[],,,,,,,,,,,,,,,,,,,,,,,,,,,,,,,,,,,,,,,,,,,,,,,,,,,,,,,,,,,,,,,,,,,,,
harvest_prac,151044,,,,,,,,,,,,,,,,,,,,,,,,,,,,,,,,,,,,,,,,,,,,,,,,,,,,,,,,,,,,,,,,,,,,,,,,,,
decision_prac,151451,405.3,65.0,,,,,2,,,,,,,,,,,,,,,,,,,,,,,,,,,,,,,,,,,,,,,,,,,,,,,,,,,,,,,,,,,,,,,,,,,
dig_prac,153458,,,,,[],,,,,,,,,,,,,,,,,,,,,,,,,,,,,,,,,,,,,,,,,,,,,,,,,,,,,,,,,,,,,,,,,,,,,
harvest_prac,154966,,,,,,,,,,,,,,,,,,,,,,,,,,,,,,,,,,,,,,,,,,,,,,,,,,,,,,,,,,,,,,,,,,,,,,,,,,
decision_prac,155524,555.9,65.0,,,,,3,,,,,,,,,,,,,,,,,,,,,,,,,,,,,,,,,,,,,,,,,,,,,,,,,,,,,,,,,,,,,,,,,,,
dig_prac,157530,,,,,[],,,,,,,,,,,,,,,,,,,,,,,,,,,,,,,,,,,,,,,,,,,,,,,,,,,,,,,,,,,,,,,,,,,,,
harvest_prac,159032,,,,,,,,,,,,,,,,,,,,,,,,,,,,,,,,,,,,,,,,,,,,,,,,,,,,,,,,,,,,,,,,,,,,,,,,,,
decision_prac,159570,536.0,76.0,,,,,4,,,,,,,,,,,,,,,,,,,,,,,,,,,,,,,,,,,,,,,,,,,,,,,,,,,,,,,,,,,,,,,,,,,
travel,169035,,,,,[],0,,,,,,,,,,,,,,,,,,,,,,,,,,,,,,,,,,,,,,,,,,,,,,,,,,,,,,,,,,,,,,,,,,,,
alien_welcome_prac,174040,,,,,,,,,,,,,,,,,,,,,,,,,,,,,,,,,,,,,,,,,,,,,,,,,,,,,,,,,,,,,,,,,,,,,,,,,,
land_prac,174550,,,,97.0,,0,,,,,,,,,,,,,,,,,,,,,,,,,,,,,,,,,,,,,,,,,,,,,,,,,,,,,,,,,,,,,,,,,,,,
dig_prac,176564,,,,,[],,,,,,,,,,,,,,,,,,,,,,,,,,,,,,,,,,,,,,,,,,,,,,,,,,,,,,,,,,,,,,,,,,,,,
harvest_prac,178068,,,,,,,,,,,,,,,,,,,,,,,,,,,,,,,,,,,,,,,,,,,,,,,,,,,,,,,,,,,,,,,,,,,,,,,,,,
decision_prac,179374,1303.3,65.0,,,,,,1,,,,,,,,,,,,,,,,,,,,,,,,,,,,,,,,,,,,,,,,,,,,,,,,,,,,,,,,,,,,,,,,,,
instruc_begin_exp,182424,3044.5,,,,,,,1,1,,,,,,,,,,,,,,,,,,,,,,,,,,,,,,,,,,,,,,,,,,,,,,,,,,,,,,,,,,,,,,,,,
alien_welcome,187431,,,,,,,,,,100,74,104,51,13,77,111,60,65,30.0,99.0,84.0,28.0,9.0,91.0,47.0,71.0,89.0,61.0,55.0,25.0,41.0,3.0,53.0,58.0,88.0,44.0,87.0,11.0,114.0,26.0,82.0,67.0,4.0,50.0,63.0,54.0,49.0,17.0,15.0,18.0,35.0,76.0,116.0,34.0,108.0,69.0,78.0,27.0,113.0,102.0,70.0,43.0,112.0,86.0,107.0,105.0,22.0,115.0,52.0,59.0,8.0,75.0,85.0,19.0
land,187942,,,,110.0,,1,,,,,,,,,,,,,,,,,,,,,,,,,,,,,,,,,,,,,,,,,,,,,,,,,,,,,,,,,,,,,,,,,,,,
dig,189951,,,,,[],1,,,,,,,,,,,,,,,,,,,,,,,,,,,,,,,,,,,,,,,,,,,,,,,,,,,,,,,,,,,,,,,,,,,,
harvest,191455,,,,23.0,,1,,,,,,110,0.205702553,0.209090909,,,,,,,,,,,,,,,,,,,,,,,,,,,,,,,,,,,,,,,,,,,,,,,,,,,,,,,,,,,,
decision,191535,50.90000001,65.0,,23.0,,1,,,,,,,,,9111,1,0,FALSE,,,,,,,,,,,,,,,,,,,,,,,,,,,,,,,,,,,,,,,,,,,,,,,,,,,,,,,,
dig,193492,,,,,[],1,,,,,,,,,,,,,,,,,,,,,,,,,,,,,,,,,,,,,,,,,,,,,,,,,,,,,,,,,,,,,,,,,,,,
harvest,194996,,,,4.0,,1,,,,,,23,0.181373889,0.173913043,,,,,,,,,,,,,,,,,,,,,,,,,,,,,,,,,,,,,,,,,,,,,,,,,,,,,,,,,,,,
decision,196999,,,,4.0,,1,,,,,,,,,14575,1,1,FALSE,,,,,,,,,,,,,,,,,,,,,,,,,,,,,,,,,,,,,,,,,,,,,,,,,,,,,,,,
time_out,199007,,,,4.0,,,,,,,,,,,,,,,,,,,,,,,,,,,,,,,,,,,,,,,,,,,,,,,,,,,,,,,,,,,,,,,,,,,,,,
decision,200885,1874.3,76.0,,4.0,,1,,,,,,,,,18461,1,1,TRUE,,,,,,,,,,,,,,,,,,,,,,,,,,,,,,,,,,,,,,,,,,,,,,,,,,,,,,,,
travel,209014,,,,,[],1,,,,,,,,,,,,,,,,,,,,,,,,,,,,,,,,,,,,,,,,,,,,,,,,,,,,,,,,,,,,,,,,,,,,
alien_welcome,214022,,,,,,,,,,38,74,104,51,13,77,111,60,65,30.0,99.0,84.0,28.0,9.0,91.0,47.0,71.0,89.0,61.0,55.0,25.0,41.0,3.0,53.0,58.0,88.0,44.0,87.0,11.0,114.0,26.0,82.0,67.0,4.0,50.0,63.0,54.0,49.0,17.0,15.0,18.0,35.0,76.0,116.0,34.0,108.0,69.0,78.0,27.0,113.0,102.0,70.0,43.0,112.0,86.0,107.0,105.0,22.0,115.0,52.0,59.0,8.0,75.0,85.0,19.0
land,214530,,,,97.0,,2,,,,,,,,,,,,,,,,,,,,,,,,,,,,,,,,,,,,,,,,,,,,,,,,,,,,,,,,,,,,,,,,,,,,
dig,216538,,,,,[],2,,,,,,,,,,,,,,,,,,,,,,,,,,,,,,,,,,,,,,,,,,,,,,,,,,,,,,,,,,,,,,,,,,,,
harvest,218051,,,,25.0,,2,,,,,,97,0.257954415,0.257731959,,,,,,,,,,,,,,,,,,,,,,,,,,,,,,,,,,,,,,,,,,,,,,,,,,,,,,,,,,,,
decision,219196,1143.2,65.0,,25.0,,2,,,,,,,,,36771,1,0,FALSE,,,,,,,,,,,,,,,,,,,,,,,,,,,,,,,,,,,,,,,,,,,,,,,,,,,,,,,,
dig,220058,,,,,[],2,,,,,,,,,,,,,,,,,,,,,,,,,,,,,,,,,,,,,,,,,,,,,,,,,,,,,,,,,,,,,,,,,,,,
harvest,221565,,,,5.0,,2,,,,,,25,0.18590823,0.2,,,,,,,,,,,,,,,,,,,,,,,,,,,,,,,,,,,,,,,,,,,,,,,,,,,,,,,,,,,,
decision,223459,1865.7,76.0,,5.0,,2,,,,,,,,,41035,1,1,TRUE,,,,,,,,,,,,,,,,,,,,,,,,,,,,,,,,,,,,,,,,,,,,,,,,,,,,,,,,
travel,231595,,,,,[],2,,,,,,,,,,,,,,,,,,,,,,,,,,,,,,,,,,,,,,,,,,,,,,,,,,,,,,,,,,,,,,,,,,,,
alien_welcome,236602,,,,,,,,,,42,74,104,51,13,77,111,60,65,30.0,99.0,84.0,28.0,9.0,91.0,47.0,71.0,89.0,61.0,55.0,25.0,41.0,3.0,53.0,58.0,88.0,44.0,87.0,11.0,114.0,26.0,82.0,67.0,4.0,50.0,63.0,54.0,49.0,17.0,15.0,18.0,35.0,76.0,116.0,34.0,108.0,69.0,78.0,27.0,113.0,102.0,70.0,43.0,112.0,86.0,107.0,105.0,22.0,115.0,52.0,59.0,8.0,75.0,85.0,19.0
land,237110,,,,95.0,,3,,,,,,,,,,,,,,,,,,,,,,,,,,,,,,,,,,,,,,,,,,,,,,,,,,,,,,,,,,,,,,,,,,,,
dig,239116,,,,,[],3,,,,,,,,,,,,,,,,,,,,,,,,,,,,,,,,,,,,,,,,,,,,,,,,,,,,,,,,,,,,,,,,,,,,
harvest,240620,,,,56.0,,3,,,,,,95,0.592129081,0.589473684,,,,,,,,,,,,,,,,,,,,,,,,,,,,,,,,,,,,,,,,,,,,,,,,,,,,,,,,,,,,
decision,241807,1183.4,65.0,,56.0,,3,,,,,,,,,59383,1,0,FALSE,,,,,,,,,,,,,,,,,,,,,,,,,,,,,,,,,,,,,,,,,,,,,,,,,,,,,,,,
dig,242632,,,,,[],3,,,,,,,,,,,,,,,,,,,,,,,,,,,,,,,,,,,,,,,,,,,,,,,,,,,,,,,,,,,,,,,,,,,,
harvest,244135,,,,26.0,,3,,,,,,56,0.470762154,0.464285714,,,,,,,,,,,,,,,,,,,,,,,,,,,,,,,,,,,,,,,,,,,,,,,,,,,,,,,,,,,,
decision,244171,33.5,65.0,,26.0,,3,,,,,,,,,61746,1,1,FALSE,,,,,,,,,,,,,,,,,,,,,,,,,,,,,,,,,,,,,,,,,,,,,,,,,,,,,,,,
dig,246147,,,,,[],3,,,,,,,,,,,,,,,,,,,,,,,,,,,,,,,,,,,,,,,,,,,,,,,,,,,,,,,,,,,,,,,,,,,,
harvest,247651,,,,14.0,,3,,,,,,26,0.547949332,0.538461538,,,,,,,,,,,,,,,,,,,,,,,,,,,,,,,,,,,,,,,,,,,,,,,,,,,,,,,,,,,,
decision,248671,1016.9,65.0,,14.0,,3,,,,,,,,,66248,1,2,FALSE,,,,,,,,,,,,,,,,,,,,,,,,,,,,,,,,,,,,,,,,,,,,,,,,,,,,,,,,
dig,249661,,,,,[],3,,,,,,,,,,,,,,,,,,,,,,,,,,,,,,,,,,,,,,,,,,,,,,,,,,,,,,,,,,,,,,,,,,,,
harvest,251164,,,,7.0,,3,,,,,,14,0.482604194,0.5,,,,,,,,,,,,,,,,,,,,,,,,,,,,,,,,,,,,,,,,,,,,,,,,,,,,,,,,,,,,
decision,251876,709.5,65.0,,7.0,,3,,,,,,,,,69452,1,3,FALSE,,,,,,,,,,,,,,,,,,,,,,,,,,,,,,,,,,,,,,,,,,,,,,,,,,,,,,,,
dig,253176,,,,,[],3,,,,,,,,,,,,,,,,,,,,,,,,,,,,,,,,,,,,,,,,,,,,,,,,,,,,,,,,,,,,,,,,,,,,
harvest,254679,,,,4.0,,3,,,,,,7,0.500173065,0.571428571,,,,,,,,,,,,,,,,,,,,,,,,,,,,,,,,,,,,,,,,,,,,,,,,,,,,,,,,,,,,
decision,254998,315.8,76.0,,4.0,,3,,,,,,,,,72574,1,4,TRUE,,,,,,,,,,,,,,,,,,,,,,,,,,,,,,,,,,,,,,,,,,,,,,,,,,,,,,,,
travel,264692,,,,,[],3,,,,,,,,,,,,,,,,,,,,,,,,,,,,,,,,,,,,,,,,,,,,,,,,,,,,,,,,,,,,,,,,,,,,
alien_welcome,269695,,,,,,,,,,68,74,104,51,13,77,111,60,65,30.0,99.0,84.0,28.0,9.0,91.0,47.0,71.0,89.0,61.0,55.0,25.0,41.0,3.0,53.0,58.0,88.0,44.0,87.0,11.0,114.0,26.0,82.0,67.0,4.0,50.0,63.0,54.0,49.0,17.0,15.0,18.0,35.0,76.0,116.0,34.0,108.0,69.0,78.0,27.0,113.0,102.0,70.0,43.0,112.0,86.0,107.0,105.0,22.0,115.0,52.0,59.0,8.0,75.0,85.0,19.0
land,270200,,,,99.0,,4,,,,,,,,,,,,,,,,,,,,,,,,,,,,,,,,,,,,,,,,,,,,,,,,,,,,,,,,,,,,,,,,,,,,
dig,272206,,,,,[],4,,,,,,,,,,,,,,,,,,,,,,,,,,,,,,,,,,,,,,,,,,,,,,,,,,,,,,,,,,,,,,,,,,,,
harvest,273710,,,,51.0,,4,,,,,,99,0.512690428,0.515151515,,,,,,,,,,,,,,,,,,,,,,,,,,,,,,,,,,,,,,,,,,,,,,,,,,,,,,,,,,,,
decision,274148,435.3,65.0,,51.0,,4,,,,,,,,,91724,1,0,FALSE,,,,,,,,,,,,,,,,,,,,,,,,,,,,,,,,,,,,,,,,,,,,,,,,,,,,,,,,
dig,275720,,,,,[],4,,,,,,,,,,,,,,,,,,,,,,,,,,,,,,,,,,,,,,,,,,,,,,,,,,,,,,,,,,,,,,,,,,,,
harvest,277226,,,,25.0,,4,,,,,,51,0.496016695,0.490196078,,,,,,,,,,,,,,,,,,,,,,,,,,,,,,,,,,,,,,,,,,,,,,,,,,,,,,,,,,,,
decision,277624,395.0,65.0,,25.0,,4,,,,,,,,,95199,1,1,FALSE,,,,,,,,,,,,,,,,,,,,,,,,,,,,,,,,,,,,,,,,,,,,,,,,,,,,,,,,
dig,279241,,,,,[],4,,,,,,,,,,,,,,,,,,,,,,,,,,,,,,,,,,,,,,,,,,,,,,,,,,,,,,,,,,,,,,,,,,,,
harvest,280744,,,,10.0,,4,,,,,,25,0.39893819,0.4,,,,,,,,,,,,,,,,,,,,,,,,,,,,,,,,,,,,,,,,,,,,,,,,,,,,,,,,,,,,
decision,281188,440.9,65.0,,10.0,,4,,,,,,,,,98764,1,2,FALSE,,,,,,,,,,,,,,,,,,,,,,,,,,,,,,,,,,,,,,,,,,,,,,,,,,,,,,,,
dig,282754,,,,,[],4,,,,,,,,,,,,,,,,,,,,,,,,,,,,,,,,,,,,,,,,,,,,,,,,,,,,,,,,,,,,,,,,,,,,
harvest,284259,,,,5.0,,4,,,,,,10,0.539026486,0.5,,,,,,,,,,,,,,,,,,,,,,,,,,,,,,,,,,,,,,,,,,,,,,,,,,,,,,,,,,,,
decision,284732,470.0,76.0,,5.0,,4,,,,,,,,,102307,1,3,TRUE,,,,,,,,,,,,,,,,,,,,,,,,,,,,,,,,,,,,,,,,,,,,,,,,,,,,,,,,
travel,294265,,,,,[],4,,,,,,,,,,,,,,,,,,,,,,,,,,,,,,,,,,,,,,,,,,,,,,,,,,,,,,,,,,,,,,,,,,,,
alien_welcome,299269,,,,,,,,,,83,74,104,51,13,77,111,60,65,30.0,99.0,84.0,28.0,9.0,91.0,47.0,71.0,89.0,61.0,55.0,25.0,41.0,3.0,53.0,58.0,88.0,44.0,87.0,11.0,114.0,26.0,82.0,67.0,4.0,50.0,63.0,54.0,49.0,17.0,15.0,18.0,35.0,76.0,116.0,34.0,108.0,69.0,78.0,27.0,113.0,102.0,70.0,43.0,112.0,86.0,107.0,105.0,22.0,115.0,52.0,59.0,8.0,75.0,85.0,19.0
land,299774,,,,108.0,,5,,,,,,,,,,,,,,,,,,,,,,,,,,,,,,,,,,,,,,,,,,,,,,,,,,,,,,,,,,,,,,,,,,,,
dig,301780,,,,,[],5,,,,,,,,,,,,,,,,,,,,,,,,,,,,,,,,,,,,,,,,,,,,,,,,,,,,,,,,,,,,,,,,,,,,
harvest,303284,,,,59.0,,5,,,,,,108,0.546500825,0.546296296,,,,,,,,,,,,,,,,,,,,,,,,,,,,,,,,,,,,,,,,,,,,,,,,,,,,,,,,,,,,
decision,303946,660.1,65.0,,59.0,,5,,,,,,,,,121522,1,0,FALSE,,,,,,,,,,,,,,,,,,,,,,,,,,,,,,,,,,,,,,,,,,,,,,,,,,,,,,,,
dig,305293,,,,,[],5,,,,,,,,,,,,,,,,,,,,,,,,,,,,,,,,,,,,,,,,,,,,,,,,,,,,,,,,,,,,,,,,,,,,
harvest,306796,,,,33.0,,5,,,,,,59,0.562092179,0.559322034,,,,,,,,,,,,,,,,,,,,,,,,,,,,,,,,,,,,,,,,,,,,,,,,,,,,,,,,,,,,
decision,307369,569.6,65.0,,33.0,,5,,,,,,,,,124944,1,1,FALSE,,,,,,,,,,,,,,,,,,,,,,,,,,,,,,,,,,,,,,,,,,,,,,,,,,,,,,,,
dig,308806,,,,,[],5,,,,,,,,,,,,,,,,,,,,,,,,,,,,,,,,,,,,,,,,,,,,,,,,,,,,,,,,,,,,,,,,,,,,
harvest,310310,,,,17.0,,5,,,,,,33,0.503031515,0.515151515,,,,,,,,,,,,,,,,,,,,,,,,,,,,,,,,,,,,,,,,,,,,,,,,,,,,,,,,,,,,
decision,310662,349.5,65.0,,17.0,,5,,,,,,,,,128237,1,2,FALSE,,,,,,,,,,,,,,,,,,,,,,,,,,,,,,,,,,,,,,,,,,,,,,,,,,,,,,,,
dig,312319,,,,,[],5,,,,,,,,,,,,,,,,,,,,,,,,,,,,,,,,,,,,,,,,,,,,,,,,,,,,,,,,,,,,,,,,,,,,
harvest,313830,,,,9.0,,5,,,,,,17,0.516332441,0.529411765,,,,,,,,,,,,,,,,,,,,,,,,,,,,,,,,,,,,,,,,,,,,,,,,,,,,,,,,,,,,
decision,314220,387.4,65.0,,9.0,,5,,,,,,,,,131795,1,3,FALSE,,,,,,,,,,,,,,,,,,,,,,,,,,,,,,,,,,,,,,,,,,,,,,,,,,,,,,,,
dig,315841,,,,,[],5,,,,,,,,,,,,,,,,,,,,,,,,,,,,,,,,,,,,,,,,,,,,,,,,,,,,,,,,,,,,,,,,,,,,
harvest,317344,,,,4.0,,5,,,,,,9,0.472158699,0.444444444,,,,,,,,,,,,,,,,,,,,,,,,,,,,,,,,,,,,,,,,,,,,,,,,,,,,,,,,,,,,
decision,317863,516.4,65.0,,4.0,,5,,,,,,,,,135438,1,4,FALSE,,,,,,,,,,,,,,,,,,,,,,,,,,,,,,,,,,,,,,,,,,,,,,,,,,,,,,,,
dig,319353,,,,,[],5,,,,,,,,,,,,,,,,,,,,,,,,,,,,,,,,,,,,,,,,,,,,,,,,,,,,,,,,,,,,,,,,,,,,
harvest,320894,,,,2.0,,5,,,,,,4,0.511296815,0.5,,,,,,,,,,,,,,,,,,,,,,,,,,,,,,,,,,,,,,,,,,,,,,,,,,,,,,,,,,,,
decision,321881,982.3,76.0,,2.0,,5,,,,,,,,,139457,1,5,TRUE,,,,,,,,,,,,,,,,,,,,,,,,,,,,,,,,,,,,,,,,,,,,,,,,,,,,,,,,
travel,330902,,,,,[],5,,,,,,,,,,,,,,,,,,,,,,,,,,,,,,,,,,,,,,,,,,,,,,,,,,,,,,,,,,,,,,,,,,,,
alien_welcome,335905,,,,,,,,,,10,74,104,51,13,77,111,60,65,30.0,99.0,84.0,28.0,9.0,91.0,47.0,71.0,89.0,61.0,55.0,25.0,41.0,3.0,53.0,58.0,88.0,44.0,87.0,11.0,114.0,26.0,82.0,67.0,4.0,50.0,63.0,54.0,49.0,17.0,15.0,18.0,35.0,76.0,116.0,34.0,108.0,69.0,78.0,27.0,113.0,102.0,70.0,43.0,112.0,86.0,107.0,105.0,22.0,115.0,52.0,59.0,8.0,75.0,85.0,19.0
land,336410,,,,103.0,,6,,,,,,,,,,,,,,,,,,,,,,,,,,,,,,,,,,,,,,,,,,,,,,,,,,,,,,,,,,,,,,,,,,,,
dig,338416,,,,,[],6,,,,,,,,,,,,,,,,,,,,,,,,,,,,,,,,,,,,,,,,,,,,,,,,,,,,,,,,,,,,,,,,,,,,
harvest,339919,,,,83.0,,6,,,,,,103,0.804977345,0.805825243,,,,,,,,,,,,,,,,,,,,,,,,,,,,,,,,,,,,,,,,,,,,,,,,,,,,,,,,,,,,
decision,340315,393.2,65.0,,83.0,,6,,,,,,,,,157891,1,0,FALSE,,,,,,,,,,,,,,,,,,,,,,,,,,,,,,,,,,,,,,,,,,,,,,,,,,,,,,,,
dig,341930,,,,,[],6,,,,,,,,,,,,,,,,,,,,,,,,,,,,,,,,,,,,,,,,,,,,,,,,,,,,,,,,,,,,,,,,,,,,
harvest,343434,,,,62.0,,6,,,,,,83,0.749383853,0.746987952,,,,,,,,,,,,,,,,,,,,,,,,,,,,,,,,,,,,,,,,,,,,,,,,,,,,,,,,,,,,
decision,344073,636.6,65.0,,62.0,,6,,,,,,,,,161648,1,1,FALSE,,,,,,,,,,,,,,,,,,,,,,,,,,,,,,,,,,,,,,,,,,,,,,,,,,,,,,,,
dig,345443,,,,,[],6,,,,,,,,,,,,,,,,,,,,,,,,,,,,,,,,,,,,,,,,,,,,,,,,,,,,,,,,,,,,,,,,,,,,
harvest,346946,,,,49.0,,6,,,,,,62,0.791406206,0.790322581,,,,,,,,,,,,,,,,,,,,,,,,,,,,,,,,,,,,,,,,,,,,,,,,,,,,,,,,,,,,
decision,347375,424.9,65.0,,49.0,,6,,,,,,,,,164951,1,2,FALSE,,,,,,,,,,,,,,,,,,,,,,,,,,,,,,,,,,,,,,,,,,,,,,,,,,,,,,,,
dig,348960,,,,,[],6,,,,,,,,,,,,,,,,,,,,,,,,,,,,,,,,,,,,,,,,,,,,,,,,,,,,,,,,,,,,,,,,,,,,
harvest,350462,,,,40.0,,6,,,,,,49,0.819201898,0.816326531,,,,,,,,,,,,,,,,,,,,,,,,,,,,,,,,,,,,,,,,,,,,,,,,,,,,,,,,,,,,
decision,351817,1352.0,65.0,,40.0,,6,,,,,,,,,169394,1,3,FALSE,,,,,,,,,,,,,,,,,,,,,,,,,,,,,,,,,,,,,,,,,,,,,,,,,,,,,,,,
dig,352485,,,,,[],6,,,,,,,,,,,,,,,,,,,,,,,,,,,,,,,,,,,,,,,,,,,,,,,,,,,,,,,,,,,,,,,,,,,,
harvest,353990,,,,31.0,,6,,,,,,40,0.781444859,0.775,,,,,,,,,,,,,,,,,,,,,,,,,,,,,,,,,,,,,,,,,,,,,,,,,,,,,,,,,,,,
decision,354798,805.0,65.0,,31.0,,6,,,,,,,,,172374,1,4,FALSE,,,,,,,,,,,,,,,,,,,,,,,,,,,,,,,,,,,,,,,,,,,,,,,,,,,,,,,,
dig,356001,,,,,[],6,,,,,,,,,,,,,,,,,,,,,,,,,,,,,,,,,,,,,,,,,,,,,,,,,,,,,,,,,,,,,,,,,,,,
harvest,357504,,,,23.0,,6,,,,,,31,0.738195465,0.741935484,,,,,,,,,,,,,,,,,,,,,,,,,,,,,,,,,,,,,,,,,,,,,,,,,,,,,,,,,,,,
decision,358014,507.5,65.0,,23.0,,6,,,,,,,,,175590,1,5,FALSE,,,,,,,,,,,,,,,,,,,,,,,,,,,,,,,,,,,,,,,,,,,,,,,,,,,,,,,,
dig,359515,,,,,[],6,,,,,,,,,,,,,,,,,,,,,,,,,,,,,,,,,,,,,,,,,,,,,,,,,,,,,,,,,,,,,,,,,,,,
harvest,361018,,,,18.0,,6,,,,,,23,0.773497608,0.782608696,,,,,,,,,,,,,,,,,,,,,,,,,,,,,,,,,,,,,,,,,,,,,,,,,,,,,,,,,,,,
decision,362123,1102.2,65.0,,18.0,,6,,,,,,,,,179698,1,6,FALSE,,,,,,,,,,,,,,,,,,,,,,,,,,,,,,,,,,,,,,,,,,,,,,,,,,,,,,,,
dig,363030,,,,,[],6,,,,,,,,,,,,,,,,,,,,,,,,,,,,,,,,,,,,,,,,,,,,,,,,,,,,,,,,,,,,,,,,,,,,
harvest,364532,,,,16.0,,6,,,,,,18,0.886114001,0.888888889,,,,,,,,,,,,,,,,,,,,,,,,,,,,,,,,,,,,,,,,,,,,,,,,,,,,,,,,,,,,
decision,365030,495.5,65.0,,16.0,,6,,,,,,,,,182606,1,7,FALSE,,,,,,,,,,,,,,,,,,,,,,,,,,,,,,,,,,,,,,,,,,,,,,,,,,,,,,,,
dig,366543,,,,,[],6,,,,,,,,,,,,,,,,,,,,,,,,,,,,,,,,,,,,,,,,,,,,,,,,,,,,,,,,,,,,,,,,,,,,
harvest,368054,,,,14.0,,6,,,,,,16,0.882350283,0.875,,,,,,,,,,,,,,,,,,,,,,,,,,,,,,,,,,,,,,,,,,,,,,,,,,,,,,,,,,,,
decision,368490,433.1,65.0,,14.0,,6,,,,,,,,,186065,1,8,FALSE,,,,,,,,,,,,,,,,,,,,,,,,,,,,,,,,,,,,,,,,,,,,,,,,,,,,,,,,
dig,370061,,,,,[],6,,,,,,,,,,,,,,,,,,,,,,,,,,,,,,,,,,,,,,,,,,,,,,,,,,,,,,,,,,,,,,,,,,,,
harvest,371566,,,,11.0,,6,,,,,,14,0.791909399,0.785714286,,,,,,,,,,,,,,,,,,,,,,,,,,,,,,,,,,,,,,,,,,,,,,,,,,,,,,,,,,,,
decision,371952,381.6,65.0,,11.0,,6,,,,,,,,,189527,1,9,FALSE,,,,,,,,,,,,,,,,,,,,,,,,,,,,,,,,,,,,,,,,,,,,,,,,,,,,,,,,
dig,373578,,,,,[],6,,,,,,,,,,,,,,,,,,,,,,,,,,,,,,,,,,,,,,,,,,,,,,,,,,,,,,,,,,,,,,,,,,,,
harvest,375082,,,,9.0,,6,,,,,,11,0.833271162,0.818181818,,,,,,,,,,,,,,,,,,,,,,,,,,,,,,,,,,,,,,,,,,,,,,,,,,,,,,,,,,,,
decision,375452,367.6,65.0,,9.0,,6,,,,,,,,,193027,1,10,FALSE,,,,,,,,,,,,,,,,,,,,,,,,,,,,,,,,,,,,,,,,,,,,,,,,,,,,,,,,
dig,377094,,,,,[],6,,,,,,,,,,,,,,,,,,,,,,,,,,,,,,,,,,,,,,,,,,,,,,,,,,,,,,,,,,,,,,,,,,,,
harvest,378598,,,,7.0,,6,,,,,,9,0.828050005,0.777777778,,,,,,,,,,,,,,,,,,,,,,,,,,,,,,,,,,,,,,,,,,,,,,,,,,,,,,,,,,,,
decision,379061,460.1,76.0,,7.0,,6,,,,,,,,,196636,1,11,TRUE,,,,,,,,,,,,,,,,,,,,,,,,,,,,,,,,,,,,,,,,,,,,,,,,,,,,,,,,
travel,388601,,,,,[],6,,,,,,,,,,,,,,,,,,,,,,,,,,,,,,,,,,,,,,,,,,,,,,,,,,,,,,,,,,,,,,,,,,,,
alien_welcome,393608,,,,,,,,,,98,74,104,51,13,77,111,60,65,30.0,99.0,84.0,28.0,9.0,91.0,47.0,71.0,89.0,61.0,55.0,25.0,41.0,3.0,53.0,58.0,88.0,44.0,87.0,11.0,114.0,26.0,82.0,67.0,4.0,50.0,63.0,54.0,49.0,17.0,15.0,18.0,35.0,76.0,116.0,34.0,108.0,69.0,78.0,27.0,113.0,102.0,70.0,43.0,112.0,86.0,107.0,105.0,22.0,115.0,52.0,59.0,8.0,75.0,85.0,19.0
land,394111,,,,101.0,,7,,,,,,,,,,,,,,,,,,,,,,,,,,,,,,,,,,,,,,,,,,,,,,,,,,,,,,,,,,,,,,,,,,,,
dig,396120,,,,,[],7,,,,,,,,,,,,,,,,,,,,,,,,,,,,,,,,,,,,,,,,,,,,,,,,,,,,,,,,,,,,,,,,,,,,
harvest,397626,,,,76.0,,7,,,,,,101,0.748561465,0.752475248,,,,,,,,,,,,,,,,,,,,,,,,,,,,,,,,,,,,,,,,,,,,,,,,,,,,,,,,,,,,
decision,398184,554.8,65.0,,76.0,,7,,,,,,,,,215759,1,0,FALSE,,,,,,,,,,,,,,,,,,,,,,,,,,,,,,,,,,,,,,,,,,,,,,,,,,,,,,,,
dig,399639,,,,,[],7,,,,,,,,,,,,,,,,,,,,,,,,,,,,,,,,,,,,,,,,,,,,,,,,,,,,,,,,,,,,,,,,,,,,
harvest,401142,,,,65.0,,7,,,,,,76,0.853205377,0.855263158,,,,,,,,,,,,,,,,,,,,,,,,,,,,,,,,,,,,,,,,,,,,,,,,,,,,,,,,,,,,
decision,401553,408.6,65.0,,65.0,,7,,,,,,,,,219129,1,1,FALSE,,,,,,,,,,,,,,,,,,,,,,,,,,,,,,,,,,,,,,,,,,,,,,,,,,,,,,,,
dig,403153,,,,,[],7,,,,,,,,,,,,,,,,,,,,,,,,,,,,,,,,,,,,,,,,,,,,,,,,,,,,,,,,,,,,,,,,,,,,
harvest,404658,,,,53.0,,7,,,,,,65,0.822117003,0.815384615,,,,,,,,,,,,,,,,,,,,,,,,,,,,,,,,,,,,,,,,,,,,,,,,,,,,,,,,,,,,
decision,405232,571.4,65.0,,53.0,,7,,,,,,,,,222808,1,2,FALSE,,,,,,,,,,,,,,,,,,,,,,,,,,,,,,,,,,,,,,,,,,,,,,,,,,,,,,,,
dig,406671,,,,,[],7,,,,,,,,,,,,,,,,,,,,,,,,,,,,,,,,,,,,,,,,,,,,,,,,,,,,,,,,,,,,,,,,,,,,
harvest,408174,,,,45.0,,7,,,,,,53,0.843219166,0.849056604,,,,,,,,,,,,,,,,,,,,,,,,,,,,,,,,,,,,,,,,,,,,,,,,,,,,,,,,,,,,
decision,408714,537.5,65.0,,45.0,,7,,,,,,,,,226290,1,3,FALSE,,,,,,,,,,,,,,,,,,,,,,,,,,,,,,,,,,,,,,,,,,,,,,,,,,,,,,,,
dig,410185,,,,,[],7,,,,,,,,,,,,,,,,,,,,,,,,,,,,,,,,,,,,,,,,,,,,,,,,,,,,,,,,,,,,,,,,,,,,
harvest,411688,,,,36.0,,7,,,,,,45,0.791235573,0.8,,,,,,,,,,,,,,,,,,,,,,,,,,,,,,,,,,,,,,,,,,,,,,,,,,,,,,,,,,,,
decision,412085,395.3,65.0,,36.0,,7,,,,,,,,,229660,1,4,FALSE,,,,,,,,,,,,,,,,,,,,,,,,,,,,,,,,,,,,,,,,,,,,,,,,,,,,,,,,
dig,413694,,,,,[],7,,,,,,,,,,,,,,,,,,,,,,,,,,,,,,,,,,,,,,,,,,,,,,,,,,,,,,,,,,,,,,,,,,,,
harvest,415198,,,,32.0,,7,,,,,,36,0.881486204,0.888888889,,,,,,,,,,,,,,,,,,,,,,,,,,,,,,,,,,,,,,,,,,,,,,,,,,,,,,,,,,,,
decision,415611,409.5,65.0,,32.0,,7,,,,,,,,,233187,1,5,FALSE,,,,,,,,,,,,,,,,,,,,,,,,,,,,,,,,,,,,,,,,,,,,,,,,,,,,,,,,
dig,417211,,,,,[],7,,,,,,,,,,,,,,,,,,,,,,,,,,,,,,,,,,,,,,,,,,,,,,,,,,,,,,,,,,,,,,,,,,,,
harvest,418714,,,,27.0,,7,,,,,,32,0.833162862,0.84375,,,,,,,,,,,,,,,,,,,,,,,,,,,,,,,,,,,,,,,,,,,,,,,,,,,,,,,,,,,,
decision,419214,496.9,65.0,,27.0,,7,,,,,,,,,236789,1,6,FALSE,,,,,,,,,,,,,,,,,,,,,,,,,,,,,,,,,,,,,,,,,,,,,,,,,,,,,,,,
dig,420726,,,,,[],7,,,,,,,,,,,,,,,,,,,,,,,,,,,,,,,,,,,,,,,,,,,,,,,,,,,,,,,,,,,,,,,,,,,,
harvest,422230,,,,20.0,,7,,,,,,27,0.755701304,0.740740741,,,,,,,,,,,,,,,,,,,,,,,,,,,,,,,,,,,,,,,,,,,,,,,,,,,,,,,,,,,,
decision,422721,488.6,65.0,,20.0,,7,,,,,,,,,240297,1,7,FALSE,,,,,,,,,,,,,,,,,,,,,,,,,,,,,,,,,,,,,,,,,,,,,,,,,,,,,,,,
dig,424245,,,,,[],7,,,,,,,,,,,,,,,,,,,,,,,,,,,,,,,,,,,,,,,,,,,,,,,,,,,,,,,,,,,,,,,,,,,,
harvest,425751,,,,16.0,,7,,,,,,20,0.815376157,0.8,,,,,,,,,,,,,,,,,,,,,,,,,,,,,,,,,,,,,,,,,,,,,,,,,,,,,,,,,,,,
decision,426110,357.0,65.0,,16.0,,7,,,,,,,,,243686,1,8,FALSE,,,,,,,,,,,,,,,,,,,,,,,,,,,,,,,,,,,,,,,,,,,,,,,,,,,,,,,,
dig,427760,,,,,[],7,,,,,,,,,,,,,,,,,,,,,,,,,,,,,,,,,,,,,,,,,,,,,,,,,,,,,,,,,,,,,,,,,,,,
harvest,429263,,,,14.0,,7,,,,,,16,0.894759855,0.875,,,,,,,,,,,,,,,,,,,,,,,,,,,,,,,,,,,,,,,,,,,,,,,,,,,,,,,,,,,,
decision,429532,266.3,65.0,,14.0,,7,,,,,,,,,247107,1,9,FALSE,,,,,,,,,,,,,,,,,,,,,,,,,,,,,,,,,,,,,,,,,,,,,,,,,,,,,,,,
dig,431274,,,,,[],7,,,,,,,,,,,,,,,,,,,,,,,,,,,,,,,,,,,,,,,,,,,,,,,,,,,,,,,,,,,,,,,,,,,,
harvest,432778,,,,11.0,,7,,,,,,14,0.812068428,0.785714286,,,,,,,,,,,,,,,,,,,,,,,,,,,,,,,,,,,,,,,,,,,,,,,,,,,,,,,,,,,,
decision,434428,1647.5,65.0,,11.0,,7,,,,,,,,,252003,1,10,FALSE,,,,,,,,,,,,,,,,,,,,,,,,,,,,,,,,,,,,,,,,,,,,,,,,,,,,,,,,
dig,434785,,,,,[],7,,,,,,,,,,,,,,,,,,,,,,,,,,,,,,,,,,,,,,,,,,,,,,,,,,,,,,,,,,,,,,,,,,,,
harvest,436289,,,,8.0,,7,,,,,,11,0.708075928,0.727272727,,,,,,,,,,,,,,,,,,,,,,,,,,,,,,,,,,,,,,,,,,,,,,,,,,,,,,,,,,,,
decision,436871,579.2,65.0,,8.0,,7,,,,,,,,,254446,1,11,FALSE,,,,,,,,,,,,,,,,,,,,,,,,,,,,,,,,,,,,,,,,,,,,,,,,,,,,,,,,
dig,438300,,,,,[],7,,,,,,,,,,,,,,,,,,,,,,,,,,,,,,,,,,,,,,,,,,,,,,,,,,,,,,,,,,,,,,,,,,,,
harvest,439805,,,,6.0,,7,,,,,,8,0.780740958,0.75,,,,,,,,,,,,,,,,,,,,,,,,,,,,,,,,,,,,,,,,,,,,,,,,,,,,,,,,,,,,
decision,440360,550.3,76.0,,6.0,,7,,,,,,,,,257936,1,12,TRUE,,,,,,,,,,,,,,,,,,,,,,,,,,,,,,,,,,,,,,,,,,,,,,,,,,,,,,,,
travel,449812,,,,,[],7,,,,,,,,,,,,,,,,,,,,,,,,,,,,,,,,,,,,,,,,,,,,,,,,,,,,,,,,,,,,,,,,,,,,
alien_welcome,454816,,,,,,,,,,7,74,104,51,13,77,111,60,65,30.0,99.0,84.0,28.0,9.0,91.0,47.0,71.0,89.0,61.0,55.0,25.0,41.0,3.0,53.0,58.0,88.0,44.0,87.0,11.0,114.0,26.0,82.0,67.0,4.0,50.0,63.0,54.0,49.0,17.0,15.0,18.0,35.0,76.0,116.0,34.0,108.0,69.0,78.0,27.0,113.0,102.0,70.0,43.0,112.0,86.0,107.0,105.0,22.0,115.0,52.0,59.0,8.0,75.0,85.0,19.0
land,455320,,,,98.0,,8,,,,,,,,,,,,,,,,,,,,,,,,,,,,,,,,,,,,,,,,,,,,,,,,,,,,,,,,,,,,,,,,,,,,
dig,457327,,,,,[],8,,,,,,,,,,,,,,,,,,,,,,,,,,,,,,,,,,,,,,,,,,,,,,,,,,,,,,,,,,,,,,,,,,,,
harvest,458837,,,,89.0,,8,,,,,,98,0.903291987,0.908163265,,,,,,,,,,,,,,,,,,,,,,,,,,,,,,,,,,,,,,,,,,,,,,,,,,,,,,,,,,,,
decision,459469,624.5,65.0,,89.0,,8,,,,,,,,,277044,1,0,FALSE,,,,,,,,,,,,,,,,,,,,,,,,,,,,,,,,,,,,,,,,,,,,,,,,,,,,,,,,
dig,460854,,,,,[],8,,,,,,,,,,,,,,,,,,,,,,,,,,,,,,,,,,,,,,,,,,,,,,,,,,,,,,,,,,,,,,,,,,,,
harvest,462357,,,,73.0,,8,,,,,,89,0.816136786,0.820224719,,,,,,,,,,,,,,,,,,,,,,,,,,,,,,,,,,,,,,,,,,,,,,,,,,,,,,,,,,,,
decision,462906,546.3,65.0,,73.0,,8,,,,,,,,,280481,1,1,FALSE,,,,,,,,,,,,,,,,,,,,,,,,,,,,,,,,,,,,,,,,,,,,,,,,,,,,,,,,
dig,464368,,,,,[],8,,,,,,,,,,,,,,,,,,,,,,,,,,,,,,,,,,,,,,,,,,,,,,,,,,,,,,,,,,,,,,,,,,,,
harvest,465874,,,,58.0,,8,,,,,,73,0.788170221,0.794520548,,,,,,,,,,,,,,,,,,,,,,,,,,,,,,,,,,,,,,,,,,,,,,,,,,,,,,,,,,,,
decision,466730,854.0,65.0,,58.0,,8,,,,,,,,,284307,1,2,FALSE,,,,,,,,,,,,,,,,,,,,,,,,,,,,,,,,,,,,,,,,,,,,,,,,,,,,,,,,
dig,467891,,,,,[],8,,,,,,,,,,,,,,,,,,,,,,,,,,,,,,,,,,,,,,,,,,,,,,,,,,,,,,,,,,,,,,,,,,,,
harvest,469395,,,,51.0,,8,,,,,,58,0.873315695,0.879310345,,,,,,,,,,,,,,,,,,,,,,,,,,,,,,,,,,,,,,,,,,,,,,,,,,,,,,,,,,,,
decision,470353,955.3,65.0,,51.0,,8,,,,,,,,,287928,1,3,FALSE,,,,,,,,,,,,,,,,,,,,,,,,,,,,,,,,,,,,,,,,,,,,,,,,,,,,,,,,
dig,471408,,,,,[],8,,,,,,,,,,,,,,,,,,,,,,,,,,,,,,,,,,,,,,,,,,,,,,,,,,,,,,,,,,,,,,,,,,,,
harvest,472911,,,,42.0,,8,,,,,,51,0.829826506,0.823529412,,,,,,,,,,,,,,,,,,,,,,,,,,,,,,,,,,,,,,,,,,,,,,,,,,,,,,,,,,,,
decision,473250,336.9,65.0,,42.0,,8,,,,,,,,,290826,1,4,FALSE,,,,,,,,,,,,,,,,,,,,,,,,,,,,,,,,,,,,,,,,,,,,,,,,,,,,,,,,
dig,474925,,,,,[],8,,,,,,,,,,,,,,,,,,,,,,,,,,,,,,,,,,,,,,,,,,,,,,,,,,,,,,,,,,,,,,,,,,,,
harvest,476429,,,,36.0,,8,,,,,,42,0.86869618,0.857142857,,,,,,,,,,,,,,,,,,,,,,,,,,,,,,,,,,,,,,,,,,,,,,,,,,,,,,,,,,,,
decision,476881,449.4,65.0,,36.0,,8,,,,,,,,,294456,1,5,FALSE,,,,,,,,,,,,,,,,,,,,,,,,,,,,,,,,,,,,,,,,,,,,,,,,,,,,,,,,
dig,478440,,,,,[],8,,,,,,,,,,,,,,,,,,,,,,,,,,,,,,,,,,,,,,,,,,,,,,,,,,,,,,,,,,,,,,,,,,,,
harvest,479943,,,,30.0,,8,,,,,,36,0.841475362,0.833333333,,,,,,,,,,,,,,,,,,,,,,,,,,,,,,,,,,,,,,,,,,,,,,,,,,,,,,,,,,,,
decision,480371,424.7,65.0,,30.0,,8,,,,,,,,,297946,1,6,FALSE,,,,,,,,,,,,,,,,,,,,,,,,,,,,,,,,,,,,,,,,,,,,,,,,,,,,,,,,
dig,481956,,,,,[],8,,,,,,,,,,,,,,,,,,,,,,,,,,,,,,,,,,,,,,,,,,,,,,,,,,,,,,,,,,,,,,,,,,,,
harvest,483462,,,,23.0,,8,,,,,,30,0.778178761,0.766666667,,,,,,,,,,,,,,,,,,,,,,,,,,,,,,,,,,,,,,,,,,,,,,,,,,,,,,,,,,,,
decision,485468,,,,23.0,,8,,,,,,,,,303044,1,7,FALSE,,,,,,,,,,,,,,,,,,,,,,,,,,,,,,,,,,,,,,,,,,,,,,,,,,,,,,,,
time_out,487475,,,,23.0,,,,,,,,,,,,,,,,,,,,,,,,,,,,,,,,,,,,,,,,,,,,,,,,,,,,,,,,,,,,,,,,,,,,,,
decision,488550,1072.9,65.0,,23.0,,8,,,,,,,,,306126,1,7,FALSE,,,,,,,,,,,,,,,,,,,,,,,,,,,,,,,,,,,,,,,,,,,,,,,,,,,,,,,,
dig,489484,,,,,[],8,,,,,,,,,,,,,,,,,,,,,,,,,,,,,,,,,,,,,,,,,,,,,,,,,,,,,,,,,,,,,,,,,,,,
harvest,490993,,,,20.0,,8,,,,,,23,0.852560161,0.869565217,,,,,,,,,,,,,,,,,,,,,,,,,,,,,,,,,,,,,,,,,,,,,,,,,,,,,,,,,,,,
decision,491689,690.9,65.0,,20.0,,8,,,,,,,,,309265,1,8,FALSE,,,,,,,,,,,,,,,,,,,,,,,,,,,,,,,,,,,,,,,,,,,,,,,,,,,,,,,,
dig,493006,,,,,[],8,,,,,,,,,,,,,,,,,,,,,,,,,,,,,,,,,,,,,,,,,,,,,,,,,,,,,,,,,,,,,,,,,,,,
harvest,494510,,,,17.0,,8,,,,,,20,0.843849266,0.85,,,,,,,,,,,,,,,,,,,,,,,,,,,,,,,,,,,,,,,,,,,,,,,,,,,,,,,,,,,,
decision,494974,461.9,65.0,,17.0,,8,,,,,,,,,312549,1,9,FALSE,,,,,,,,,,,,,,,,,,,,,,,,,,,,,,,,,,,,,,,,,,,,,,,,,,,,,,,,
dig,496517,,,,,[],8,,,,,,,,,,,,,,,,,,,,,,,,,,,,,,,,,,,,,,,,,,,,,,,,,,,,,,,,,,,,,,,,,,,,
harvest,498026,,,,13.0,,8,,,,,,17,0.789099524,0.764705882,,,,,,,,,,,,,,,,,,,,,,,,,,,,,,,,,,,,,,,,,,,,,,,,,,,,,,,,,,,,
decision,498913,880.6,65.0,,13.0,,8,,,,,,,,,316488,1,10,FALSE,,,,,,,,,,,,,,,,,,,,,,,,,,,,,,,,,,,,,,,,,,,,,,,,,,,,,,,,
dig,500043,,,,,[],8,,,,,,,,,,,,,,,,,,,,,,,,,,,,,,,,,,,,,,,,,,,,,,,,,,,,,,,,,,,,,,,,,,,,
harvest,501546,,,,11.0,,8,,,,,,13,0.846949998,0.846153846,,,,,,,,,,,,,,,,,,,,,,,,,,,,,,,,,,,,,,,,,,,,,,,,,,,,,,,,,,,,
decision,503549,,,,11.0,,8,,,,,,,,,321125,1,11,FALSE,,,,,,,,,,,,,,,,,,,,,,,,,,,,,,,,,,,,,,,,,,,,,,,,,,,,,,,,
time_out,505555,,,,11.0,,,,,,,,,,,,,,,,,,,,,,,,,,,,,,,,,,,,,,,,,,,,,,,,,,,,,,,,,,,,,,,,,,,,,,
decision,506054,496.1,65.0,,11.0,,8,,,,,,,,,323630,1,11,FALSE,,,,,,,,,,,,,,,,,,,,,,,,,,,,,,,,,,,,,,,,,,,,,,,,,,,,,,,,
dig,507568,,,,,[],8,,,,,,,,,,,,,,,,,,,,,,,,,,,,,,,,,,,,,,,,,,,,,,,,,,,,,,,,,,,,,,,,,,,,
harvest,509072,,,,9.0,,8,,,,,,11,0.824773284,0.818181818,,,,,,,,,,,,,,,,,,,,,,,,,,,,,,,,,,,,,,,,,,,,,,,,,,,,,,,,,,,,
decision,510320,1245.9,65.0,,9.0,,8,,,,,,,,,327895,1,12,FALSE,,,,,,,,,,,,,,,,,,,,,,,,,,,,,,,,,,,,,,,,,,,,,,,,,,,,,,,,
dig,511083,,,,,[],8,,,,,,,,,,,,,,,,,,,,,,,,,,,,,,,,,,,,,,,,,,,,,,,,,,,,,,,,,,,,,,,,,,,,
harvest,512587,,,,7.0,,8,,,,,,9,0.79365802,0.777777778,,,,,,,,,,,,,,,,,,,,,,,,,,,,,,,,,,,,,,,,,,,,,,,,,,,,,,,,,,,,
decision,514298,1706.7,65.0,,7.0,,8,,,,,,,,,331874,1,13,FALSE,,,,,,,,,,,,,,,,,,,,,,,,,,,,,,,,,,,,,,,,,,,,,,,,,,,,,,,,
dig,514602,,,,,[],8,,,,,,,,,,,,,,,,,,,,,,,,,,,,,,,,,,,,,,,,,,,,,,,,,,,,,,,,,,,,,,,,,,,,
harvest,516105,,,,5.0,,8,,,,,,7,0.778648855,0.714285714,,,,,,,,,,,,,,,,,,,,,,,,,,,,,,,,,,,,,,,,,,,,,,,,,,,,,,,,,,,,
decision,517062,954.0,65.0,,5.0,,8,,,,,,,,,334637,1,14,FALSE,,,,,,,,,,,,,,,,,,,,,,,,,,,,,,,,,,,,,,,,,,,,,,,,,,,,,,,,
dig,518115,,,,,[],8,,,,,,,,,,,,,,,,,,,,,,,,,,,,,,,,,,,,,,,,,,,,,,,,,,,,,,,,,,,,,,,,,,,,
harvest,519623,,,,4.0,,8,,,,,,5,0.775116812,0.8,,,,,,,,,,,,,,,,,,,,,,,,,,,,,,,,,,,,,,,,,,,,,,,,,,,,,,,,,,,,
decision,520323,691.8,65.0,,4.0,,8,,,,,,,,,337899,1,15,FALSE,,,,,,,,,,,,,,,,,,,,,,,,,,,,,,,,,,,,,,,,,,,,,,,,,,,,,,,,
dig,521641,,,,,[],8,,,,,,,,,,,,,,,,,,,,,,,,,,,,,,,,,,,,,,,,,,,,,,,,,,,,,,,,,,,,,,,,,,,,
harvest,523144,,,,3.0,,8,,,,,,4,0.813474166,0.75,,,,,,,,,,,,,,,,,,,,,,,,,,,,,,,,,,,,,,,,,,,,,,,,,,,,,,,,,,,,
decision,523698,550.7,65.0,,3.0,,8,,,,,,,,,341274,1,16,FALSE,,,,,,,,,,,,,,,,,,,,,,,,,,,,,,,,,,,,,,,,,,,,,,,,,,,,,,,,
dig,525158,,,,,[],8,,,,,,,,,,,,,,,,,,,,,,,,,,,,,,,,,,,,,,,,,,,,,,,,,,,,,,,,,,,,,,,,,,,,
harvest,526662,,,,3.0,,8,,,,,,3,0.865193816,1,,,,,,,,,,,,,,,,,,,,,,,,,,,,,,,,,,,,,,,,,,,,,,,,,,,,,,,,,,,,
decision,527072,408.0,65.0,,3.0,,8,,,,,,,,,344649,1,17,FALSE,,,,,,,,,,,,,,,,,,,,,,,,,,,,,,,,,,,,,,,,,,,,,,,,,,,,,,,,
dig,528673,,,,,[],8,,,,,,,,,,,,,,,,,,,,,,,,,,,,,,,,,,,,,,,,,,,,,,,,,,,,,,,,,,,,,,,,,,,,
harvest,530176,,,,2.0,,8,,,,,,3,0.770984115,0.666666667,,,,,,,,,,,,,,,,,,,,,,,,,,,,,,,,,,,,,,,,,,,,,,,,,,,,,,,,,,,,
decision,530571,391.4,65.0,,2.0,,8,,,,,,,,,348146,1,18,FALSE,,,,,,,,,,,,,,,,,,,,,,,,,,,,,,,,,,,,,,,,,,,,,,,,,,,,,,,,
dig,532190,,,,,[],8,,,,,,,,,,,,,,,,,,,,,,,,,,,,,,,,,,,,,,,,,,,,,,,,,,,,,,,,,,,,,,,,,,,,
harvest,533694,,,,2.0,,8,,,,,,2,0.807904271,1,,,,,,,,,,,,,,,,,,,,,,,,,,,,,,,,,,,,,,,,,,,,,,,,,,,,,,,,,,,,
decision,534143,446.6,65.0,,2.0,,8,,,,,,,,,351718,1,19,FALSE,,,,,,,,,,,,,,,,,,,,,,,,,,,,,,,,,,,,,,,,,,,,,,,,,,,,,,,,
dig,535701,,,,,[],8,,,,,,,,,,,,,,,,,,,,,,,,,,,,,,,,,,,,,,,,,,,,,,,,,,,,,,,,,,,,,,,,,,,,
harvest,537204,,,,2.0,,8,,,,,,2,0.857447023,1,,,,,,,,,,,,,,,,,,,,,,,,,,,,,,,,,,,,,,,,,,,,,,,,,,,,,,,,,,,,
decision,539207,,,,2.0,,8,,,,,,,,,356783,1,20,FALSE,,,,,,,,,,,,,,,,,,,,,,,,,,,,,,,,,,,,,,,,,,,,,,,,,,,,,,,,
time_out,541215,,,,2.0,,,,,,,,,,,,,,,,,,,,,,,,,,,,,,,,,,,,,,,,,,,,,,,,,,,,,,,,,,,,,,,,,,,,,,
decision,541734,515.1,76.0,,2.0,,8,,,,,,,,,359310,1,20,TRUE,,,,,,,,,,,,,,,,,,,,,,,,,,,,,,,,,,,,,,,,,,,,,,,,,,,,,,,,
travel,551222,,,,,[],8,,,,,,,,,,,,,,,,,,,,,,,,,,,,,,,,,,,,,,,,,,,,,,,,,,,,,,,,,,,,,,,,,,,,
alien_welcome,556226,,,,,,,,,,119,74,104,51,13,77,111,60,65,30.0,99.0,84.0,28.0,9.0,91.0,47.0,71.0,89.0,61.0,55.0,25.0,41.0,3.0,53.0,58.0,88.0,44.0,87.0,11.0,114.0,26.0,82.0,67.0,4.0,50.0,63.0,54.0,49.0,17.0,15.0,18.0,35.0,76.0,116.0,34.0,108.0,69.0,78.0,27.0,113.0,102.0,70.0,43.0,112.0,86.0,107.0,105.0,22.0,115.0,52.0,59.0,8.0,75.0,85.0,19.0
land,556730,,,,100.0,,9,,,,,,,,,,,,,,,,,,,,,,,,,,,,,,,,,,,,,,,,,,,,,,,,,,,,,,,,,,,,,,,,,,,,
dig,558737,,,,,[],9,,,,,,,,,,,,,,,,,,,,,,,,,,,,,,,,,,,,,,,,,,,,,,,,,,,,,,,,,,,,,,,,,,,,
harvest,560241,,,,24.0,,9,,,,,,100,0.237807085,0.24,,,,,,,,,,,,,,,,,,,,,,,,,,,,,,,,,,,,,,,,,,,,,,,,,,,,,,,,,,,,
decision,560914,669.4,65.0,,24.0,,9,,,,,,,,,378489,1,0,TRUE,,,,,,,,,,,,,,,,,,,,,,,,,,,,,,,,,,,,,,,,,,,,,,,,,,,,,,,,
catch,564134,3212.6,90.0,,24.0,,,,,,,,,,,,,,,,,,,,,,,,,,,,,,,,,,,,,,,,,,,,,,,,,,,,,,,,,,,,,,,,,,,,,,
end_of_block,575225,11087.3,32.0,,,,,,,,,,,,,,,,,,,,,,,,,,,,,,,,,,,,,,,,,,,,,,,,,,,,,,,,,,,,,,,,,,,,,,,,
alien_welcome,580271,,,,,,,,,,120,74,104,51,13,77,111,60,65,30.0,99.0,84.0,28.0,9.0,91.0,47.0,71.0,89.0,61.0,55.0,25.0,41.0,3.0,53.0,58.0,88.0,44.0,87.0,11.0,114.0,26.0,82.0,67.0,4.0,50.0,63.0,54.0,49.0,17.0,15.0,18.0,35.0,76.0,116.0,34.0,108.0,69.0,78.0,27.0,113.0,102.0,70.0,43.0,112.0,86.0,107.0,105.0,22.0,115.0,52.0,59.0,8.0,75.0,85.0,19.0
land,580784,,,,96.0,,10,,,,,,,,,,,,,,,,,,,,,,,,,,,,,,,,,,,,,,,,,,,,,,,,,,,,,,,,,,,,,,,,,,,,
dig,582793,,,,,[],10,,,,,,,,,,,,,,,,,,,,,,,,,,,,,,,,,,,,,,,,,,,,,,,,,,,,,,,,,,,,,,,,,,,,
harvest,584298,,,,15.0,,10,,,,,,96,0.154033194,0.15625,,,,,,,,,,,,,,,,,,,,,,,,,,,,,,,,,,,,,,,,,,,,,,,,,,,,,,,,,,,,
decision,584933,632.9,65.0,,15.0,,10,,,,,,,,,9701,2,0,FALSE,,,,,,,,,,,,,,,,,,,,,,,,,,,,,,,,,,,,,,,,,,,,,,,,,,,,,,,,
dig,586307,,,,,[],10,,,,,,,,,,,,,,,,,,,,,,,,,,,,,,,,,,,,,,,,,,,,,,,,,,,,,,,,,,,,,,,,,,,,
harvest,587809,,,,3.0,,10,,,,,,15,0.21393295,0.2,,,,,,,,,,,,,,,,,,,,,,,,,,,,,,,,,,,,,,,,,,,,,,,,,,,,,,,,,,,,
decision,589373,1561.3,65.0,,3.0,,10,,,,,,,,,14142,2,1,FALSE,,,,,,,,,,,,,,,,,,,,,,,,,,,,,,,,,,,,,,,,,,,,,,,,,,,,,,,,
dig,589849,,,,,[],10,,,,,,,,,,,,,,,,,,,,,,,,,,,,,,,,,,,,,,,,,,,,,,,,,,,,,,,,,,,,,,,,,,,,
harvest,591373,,,,1.0,,10,,,,,,3,0.183822158,0.333333333,,,,,,,,,,,,,,,,,,,,,,,,,,,,,,,,,,,,,,,,,,,,,,,,,,,,,,,,,,,,
decision,592730,1352.5,76.0,,1.0,,10,,,,,,,,,17498,2,2,TRUE,,,,,,,,,,,,,,,,,,,,,,,,,,,,,,,,,,,,,,,,,,,,,,,,,,,,,,,,
travel,601380,,,,,[],10,,,,,,,,,,,,,,,,,,,,,,,,,,,,,,,,,,,,,,,,,,,,,,,,,,,,,,,,,,,,,,,,,,,,
alien_welcome,606408,,,,,,,,,,56,74,104,51,13,77,111,60,65,30.0,99.0,84.0,28.0,9.0,91.0,47.0,71.0,89.0,61.0,55.0,25.0,41.0,3.0,53.0,58.0,88.0,44.0,87.0,11.0,114.0,26.0,82.0,67.0,4.0,50.0,63.0,54.0,49.0,17.0,15.0,18.0,35.0,76.0,116.0,34.0,108.0,69.0,78.0,27.0,113.0,102.0,70.0,43.0,112.0,86.0,107.0,105.0,22.0,115.0,52.0,59.0,8.0,75.0,85.0,19.0
land,606911,,,,106.0,,11,,,,,,,,,,,,,,,,,,,,,,,,,,,,,,,,,,,,,,,,,,,,,,,,,,,,,,,,,,,,,,,,,,,,
dig,608917,,,,,[],11,,,,,,,,,,,,,,,,,,,,,,,,,,,,,,,,,,,,,,,,,,,,,,,,,,,,,,,,,,,,,,,,,,,,
harvest,610421,,,,15.0,,11,,,,,,106,0.142627128,0.141509434,,,,,,,,,,,,,,,,,,,,,,,,,,,,,,,,,,,,,,,,,,,,,,,,,,,,,,,,,,,,
decision,611718,1293.9,65.0,,15.0,,11,,,,,,,,,36486,2,0,FALSE,,,,,,,,,,,,,,,,,,,,,,,,,,,,,,,,,,,,,,,,,,,,,,,,,,,,,,,,
dig,612436,,,,,[],11,,,,,,,,,,,,,,,,,,,,,,,,,,,,,,,,,,,,,,,,,,,,,,,,,,,,,,,,,,,,,,,,,,,,
harvest,613940,,,,4.0,,11,,,,,,15,0.243666759,0.266666667,,,,,,,,,,,,,,,,,,,,,,,,,,,,,,,,,,,,,,,,,,,,,,,,,,,,,,,,,,,,
decision,614380,438.0,65.0,,4.0,,11,,,,,,,,,39149,2,1,FALSE,,,,,,,,,,,,,,,,,,,,,,,,,,,,,,,,,,,,,,,,,,,,,,,,,,,,,,,,
dig,615951,,,,,[],11,,,,,,,,,,,,,,,,,,,,,,,,,,,,,,,,,,,,,,,,,,,,,,,,,,,,,,,,,,,,,,,,,,,,
harvest,617460,,,,1.0,,11,,,,,,4,0.301059783,0.25,,,,,,,,,,,,,,,,,,,,,,,,,,,,,,,,,,,,,,,,,,,,,,,,,,,,,,,,,,,,
decision,618899,1430.8,76.0,,1.0,,11,,,,,,,,,43668,2,2,TRUE,,,,,,,,,,,,,,,,,,,,,,,,,,,,,,,,,,,,,,,,,,,,,,,,,,,,,,,,
travel,627476,,,,,[],11,,,,,,,,,,,,,,,,,,,,,,,,,,,,,,,,,,,,,,,,,,,,,,,,,,,,,,,,,,,,,,,,,,,,
alien_welcome,632480,,,,,,,,,,109,74,104,51,13,77,111,60,65,30.0,99.0,84.0,28.0,9.0,91.0,47.0,71.0,89.0,61.0,55.0,25.0,41.0,3.0,53.0,58.0,88.0,44.0,87.0,11.0,114.0,26.0,82.0,67.0,4.0,50.0,63.0,54.0,49.0,17.0,15.0,18.0,35.0,76.0,116.0,34.0,108.0,69.0,78.0,27.0,113.0,102.0,70.0,43.0,112.0,86.0,107.0,105.0,22.0,115.0,52.0,59.0,8.0,75.0,85.0,19.0
land,632984,,,,107.0,,12,,,,,,,,,,,,,,,,,,,,,,,,,,,,,,,,,,,,,,,,,,,,,,,,,,,,,,,,,,,,,,,,,,,,
dig,634991,,,,,[],12,,,,,,,,,,,,,,,,,,,,,,,,,,,,,,,,,,,,,,,,,,,,,,,,,,,,,,,,,,,,,,,,,,,,
harvest,636494,,,,28.0,,12,,,,,,107,0.261522249,0.261682243,,,,,,,,,,,,,,,,,,,,,,,,,,,,,,,,,,,,,,,,,,,,,,,,,,,,,,,,,,,,
decision,637138,641.2,65.0,,28.0,,12,,,,,,,,,61906,2,0,FALSE,,,,,,,,,,,,,,,,,,,,,,,,,,,,,,,,,,,,,,,,,,,,,,,,,,,,,,,,
dig,638509,,,,,[],12,,,,,,,,,,,,,,,,,,,,,,,,,,,,,,,,,,,,,,,,,,,,,,,,,,,,,,,,,,,,,,,,,,,,
harvest,640018,,,,7.0,,12,,,,,,28,0.266730252,0.25,,,,,,,,,,,,,,,,,,,,,,,,,,,,,,,,,,,,,,,,,,,,,,,,,,,,,,,,,,,,
decision,640805,784.8,65.0,,7.0,,12,,,,,,,,,65574,2,1,FALSE,,,,,,,,,,,,,,,,,,,,,,,,,,,,,,,,,,,,,,,,,,,,,,,,,,,,,,,,
dig,642029,,,,,[],12,,,,,,,,,,,,,,,,,,,,,,,,,,,,,,,,,,,,,,,,,,,,,,,,,,,,,,,,,,,,,,,,,,,,
harvest,643540,,,,2.0,,12,,,,,,7,0.241984412,0.285714286,,,,,,,,,,,,,,,,,,,,,,,,,,,,,,,,,,,,,,,,,,,,,,,,,,,,,,,,,,,,
decision,643557,15.0,76.0,,2.0,,12,,,,,,,,,68326,2,2,TRUE,,,,,,,,,,,,,,,,,,,,,,,,,,,,,,,,,,,,,,,,,,,,,,,,,,,,,,,,
travel,653552,,,,,[],12,,,,,,,,,,,,,,,,,,,,,,,,,,,,,,,,,,,,,,,,,,,,,,,,,,,,,,,,,,,,,,,,,,,,
alien_welcome,658561,,,,,,,,,,32,74,104,51,13,77,111,60,65,30.0,99.0,84.0,28.0,9.0,91.0,47.0,71.0,89.0,61.0,55.0,25.0,41.0,3.0,53.0,58.0,88.0,44.0,87.0,11.0,114.0,26.0,82.0,67.0,4.0,50.0,63.0,54.0,49.0,17.0,15.0,18.0,35.0,76.0,116.0,34.0,108.0,69.0,78.0,27.0,113.0,102.0,70.0,43.0,112.0,86.0,107.0,105.0,22.0,115.0,52.0,59.0,8.0,75.0,85.0,19.0
land,659069,,,,99.0,,13,,,,,,,,,,,,,,,,,,,,,,,,,,,,,,,,,,,,,,,,,,,,,,,,,,,,,,,,,,,,,,,,,,,,
dig,661077,,,,,[],13,,,,,,,,,,,,,,,,,,,,,,,,,,,,,,,,,,,,,,,,,,,,,,,,,,,,,,,,,,,,,,,,,,,,
harvest,662580,,,,79.0,,13,,,,,,99,0.800452054,0.797979798,,,,,,,,,,,,,,,,,,,,,,,,,,,,,,,,,,,,,,,,,,,,,,,,,,,,,,,,,,,,
decision,663109,525.5,65.0,,79.0,,13,,,,,,,,,87877,2,0,FALSE,,,,,,,,,,,,,,,,,,,,,,,,,,,,,,,,,,,,,,,,,,,,,,,,,,,,,,,,
dig,664592,,,,,[],13,,,,,,,,,,,,,,,,,,,,,,,,,,,,,,,,,,,,,,,,,,,,,,,,,,,,,,,,,,,,,,,,,,,,
harvest,666095,,,,68.0,,13,,,,,,79,0.860821513,0.860759494,,,,,,,,,,,,,,,,,,,,,,,,,,,,,,,,,,,,,,,,,,,,,,,,,,,,,,,,,,,,
decision,666427,329.3,65.0,,68.0,,13,,,,,,,,,91196,2,1,FALSE,,,,,,,,,,,,,,,,,,,,,,,,,,,,,,,,,,,,,,,,,,,,,,,,,,,,,,,,
dig,668108,,,,,[],13,,,,,,,,,,,,,,,,,,,,,,,,,,,,,,,,,,,,,,,,,,,,,,,,,,,,,,,,,,,,,,,,,,,,
harvest,669620,,,,57.0,,13,,,,,,68,0.833367753,0.838235294,,,,,,,,,,,,,,,,,,,,,,,,,,,,,,,,,,,,,,,,,,,,,,,,,,,,,,,,,,,,
decision,671627,,,,57.0,,13,,,,,,,,,96395,2,2,FALSE,,,,,,,,,,,,,,,,,,,,,,,,,,,,,,,,,,,,,,,,,,,,,,,,,,,,,,,,
time_out,673635,,,,57.0,,,,,,,,,,,,,,,,,,,,,,,,,,,,,,,,,,,,,,,,,,,,,,,,,,,,,,,,,,,,,,,,,,,,,,
decision,674160,519.6,65.0,,57.0,,13,,,,,,,,,98928,2,2,FALSE,,,,,,,,,,,,,,,,,,,,,,,,,,,,,,,,,,,,,,,,,,,,,,,,,,,,,,,,
dig,675650,,,,,[],13,,,,,,,,,,,,,,,,,,,,,,,,,,,,,,,,,,,,,,,,,,,,,,,,,,,,,,,,,,,,,,,,,,,,
harvest,677153,,,,47.0,,13,,,,,,57,0.82167938,0.824561404,,,,,,,,,,,,,,,,,,,,,,,,,,,,,,,,,,,,,,,,,,,,,,,,,,,,,,,,,,,,
decision,677608,450.8,65.0,,47.0,,13,,,,,,,,,102377,2,3,FALSE,,,,,,,,,,,,,,,,,,,,,,,,,,,,,,,,,,,,,,,,,,,,,,,,,,,,,,,,
dig,679167,,,,,[],13,,,,,,,,,,,,,,,,,,,,,,,,,,,,,,,,,,,,,,,,,,,,,,,,,,,,,,,,,,,,,,,,,,,,
harvest,680670,,,,36.0,,13,,,,,,47,0.76335976,0.765957447,,,,,,,,,,,,,,,,,,,,,,,,,,,,,,,,,,,,,,,,,,,,,,,,,,,,,,,,,,,,
decision,681149,476.2,65.0,,36.0,,13,,,,,,,,,105917,2,4,FALSE,,,,,,,,,,,,,,,,,,,,,,,,,,,,,,,,,,,,,,,,,,,,,,,,,,,,,,,,
dig,682678,,,,,[],13,,,,,,,,,,,,,,,,,,,,,,,,,,,,,,,,,,,,,,,,,,,,,,,,,,,,,,,,,,,,,,,,,,,,
harvest,684182,,,,30.0,,13,,,,,,36,0.841808839,0.833333333,,,,,,,,,,,,,,,,,,,,,,,,,,,,,,,,,,,,,,,,,,,,,,,,,,,,,,,,,,,,
decision,684578,394.0,65.0,,30.0,,13,,,,,,,,,109346,2,5,FALSE,,,,,,,,,,,,,,,,,,,,,,,,,,,,,,,,,,,,,,,,,,,,,,,,,,,,,,,,
dig,686190,,,,,[],13,,,,,,,,,,,,,,,,,,,,,,,,,,,,,,,,,,,,,,,,,,,,,,,,,,,,,,,,,,,,,,,,,,,,
harvest,687704,,,,20.0,,13,,,,,,30,0.660798207,0.666666667,,,,,,,,,,,,,,,,,,,,,,,,,,,,,,,,,,,,,,,,,,,,,,,,,,,,,,,,,,,,
decision,687999,289.6,65.0,,20.0,,13,,,,,,,,,112767,2,6,FALSE,,,,,,,,,,,,,,,,,,,,,,,,,,,,,,,,,,,,,,,,,,,,,,,,,,,,,,,,
dig,689716,,,,,[],13,,,,,,,,,,,,,,,,,,,,,,,,,,,,,,,,,,,,,,,,,,,,,,,,,,,,,,,,,,,,,,,,,,,,
harvest,691220,,,,13.0,,13,,,,,,20,0.669811376,0.65,,,,,,,,,,,,,,,,,,,,,,,,,,,,,,,,,,,,,,,,,,,,,,,,,,,,,,,,,,,,
decision,691618,396.0,65.0,,13.0,,13,,,,,,,,,116386,2,7,FALSE,,,,,,,,,,,,,,,,,,,,,,,,,,,,,,,,,,,,,,,,,,,,,,,,,,,,,,,,
dig,693227,,,,,[],13,,,,,,,,,,,,,,,,,,,,,,,,,,,,,,,,,,,,,,,,,,,,,,,,,,,,,,,,,,,,,,,,,,,,
harvest,694730,,,,10.0,,13,,,,,,13,0.753782666,0.769230769,,,,,,,,,,,,,,,,,,,,,,,,,,,,,,,,,,,,,,,,,,,,,,,,,,,,,,,,,,,,
decision,695155,423.1,65.0,,10.0,,13,,,,,,,,,119924,2,8,FALSE,,,,,,,,,,,,,,,,,,,,,,,,,,,,,,,,,,,,,,,,,,,,,,,,,,,,,,,,
dig,696739,,,,,[],13,,,,,,,,,,,,,,,,,,,,,,,,,,,,,,,,,,,,,,,,,,,,,,,,,,,,,,,,,,,,,,,,,,,,
harvest,698242,,,,8.0,,13,,,,,,10,0.78561382,0.8,,,,,,,,,,,,,,,,,,,,,,,,,,,,,,,,,,,,,,,,,,,,,,,,,,,,,,,,,,,,
decision,698541,296.9,76.0,,8.0,,13,,,,,,,,,123309,2,9,TRUE,,,,,,,,,,,,,,,,,,,,,,,,,,,,,,,,,,,,,,,,,,,,,,,,,,,,,,,,
travel,708252,,,,,[],13,,,,,,,,,,,,,,,,,,,,,,,,,,,,,,,,,,,,,,,,,,,,,,,,,,,,,,,,,,,,,,,,,,,,
alien_welcome,713255,,,,,,,,,,33,74,104,51,13,77,111,60,65,30.0,99.0,84.0,28.0,9.0,91.0,47.0,71.0,89.0,61.0,55.0,25.0,41.0,3.0,53.0,58.0,88.0,44.0,87.0,11.0,114.0,26.0,82.0,67.0,4.0,50.0,63.0,54.0,49.0,17.0,15.0,18.0,35.0,76.0,116.0,34.0,108.0,69.0,78.0,27.0,113.0,102.0,70.0,43.0,112.0,86.0,107.0,105.0,22.0,115.0,52.0,59.0,8.0,75.0,85.0,19.0
land,713767,,,,96.0,,14,,,,,,,,,,,,,,,,,,,,,,,,,,,,,,,,,,,,,,,,,,,,,,,,,,,,,,,,,,,,,,,,,,,,
dig,715773,,,,,[],14,,,,,,,,,,,,,,,,,,,,,,,,,,,,,,,,,,,,,,,,,,,,,,,,,,,,,,,,,,,,,,,,,,,,
harvest,717279,,,,73.0,,14,,,,,,96,0.759321954,0.760416667,,,,,,,,,,,,,,,,,,,,,,,,,,,,,,,,,,,,,,,,,,,,,,,,,,,,,,,,,,,,
decision,717834,552.4,65.0,,73.0,,14,,,,,,,,,142603,2,0,FALSE,,,,,,,,,,,,,,,,,,,,,,,,,,,,,,,,,,,,,,,,,,,,,,,,,,,,,,,,
dig,719289,,,,,[],14,,,,,,,,,,,,,,,,,,,,,,,,,,,,,,,,,,,,,,,,,,,,,,,,,,,,,,,,,,,,,,,,,,,,
harvest,720796,,,,56.0,,14,,,,,,73,0.771295834,0.767123288,,,,,,,,,,,,,,,,,,,,,,,,,,,,,,,,,,,,,,,,,,,,,,,,,,,,,,,,,,,,
decision,721631,832.6,65.0,,56.0,,14,,,,,,,,,146399,2,1,FALSE,,,,,,,,,,,,,,,,,,,,,,,,,,,,,,,,,,,,,,,,,,,,,,,,,,,,,,,,
dig,722810,,,,,[],14,,,,,,,,,,,,,,,,,,,,,,,,,,,,,,,,,,,,,,,,,,,,,,,,,,,,,,,,,,,,,,,,,,,,
harvest,724319,,,,48.0,,14,,,,,,56,0.864524204,0.857142857,,,,,,,,,,,,,,,,,,,,,,,,,,,,,,,,,,,,,,,,,,,,,,,,,,,,,,,,,,,,
decision,725088,766.4,65.0,,48.0,,14,,,,,,,,,149856,2,2,FALSE,,,,,,,,,,,,,,,,,,,,,,,,,,,,,,,,,,,,,,,,,,,,,,,,,,,,,,,,
dig,726330,,,,,[],14,,,,,,,,,,,,,,,,,,,,,,,,,,,,,,,,,,,,,,,,,,,,,,,,,,,,,,,,,,,,,,,,,,,,
harvest,727833,,,,39.0,,14,,,,,,48,0.811909926,0.8125,,,,,,,,,,,,,,,,,,,,,,,,,,,,,,,,,,,,,,,,,,,,,,,,,,,,,,,,,,,,
decision,728394,558.7,65.0,,39.0,,14,,,,,,,,,153163,2,3,FALSE,,,,,,,,,,,,,,,,,,,,,,,,,,,,,,,,,,,,,,,,,,,,,,,,,,,,,,,,
dig,729844,,,,,[],14,,,,,,,,,,,,,,,,,,,,,,,,,,,,,,,,,,,,,,,,,,,,,,,,,,,,,,,,,,,,,,,,,,,,
harvest,731353,,,,31.0,,14,,,,,,39,0.78829681,0.794871795,,,,,,,,,,,,,,,,,,,,,,,,,,,,,,,,,,,,,,,,,,,,,,,,,,,,,,,,,,,,
decision,731824,467.9,65.0,,31.0,,14,,,,,,,,,156594,2,4,FALSE,,,,,,,,,,,,,,,,,,,,,,,,,,,,,,,,,,,,,,,,,,,,,,,,,,,,,,,,
dig,733362,,,,,[],14,,,,,,,,,,,,,,,,,,,,,,,,,,,,,,,,,,,,,,,,,,,,,,,,,,,,,,,,,,,,,,,,,,,,
harvest,734865,,,,26.0,,14,,,,,,31,0.827701211,0.838709677,,,,,,,,,,,,,,,,,,,,,,,,,,,,,,,,,,,,,,,,,,,,,,,,,,,,,,,,,,,,
decision,735235,367.8,65.0,,26.0,,14,,,,,,,,,160003,2,5,FALSE,,,,,,,,,,,,,,,,,,,,,,,,,,,,,,,,,,,,,,,,,,,,,,,,,,,,,,,,
dig,736875,,,,,[],14,,,,,,,,,,,,,,,,,,,,,,,,,,,,,,,,,,,,,,,,,,,,,,,,,,,,,,,,,,,,,,,,,,,,
harvest,738378,,,,21.0,,14,,,,,,26,0.80899722,0.807692308,,,,,,,,,,,,,,,,,,,,,,,,,,,,,,,,,,,,,,,,,,,,,,,,,,,,,,,,,,,,
decision,738883,503.5,65.0,,21.0,,14,,,,,,,,,163652,2,6,FALSE,,,,,,,,,,,,,,,,,,,,,,,,,,,,,,,,,,,,,,,,,,,,,,,,,,,,,,,,
dig,740389,,,,,[],14,,,,,,,,,,,,,,,,,,,,,,,,,,,,,,,,,,,,,,,,,,,,,,,,,,,,,,,,,,,,,,,,,,,,
harvest,741896,,,,15.0,,14,,,,,,21,0.718305241,0.714285714,,,,,,,,,,,,,,,,,,,,,,,,,,,,,,,,,,,,,,,,,,,,,,,,,,,,,,,,,,,,
decision,742389,490.9,65.0,,15.0,,14,,,,,,,,,167158,2,7,FALSE,,,,,,,,,,,,,,,,,,,,,,,,,,,,,,,,,,,,,,,,,,,,,,,,,,,,,,,,
dig,743933,,,,,[],14,,,,,,,,,,,,,,,,,,,,,,,,,,,,,,,,,,,,,,,,,,,,,,,,,,,,,,,,,,,,,,,,,,,,
harvest,745452,,,,12.0,,14,,,,,,15,0.805916356,0.8,,,,,,,,,,,,,,,,,,,,,,,,,,,,,,,,,,,,,,,,,,,,,,,,,,,,,,,,,,,,
decision,745959,504.9,76.0,,12.0,,14,,,,,,,,,170727,2,8,TRUE,,,,,,,,,,,,,,,,,,,,,,,,,,,,,,,,,,,,,,,,,,,,,,,,,,,,,,,,
travel,755463,,,,,[],14,,,,,,,,,,,,,,,,,,,,,,,,,,,,,,,,,,,,,,,,,,,,,,,,,,,,,,,,,,,,,,,,,,,,
alien_welcome,760468,,,,,,,,,,101,74,104,51,13,77,111,60,65,30.0,99.0,84.0,28.0,9.0,91.0,47.0,71.0,89.0,61.0,55.0,25.0,41.0,3.0,53.0,58.0,88.0,44.0,87.0,11.0,114.0,26.0,82.0,67.0,4.0,50.0,63.0,54.0,49.0,17.0,15.0,18.0,35.0,76.0,116.0,34.0,108.0,69.0,78.0,27.0,113.0,102.0,70.0,43.0,112.0,86.0,107.0,105.0,22.0,115.0,52.0,59.0,8.0,75.0,85.0,19.0
land,760972,,,,97.0,,15,,,,,,,,,,,,,,,,,,,,,,,,,,,,,,,,,,,,,,,,,,,,,,,,,,,,,,,,,,,,,,,,,,,,
dig,762979,,,,,[],15,,,,,,,,,,,,,,,,,,,,,,,,,,,,,,,,,,,,,,,,,,,,,,,,,,,,,,,,,,,,,,,,,,,,
harvest,764484,,,,82.0,,15,,,,,,97,0.844949214,0.845360825,,,,,,,,,,,,,,,,,,,,,,,,,,,,,,,,,,,,,,,,,,,,,,,,,,,,,,,,,,,,
decision,765152,665.4,65.0,,82.0,,15,,,,,,,,,189921,2,0,FALSE,,,,,,,,,,,,,,,,,,,,,,,,,,,,,,,,,,,,,,,,,,,,,,,,,,,,,,,,
dig,766497,,,,,[],15,,,,,,,,,,,,,,,,,,,,,,,,,,,,,,,,,,,,,,,,,,,,,,,,,,,,,,,,,,,,,,,,,,,,
harvest,768000,,,,65.0,,15,,,,,,82,0.796053961,0.792682927,,,,,,,,,,,,,,,,,,,,,,,,,,,,,,,,,,,,,,,,,,,,,,,,,,,,,,,,,,,,
decision,768655,651.8,65.0,,65.0,,15,,,,,,,,,193425,2,1,FALSE,,,,,,,,,,,,,,,,,,,,,,,,,,,,,,,,,,,,,,,,,,,,,,,,,,,,,,,,
dig,770014,,,,,[],15,,,,,,,,,,,,,,,,,,,,,,,,,,,,,,,,,,,,,,,,,,,,,,,,,,,,,,,,,,,,,,,,,,,,
harvest,771526,,,,57.0,,15,,,,,,65,0.883553173,0.876923077,,,,,,,,,,,,,,,,,,,,,,,,,,,,,,,,,,,,,,,,,,,,,,,,,,,,,,,,,,,,
decision,772473,944.3,65.0,,57.0,,15,,,,,,,,,197241,2,2,FALSE,,,,,,,,,,,,,,,,,,,,,,,,,,,,,,,,,,,,,,,,,,,,,,,,,,,,,,,,
dig,773539,,,,,[],15,,,,,,,,,,,,,,,,,,,,,,,,,,,,,,,,,,,,,,,,,,,,,,,,,,,,,,,,,,,,,,,,,,,,
harvest,775043,,,,45.0,,15,,,,,,57,0.788966615,0.789473684,,,,,,,,,,,,,,,,,,,,,,,,,,,,,,,,,,,,,,,,,,,,,,,,,,,,,,,,,,,,
decision,776873,1823.7,65.0,,45.0,,15,,,,,,,,,201641,2,3,FALSE,,,,,,,,,,,,,,,,,,,,,,,,,,,,,,,,,,,,,,,,,,,,,,,,,,,,,,,,
dig,777059,,,,,[],15,,,,,,,,,,,,,,,,,,,,,,,,,,,,,,,,,,,,,,,,,,,,,,,,,,,,,,,,,,,,,,,,,,,,
harvest,778563,,,,37.0,,15,,,,,,45,0.811698259,0.822222222,,,,,,,,,,,,,,,,,,,,,,,,,,,,,,,,,,,,,,,,,,,,,,,,,,,,,,,,,,,,
decision,779082,516.1,65.0,,37.0,,15,,,,,,,,,203851,2,4,FALSE,,,,,,,,,,,,,,,,,,,,,,,,,,,,,,,,,,,,,,,,,,,,,,,,,,,,,,,,
dig,780577,,,,,[],15,,,,,,,,,,,,,,,,,,,,,,,,,,,,,,,,,,,,,,,,,,,,,,,,,,,,,,,,,,,,,,,,,,,,
harvest,782080,,,,33.0,,15,,,,,,37,0.881149348,0.891891892,,,,,,,,,,,,,,,,,,,,,,,,,,,,,,,,,,,,,,,,,,,,,,,,,,,,,,,,,,,,
decision,782708,626.2,65.0,,33.0,,15,,,,,,,,,207477,2,5,FALSE,,,,,,,,,,,,,,,,,,,,,,,,,,,,,,,,,,,,,,,,,,,,,,,,,,,,,,,,
dig,784088,,,,,[],15,,,,,,,,,,,,,,,,,,,,,,,,,,,,,,,,,,,,,,,,,,,,,,,,,,,,,,,,,,,,,,,,,,,,
harvest,785592,,,,26.0,,15,,,,,,33,0.796772983,0.787878788,,,,,,,,,,,,,,,,,,,,,,,,,,,,,,,,,,,,,,,,,,,,,,,,,,,,,,,,,,,,
decision,787566,1971.5,65.0,,26.0,,15,,,,,,,,,212335,2,6,FALSE,,,,,,,,,,,,,,,,,,,,,,,,,,,,,,,,,,,,,,,,,,,,,,,,,,,,,,,,
dig,787613,,,,,[],15,,,,,,,,,,,,,,,,,,,,,,,,,,,,,,,,,,,,,,,,,,,,,,,,,,,,,,,,,,,,,,,,,,,,
harvest,789118,,,,23.0,,15,,,,,,26,0.87033719,0.884615385,,,,,,,,,,,,,,,,,,,,,,,,,,,,,,,,,,,,,,,,,,,,,,,,,,,,,,,,,,,,
decision,789717,595.2,65.0,,23.0,,15,,,,,,,,,214485,2,7,FALSE,,,,,,,,,,,,,,,,,,,,,,,,,,,,,,,,,,,,,,,,,,,,,,,,,,,,,,,,
dig,791134,,,,,[],15,,,,,,,,,,,,,,,,,,,,,,,,,,,,,,,,,,,,,,,,,,,,,,,,,,,,,,,,,,,,,,,,,,,,
harvest,792640,,,,18.0,,15,,,,,,23,0.771161633,0.782608696,,,,,,,,,,,,,,,,,,,,,,,,,,,,,,,,,,,,,,,,,,,,,,,,,,,,,,,,,,,,
decision,792936,290.1,65.0,,18.0,,15,,,,,,,,,217704,2,8,FALSE,,,,,,,,,,,,,,,,,,,,,,,,,,,,,,,,,,,,,,,,,,,,,,,,,,,,,,,,
dig,794652,,,,,[],15,,,,,,,,,,,,,,,,,,,,,,,,,,,,,,,,,,,,,,,,,,,,,,,,,,,,,,,,,,,,,,,,,,,,
harvest,796161,,,,15.0,,15,,,,,,18,0.812741675,0.833333333,,,,,,,,,,,,,,,,,,,,,,,,,,,,,,,,,,,,,,,,,,,,,,,,,,,,,,,,,,,,
decision,796207,42.7,76.0,,15.0,,15,,,,,,,,,220975,2,9,TRUE,,,,,,,,,,,,,,,,,,,,,,,,,,,,,,,,,,,,,,,,,,,,,,,,,,,,,,,,
travel,806169,,,,,[],15,,,,,,,,,,,,,,,,,,,,,,,,,,,,,,,,,,,,,,,,,,,,,,,,,,,,,,,,,,,,,,,,,,,,
alien_welcome,811172,,,,,,,,,,96,74,104,51,13,77,111,60,65,30.0,99.0,84.0,28.0,9.0,91.0,47.0,71.0,89.0,61.0,55.0,25.0,41.0,3.0,53.0,58.0,88.0,44.0,87.0,11.0,114.0,26.0,82.0,67.0,4.0,50.0,63.0,54.0,49.0,17.0,15.0,18.0,35.0,76.0,116.0,34.0,108.0,69.0,78.0,27.0,113.0,102.0,70.0,43.0,112.0,86.0,107.0,105.0,22.0,115.0,52.0,59.0,8.0,75.0,85.0,19.0
land,811674,,,,104.0,,16,,,,,,,,,,,,,,,,,,,,,,,,,,,,,,,,,,,,,,,,,,,,,,,,,,,,,,,,,,,,,,,,,,,,
dig,813683,,,,,[],16,,,,,,,,,,,,,,,,,,,,,,,,,,,,,,,,,,,,,,,,,,,,,,,,,,,,,,,,,,,,,,,,,,,,
harvest,815189,,,,80.0,,16,,,,,,104,0.767353326,0.769230769,,,,,,,,,,,,,,,,,,,,,,,,,,,,,,,,,,,,,,,,,,,,,,,,,,,,,,,,,,,,
decision,815661,468.2,65.0,,80.0,,16,,,,,,,,,240429,2,0,FALSE,,,,,,,,,,,,,,,,,,,,,,,,,,,,,,,,,,,,,,,,,,,,,,,,,,,,,,,,
dig,817199,,,,,[],16,,,,,,,,,,,,,,,,,,,,,,,,,,,,,,,,,,,,,,,,,,,,,,,,,,,,,,,,,,,,,,,,,,,,
harvest,818702,,,,70.0,,16,,,,,,80,0.871617898,0.875,,,,,,,,,,,,,,,,,,,,,,,,,,,,,,,,,,,,,,,,,,,,,,,,,,,,,,,,,,,,
decision,819145,439.9,65.0,,70.0,,16,,,,,,,,,243913,2,1,FALSE,,,,,,,,,,,,,,,,,,,,,,,,,,,,,,,,,,,,,,,,,,,,,,,,,,,,,,,,
dig,820714,,,,,[],16,,,,,,,,,,,,,,,,,,,,,,,,,,,,,,,,,,,,,,,,,,,,,,,,,,,,,,,,,,,,,,,,,,,,
harvest,822218,,,,52.0,,16,,,,,,70,0.747811549,0.742857143,,,,,,,,,,,,,,,,,,,,,,,,,,,,,,,,,,,,,,,,,,,,,,,,,,,,,,,,,,,,
decision,823658,1437.6,65.0,,52.0,,16,,,,,,,,,248426,2,2,FALSE,,,,,,,,,,,,,,,,,,,,,,,,,,,,,,,,,,,,,,,,,,,,,,,,,,,,,,,,
dig,824226,,,,,[],16,,,,,,,,,,,,,,,,,,,,,,,,,,,,,,,,,,,,,,,,,,,,,,,,,,,,,,,,,,,,,,,,,,,,
harvest,825729,,,,37.0,,16,,,,,,52,0.713593071,0.711538462,,,,,,,,,,,,,,,,,,,,,,,,,,,,,,,,,,,,,,,,,,,,,,,,,,,,,,,,,,,,
decision,826187,455.8,65.0,,37.0,,16,,,,,,,,,250955,2,3,FALSE,,,,,,,,,,,,,,,,,,,,,,,,,,,,,,,,,,,,,,,,,,,,,,,,,,,,,,,,
dig,827736,,,,,[],16,,,,,,,,,,,,,,,,,,,,,,,,,,,,,,,,,,,,,,,,,,,,,,,,,,,,,,,,,,,,,,,,,,,,
harvest,829241,,,,30.0,,16,,,,,,37,0.802603267,0.810810811,,,,,,,,,,,,,,,,,,,,,,,,,,,,,,,,,,,,,,,,,,,,,,,,,,,,,,,,,,,,
decision,829649,406.0,65.0,,30.0,,16,,,,,,,,,254417,2,4,FALSE,,,,,,,,,,,,,,,,,,,,,,,,,,,,,,,,,,,,,,,,,,,,,,,,,,,,,,,,
dig,831251,,,,,[],16,,,,,,,,,,,,,,,,,,,,,,,,,,,,,,,,,,,,,,,,,,,,,,,,,,,,,,,,,,,,,,,,,,,,
harvest,832753,,,,24.0,,16,,,,,,30,0.799200428,0.8,,,,,,,,,,,,,,,,,,,,,,,,,,,,,,,,,,,,,,,,,,,,,,,,,,,,,,,,,,,,
decision,833300,543.9,65.0,,24.0,,16,,,,,,,,,258068,2,5,FALSE,,,,,,,,,,,,,,,,,,,,,,,,,,,,,,,,,,,,,,,,,,,,,,,,,,,,,,,,
dig,834764,,,,,[],16,,,,,,,,,,,,,,,,,,,,,,,,,,,,,,,,,,,,,,,,,,,,,,,,,,,,,,,,,,,,,,,,,,,,
harvest,836268,,,,20.0,,16,,,,,,24,0.832319685,0.833333333,,,,,,,,,,,,,,,,,,,,,,,,,,,,,,,,,,,,,,,,,,,,,,,,,,,,,,,,,,,,
decision,836765,494.5,65.0,,20.0,,16,,,,,,,,,261534,2,6,FALSE,,,,,,,,,,,,,,,,,,,,,,,,,,,,,,,,,,,,,,,,,,,,,,,,,,,,,,,,
dig,838277,,,,,[],16,,,,,,,,,,,,,,,,,,,,,,,,,,,,,,,,,,,,,,,,,,,,,,,,,,,,,,,,,,,,,,,,,,,,
harvest,839780,,,,17.0,,16,,,,,,20,0.843503956,0.85,,,,,,,,,,,,,,,,,,,,,,,,,,,,,,,,,,,,,,,,,,,,,,,,,,,,,,,,,,,,
decision,841783,,,,17.0,,16,,,,,,,,,266551,2,7,FALSE,,,,,,,,,,,,,,,,,,,,,,,,,,,,,,,,,,,,,,,,,,,,,,,,,,,,,,,,
time_out,843792,,,,17.0,,,,,,,,,,,,,,,,,,,,,,,,,,,,,,,,,,,,,,,,,,,,,,,,,,,,,,,,,,,,,,,,,,,,,,
decision,844547,752.4,65.0,,17.0,,16,,,,,,,,,269316,2,7,FALSE,,,,,,,,,,,,,,,,,,,,,,,,,,,,,,,,,,,,,,,,,,,,,,,,,,,,,,,,
dig,845801,,,,,[],16,,,,,,,,,,,,,,,,,,,,,,,,,,,,,,,,,,,,,,,,,,,,,,,,,,,,,,,,,,,,,,,,,,,,
harvest,847305,,,,13.0,,16,,,,,,17,0.767692744,0.764705882,,,,,,,,,,,,,,,,,,,,,,,,,,,,,,,,,,,,,,,,,,,,,,,,,,,,,,,,,,,,
decision,849307,,,,13.0,,16,,,,,,,,,274076,2,8,FALSE,,,,,,,,,,,,,,,,,,,,,,,,,,,,,,,,,,,,,,,,,,,,,,,,,,,,,,,,
time_out,851321,,,,13.0,,,,,,,,,,,,,,,,,,,,,,,,,,,,,,,,,,,,,,,,,,,,,,,,,,,,,,,,,,,,,,,,,,,,,,
decision,851859,531.0,76.0,,13.0,,16,,,,,,,,,276628,2,8,TRUE,,,,,,,,,,,,,,,,,,,,,,,,,,,,,,,,,,,,,,,,,,,,,,,,,,,,,,,,
travel,861337,,,,,[],16,,,,,,,,,,,,,,,,,,,,,,,,,,,,,,,,,,,,,,,,,,,,,,,,,,,,,,,,,,,,,,,,,,,,
alien_welcome,866341,,,,,,,,,,64,74,104,51,13,77,111,60,65,30.0,99.0,84.0,28.0,9.0,91.0,47.0,71.0,89.0,61.0,55.0,25.0,41.0,3.0,53.0,58.0,88.0,44.0,87.0,11.0,114.0,26.0,82.0,67.0,4.0,50.0,63.0,54.0,49.0,17.0,15.0,18.0,35.0,76.0,116.0,34.0,108.0,69.0,78.0,27.0,113.0,102.0,70.0,43.0,112.0,86.0,107.0,105.0,22.0,115.0,52.0,59.0,8.0,75.0,85.0,19.0
land,866844,,,,93.0,,17,,,,,,,,,,,,,,,,,,,,,,,,,,,,,,,,,,,,,,,,,,,,,,,,,,,,,,,,,,,,,,,,,,,,
dig,868850,,,,,[],17,,,,,,,,,,,,,,,,,,,,,,,,,,,,,,,,,,,,,,,,,,,,,,,,,,,,,,,,,,,,,,,,,,,,
harvest,870353,,,,77.0,,17,,,,,,93,0.828908487,0.827956989,,,,,,,,,,,,,,,,,,,,,,,,,,,,,,,,,,,,,,,,,,,,,,,,,,,,,,,,,,,,
decision,870839,484.0,65.0,,77.0,,17,,,,,,,,,295607,2,0,FALSE,,,,,,,,,,,,,,,,,,,,,,,,,,,,,,,,,,,,,,,,,,,,,,,,,,,,,,,,
dig,872362,,,,,[],17,,,,,,,,,,,,,,,,,,,,,,,,,,,,,,,,,,,,,,,,,,,,,,,,,,,,,,,,,,,,,,,,,,,,
harvest,873869,,,,61.0,,17,,,,,,77,0.788025714,0.792207792,,,,,,,,,,,,,,,,,,,,,,,,,,,,,,,,,,,,,,,,,,,,,,,,,,,,,,,,,,,,
decision,874342,468.4,65.0,,61.0,,17,,,,,,,,,299110,2,1,FALSE,,,,,,,,,,,,,,,,,,,,,,,,,,,,,,,,,,,,,,,,,,,,,,,,,,,,,,,,
dig,875879,,,,,[],17,,,,,,,,,,,,,,,,,,,,,,,,,,,,,,,,,,,,,,,,,,,,,,,,,,,,,,,,,,,,,,,,,,,,
harvest,877382,,,,51.0,,17,,,,,,61,0.832093889,0.836065574,,,,,,,,,,,,,,,,,,,,,,,,,,,,,,,,,,,,,,,,,,,,,,,,,,,,,,,,,,,,
decision,877879,494.6,65.0,,51.0,,17,,,,,,,,,302647,2,2,FALSE,,,,,,,,,,,,,,,,,,,,,,,,,,,,,,,,,,,,,,,,,,,,,,,,,,,,,,,,
dig,879390,,,,,[],17,,,,,,,,,,,,,,,,,,,,,,,,,,,,,,,,,,,,,,,,,,,,,,,,,,,,,,,,,,,,,,,,,,,,
harvest,880893,,,,40.0,,17,,,,,,51,0.787728889,0.784313725,,,,,,,,,,,,,,,,,,,,,,,,,,,,,,,,,,,,,,,,,,,,,,,,,,,,,,,,,,,,
decision,882641,1745.9,65.0,,40.0,,17,,,,,,,,,307409,2,3,FALSE,,,,,,,,,,,,,,,,,,,,,,,,,,,,,,,,,,,,,,,,,,,,,,,,,,,,,,,,
dig,882902,,,,,[],17,,,,,,,,,,,,,,,,,,,,,,,,,,,,,,,,,,,,,,,,,,,,,,,,,,,,,,,,,,,,,,,,,,,,
harvest,884404,,,,34.0,,17,,,,,,40,0.844048928,0.85,,,,,,,,,,,,,,,,,,,,,,,,,,,,,,,,,,,,,,,,,,,,,,,,,,,,,,,,,,,,
decision,884840,432.5,65.0,,34.0,,17,,,,,,,,,309608,2,4,FALSE,,,,,,,,,,,,,,,,,,,,,,,,,,,,,,,,,,,,,,,,,,,,,,,,,,,,,,,,
dig,886415,,,,,[],17,,,,,,,,,,,,,,,,,,,,,,,,,,,,,,,,,,,,,,,,,,,,,,,,,,,,,,,,,,,,,,,,,,,,
harvest,887919,,,,27.0,,17,,,,,,34,0.789658835,0.794117647,,,,,,,,,,,,,,,,,,,,,,,,,,,,,,,,,,,,,,,,,,,,,,,,,,,,,,,,,,,,
decision,888133,211.6,65.0,,27.0,,17,,,,,,,,,312901,2,5,FALSE,,,,,,,,,,,,,,,,,,,,,,,,,,,,,,,,,,,,,,,,,,,,,,,,,,,,,,,,
dig,889931,,,,,[],17,,,,,,,,,,,,,,,,,,,,,,,,,,,,,,,,,,,,,,,,,,,,,,,,,,,,,,,,,,,,,,,,,,,,
harvest,891435,,,,22.0,,17,,,,,,27,0.809297454,0.814814815,,,,,,,,,,,,,,,,,,,,,,,,,,,,,,,,,,,,,,,,,,,,,,,,,,,,,,,,,,,,
decision,891550,113.5,65.0,,22.0,,17,,,,,,,,,316319,2,6,FALSE,,,,,,,,,,,,,,,,,,,,,,,,,,,,,,,,,,,,,,,,,,,,,,,,,,,,,,,,
dig,893444,,,,,[],17,,,,,,,,,,,,,,,,,,,,,,,,,,,,,,,,,,,,,,,,,,,,,,,,,,,,,,,,,,,,,,,,,,,,
harvest,894961,,,,19.0,,17,,,,,,22,0.842308388,0.863636364,,,,,,,,,,,,,,,,,,,,,,,,,,,,,,,,,,,,,,,,,,,,,,,,,,,,,,,,,,,,
decision,895892,927.4,76.0,,19.0,,17,,,,,,,,,320660,2,7,TRUE,,,,,,,,,,,,,,,,,,,,,,,,,,,,,,,,,,,,,,,,,,,,,,,,,,,,,,,,
travel,904973,,,,,[],17,,,,,,,,,,,,,,,,,,,,,,,,,,,,,,,,,,,,,,,,,,,,,,,,,,,,,,,,,,,,,,,,,,,,
alien_welcome,909980,,,,,,,,,,14,74,104,51,13,77,111,60,65,30.0,99.0,84.0,28.0,9.0,91.0,47.0,71.0,89.0,61.0,55.0,25.0,41.0,3.0,53.0,58.0,88.0,44.0,87.0,11.0,114.0,26.0,82.0,67.0,4.0,50.0,63.0,54.0,49.0,17.0,15.0,18.0,35.0,76.0,116.0,34.0,108.0,69.0,78.0,27.0,113.0,102.0,70.0,43.0,112.0,86.0,107.0,105.0,22.0,115.0,52.0,59.0,8.0,75.0,85.0,19.0
land,910483,,,,102.0,,18,,,,,,,,,,,,,,,,,,,,,,,,,,,,,,,,,,,,,,,,,,,,,,,,,,,,,,,,,,,,,,,,,,,,
dig,912488,,,,,[],18,,,,,,,,,,,,,,,,,,,,,,,,,,,,,,,,,,,,,,,,,,,,,,,,,,,,,,,,,,,,,,,,,,,,
harvest,913994,,,,50.0,,18,,,,,,102,0.485922217,0.490196078,,,,,,,,,,,,,,,,,,,,,,,,,,,,,,,,,,,,,,,,,,,,,,,,,,,,,,,,,,,,
decision,915025,1029.1,65.0,,50.0,,18,,,,,,,,,339794,2,0,FALSE,,,,,,,,,,,,,,,,,,,,,,,,,,,,,,,,,,,,,,,,,,,,,,,,,,,,,,,,
dig,916003,,,,,[],18,,,,,,,,,,,,,,,,,,,,,,,,,,,,,,,,,,,,,,,,,,,,,,,,,,,,,,,,,,,,,,,,,,,,
harvest,917510,,,,25.0,,18,,,,,,50,0.506803426,0.5,,,,,,,,,,,,,,,,,,,,,,,,,,,,,,,,,,,,,,,,,,,,,,,,,,,,,,,,,,,,
decision,918061,549.0,76.0,,25.0,,18,,,,,,,,,342830,2,1,TRUE,,,,,,,,,,,,,,,,,,,,,,,,,,,,,,,,,,,,,,,,,,,,,,,,,,,,,,,,
travel,927521,,,,,[],18,,,,,,,,,,,,,,,,,,,,,,,,,,,,,,,,,,,,,,,,,,,,,,,,,,,,,,,,,,,,,,,,,,,,
alien_welcome,932524,,,,,,,,,,12,74,104,51,13,77,111,60,65,30.0,99.0,84.0,28.0,9.0,91.0,47.0,71.0,89.0,61.0,55.0,25.0,41.0,3.0,53.0,58.0,88.0,44.0,87.0,11.0,114.0,26.0,82.0,67.0,4.0,50.0,63.0,54.0,49.0,17.0,15.0,18.0,35.0,76.0,116.0,34.0,108.0,69.0,78.0,27.0,113.0,102.0,70.0,43.0,112.0,86.0,107.0,105.0,22.0,115.0,52.0,59.0,8.0,75.0,85.0,19.0
land,933029,,,,99.0,,19,,,,,,,,,,,,,,,,,,,,,,,,,,,,,,,,,,,,,,,,,,,,,,,,,,,,,,,,,,,,,,,,,,,,
dig,935034,,,,,[],19,,,,,,,,,,,,,,,,,,,,,,,,,,,,,,,,,,,,,,,,,,,,,,,,,,,,,,,,,,,,,,,,,,,,
harvest,936541,,,,82.0,,19,,,,,,99,0.831369051,0.828282828,,,,,,,,,,,,,,,,,,,,,,,,,,,,,,,,,,,,,,,,,,,,,,,,,,,,,,,,,,,,
decision,937118,575.8,65.0,,82.0,,19,,,,,,,,,361887,2,0,TRUE,,,,,,,,,,,,,,,,,,,,,,,,,,,,,,,,,,,,,,,,,,,,,,,,,,,,,,,,
end_of_block,942470,5343.3,32.0,,,,,,,,,,,,,,,,,,,,,,,,,,,,,,,,,,,,,,,,,,,,,,,,,,,,,,,,,,,,,,,,,,,,,,,,
alien_welcome,947507,,,,,,,,,,92,74,104,51,13,77,111,60,65,30.0,99.0,84.0,28.0,9.0,91.0,47.0,71.0,89.0,61.0,55.0,25.0,41.0,3.0,53.0,58.0,88.0,44.0,87.0,11.0,114.0,26.0,82.0,67.0,4.0,50.0,63.0,54.0,49.0,17.0,15.0,18.0,35.0,76.0,116.0,34.0,108.0,69.0,78.0,27.0,113.0,102.0,70.0,43.0,112.0,86.0,107.0,105.0,22.0,115.0,52.0,59.0,8.0,75.0,85.0,19.0
land,948033,,,,96.0,,20,,,,,,,,,,,,,,,,,,,,,,,,,,,,,,,,,,,,,,,,,,,,,,,,,,,,,,,,,,,,,,,,,,,,
dig,950043,,,,,[],20,,,,,,,,,,,,,,,,,,,,,,,,,,,,,,,,,,,,,,,,,,,,,,,,,,,,,,,,,,,,,,,,,,,,
harvest,951546,,,,48.0,,20,,,,,,96,0.504500858,0.5,,,,,,,,,,,,,,,,,,,,,,,,,,,,,,,,,,,,,,,,,,,,,,,,,,,,,,,,,,,,
decision,952033,485.1,65.0,,48.0,,20,,,,,,,,,9555,3,0,FALSE,,,,,,,,,,,,,,,,,,,,,,,,,,,,,,,,,,,,,,,,,,,,,,,,,,,,,,,,
dig,953556,,,,,[],20,,,,,,,,,,,,,,,,,,,,,,,,,,,,,,,,,,,,,,,,,,,,,,,,,,,,,,,,,,,,,,,,,,,,
harvest,955059,,,,21.0,,20,,,,,,48,0.443373826,0.4375,,,,,,,,,,,,,,,,,,,,,,,,,,,,,,,,,,,,,,,,,,,,,,,,,,,,,,,,,,,,
decision,955443,381.2,65.0,,21.0,,20,,,,,,,,,12964,3,1,FALSE,,,,,,,,,,,,,,,,,,,,,,,,,,,,,,,,,,,,,,,,,,,,,,,,,,,,,,,,
dig,957069,,,,,[],20,,,,,,,,,,,,,,,,,,,,,,,,,,,,,,,,,,,,,,,,,,,,,,,,,,,,,,,,,,,,,,,,,,,,
harvest,958571,,,,8.0,,20,,,,,,21,0.381862348,0.380952381,,,,,,,,,,,,,,,,,,,,,,,,,,,,,,,,,,,,,,,,,,,,,,,,,,,,,,,,,,,,
decision,959097,522.4,65.0,,8.0,,20,,,,,,,,,16618,3,2,FALSE,,,,,,,,,,,,,,,,,,,,,,,,,,,,,,,,,,,,,,,,,,,,,,,,,,,,,,,,
dig,960581,,,,,[],20,,,,,,,,,,,,,,,,,,,,,,,,,,,,,,,,,,,,,,,,,,,,,,,,,,,,,,,,,,,,,,,,,,,,
harvest,962084,,,,4.0,,20,,,,,,8,0.521021199,0.5,,,,,,,,,,,,,,,,,,,,,,,,,,,,,,,,,,,,,,,,,,,,,,,,,,,,,,,,,,,,
decision,963118,1032.2,76.0,,4.0,,20,,,,,,,,,20640,3,3,TRUE,,,,,,,,,,,,,,,,,,,,,,,,,,,,,,,,,,,,,,,,,,,,,,,,,,,,,,,,
travel,972092,,,,,[],20,,,,,,,,,,,,,,,,,,,,,,,,,,,,,,,,,,,,,,,,,,,,,,,,,,,,,,,,,,,,,,,,,,,,
alien_welcome,977095,,,,,,,,,,103,74,104,51,13,77,111,60,65,30.0,99.0,84.0,28.0,9.0,91.0,47.0,71.0,89.0,61.0,55.0,25.0,41.0,3.0,53.0,58.0,88.0,44.0,87.0,11.0,114.0,26.0,82.0,67.0,4.0,50.0,63.0,54.0,49.0,17.0,15.0,18.0,35.0,76.0,116.0,34.0,108.0,69.0,78.0,27.0,113.0,102.0,70.0,43.0,112.0,86.0,107.0,105.0,22.0,115.0,52.0,59.0,8.0,75.0,85.0,19.0
land,977599,,,,109.0,,21,,,,,,,,,,,,,,,,,,,,,,,,,,,,,,,,,,,,,,,,,,,,,,,,,,,,,,,,,,,,,,,,,,,,
dig,979604,,,,,[],21,,,,,,,,,,,,,,,,,,,,,,,,,,,,,,,,,,,,,,,,,,,,,,,,,,,,,,,,,,,,,,,,,,,,
harvest,981107,,,,95.0,,21,,,,,,109,0.870154684,0.871559633,,,,,,,,,,,,,,,,,,,,,,,,,,,,,,,,,,,,,,,,,,,,,,,,,,,,,,,,,,,,
decision,981490,381.0,76.0,,95.0,,21,,,,,,,,,39012,3,0,TRUE,,,,,,,,,,,,,,,,,,,,,,,,,,,,,,,,,,,,,,,,,,,,,,,,,,,,,,,,
travel,991111,,,,,[],21,,,,,,,,,,,,,,,,,,,,,,,,,,,,,,,,,,,,,,,,,,,,,,,,,,,,,,,,,,,,,,,,,,,,
alien_welcome,996114,,,,,,,,,,39,74,104,51,13,77,111,60,65,30.0,99.0,84.0,28.0,9.0,91.0,47.0,71.0,89.0,61.0,55.0,25.0,41.0,3.0,53.0,58.0,88.0,44.0,87.0,11.0,114.0,26.0,82.0,67.0,4.0,50.0,63.0,54.0,49.0,17.0,15.0,18.0,35.0,76.0,116.0,34.0,108.0,69.0,78.0,27.0,113.0,102.0,70.0,43.0,112.0,86.0,107.0,105.0,22.0,115.0,52.0,59.0,8.0,75.0,85.0,19.0
land,996617,,,,97.0,,22,,,,,,,,,,,,,,,,,,,,,,,,,,,,,,,,,,,,,,,,,,,,,,,,,,,,,,,,,,,,,,,,,,,,
dig,998622,,,,,[],22,,,,,,,,,,,,,,,,,,,,,,,,,,,,,,,,,,,,,,,,,,,,,,,,,,,,,,,,,,,,,,,,,,,,
harvest,1000124,,,,51.0,,22,,,,,,97,0.530414721,0.525773196,,,,,,,,,,,,,,,,,,,,,,,,,,,,,,,,,,,,,,,,,,,,,,,,,,,,,,,,,,,,
decision,1000758,632.0,65.0,,51.0,,22,,,,,,,,,58281,3,0,FALSE,,,,,,,,,,,,,,,,,,,,,,,,,,,,,,,,,,,,,,,,,,,,,,,,,,,,,,,,
dig,1002136,,,,,[],22,,,,,,,,,,,,,,,,,,,,,,,,,,,,,,,,,,,,,,,,,,,,,,,,,,,,,,,,,,,,,,,,,,,,
harvest,1003640,,,,26.0,,22,,,,,,51,0.500873952,0.509803922,,,,,,,,,,,,,,,,,,,,,,,,,,,,,,,,,,,,,,,,,,,,,,,,,,,,,,,,,,,,
decision,1004019,375.6,76.0,,26.0,,22,,,,,,,,,61541,3,1,TRUE,,,,,,,,,,,,,,,,,,,,,,,,,,,,,,,,,,,,,,,,,,,,,,,,,,,,,,,,
travel,1013651,,,,,[],22,,,,,,,,,,,,,,,,,,,,,,,,,,,,,,,,,,,,,,,,,,,,,,,,,,,,,,,,,,,,,,,,,,,,
alien_welcome,1018655,,,,,,,,,,45,74,104,51,13,77,111,60,65,30.0,99.0,84.0,28.0,9.0,91.0,47.0,71.0,89.0,61.0,55.0,25.0,41.0,3.0,53.0,58.0,88.0,44.0,87.0,11.0,114.0,26.0,82.0,67.0,4.0,50.0,63.0,54.0,49.0,17.0,15.0,18.0,35.0,76.0,116.0,34.0,108.0,69.0,78.0,27.0,113.0,102.0,70.0,43.0,112.0,86.0,107.0,105.0,22.0,115.0,52.0,59.0,8.0,75.0,85.0,19.0
land,1019167,,,,98.0,,23,,,,,,,,,,,,,,,,,,,,,,,,,,,,,,,,,,,,,,,,,,,,,,,,,,,,,,,,,,,,,,,,,,,,
dig,1021172,,,,,[],23,,,,,,,,,,,,,,,,,,,,,,,,,,,,,,,,,,,,,,,,,,,,,,,,,,,,,,,,,,,,,,,,,,,,
harvest,1022675,,,,45.0,,23,,,,,,98,0.461632629,0.459183673,,,,,,,,,,,,,,,,,,,,,,,,,,,,,,,,,,,,,,,,,,,,,,,,,,,,,,,,,,,,
decision,1023317,639.6,65.0,,45.0,,23,,,,,,,,,80839,3,0,FALSE,,,,,,,,,,,,,,,,,,,,,,,,,,,,,,,,,,,,,,,,,,,,,,,,,,,,,,,,
dig,1024690,,,,,[],23,,,,,,,,,,,,,,,,,,,,,,,,,,,,,,,,,,,,,,,,,,,,,,,,,,,,,,,,,,,,,,,,,,,,
harvest,1026194,,,,22.0,,23,,,,,,45,0.478880945,0.488888889,,,,,,,,,,,,,,,,,,,,,,,,,,,,,,,,,,,,,,,,,,,,,,,,,,,,,,,,,,,,
decision,1026569,372.6,76.0,,22.0,,23,,,,,,,,,84090,3,1,TRUE,,,,,,,,,,,,,,,,,,,,,,,,,,,,,,,,,,,,,,,,,,,,,,,,,,,,,,,,
travel,1036199,,,,,[],23,,,,,,,,,,,,,,,,,,,,,,,,,,,,,,,,,,,,,,,,,,,,,,,,,,,,,,,,,,,,,,,,,,,,
alien_welcome,1041202,,,,,,,,,,81,74,104,51,13,77,111,60,65,30.0,99.0,84.0,28.0,9.0,91.0,47.0,71.0,89.0,61.0,55.0,25.0,41.0,3.0,53.0,58.0,88.0,44.0,87.0,11.0,114.0,26.0,82.0,67.0,4.0,50.0,63.0,54.0,49.0,17.0,15.0,18.0,35.0,76.0,116.0,34.0,108.0,69.0,78.0,27.0,113.0,102.0,70.0,43.0,112.0,86.0,107.0,105.0,22.0,115.0,52.0,59.0,8.0,75.0,85.0,19.0
land,1041705,,,,106.0,,24,,,,,,,,,,,,,,,,,,,,,,,,,,,,,,,,,,,,,,,,,,,,,,,,,,,,,,,,,,,,,,,,,,,,
dig,1043710,,,,,[],24,,,,,,,,,,,,,,,,,,,,,,,,,,,,,,,,,,,,,,,,,,,,,,,,,,,,,,,,,,,,,,,,,,,,
harvest,1045213,,,,58.0,,24,,,,,,106,0.543407904,0.547169811,,,,,,,,,,,,,,,,,,,,,,,,,,,,,,,,,,,,,,,,,,,,,,,,,,,,,,,,,,,,
decision,1045747,530.6,65.0,,58.0,,24,,,,,,,,,103268,3,0,FALSE,,,,,,,,,,,,,,,,,,,,,,,,,,,,,,,,,,,,,,,,,,,,,,,,,,,,,,,,
dig,1047225,,,,,[],24,,,,,,,,,,,,,,,,,,,,,,,,,,,,,,,,,,,,,,,,,,,,,,,,,,,,,,,,,,,,,,,,,,,,
harvest,1048729,,,,29.0,,24,,,,,,58,0.503960186,0.5,,,,,,,,,,,,,,,,,,,,,,,,,,,,,,,,,,,,,,,,,,,,,,,,,,,,,,,,,,,,
decision,1049014,281.8,76.0,,29.0,,24,,,,,,,,,106535,3,1,TRUE,,,,,,,,,,,,,,,,,,,,,,,,,,,,,,,,,,,,,,,,,,,,,,,,,,,,,,,,
travel,1058735,,,,,[],24,,,,,,,,,,,,,,,,,,,,,,,,,,,,,,,,,,,,,,,,,,,,,,,,,,,,,,,,,,,,,,,,,,,,
alien_welcome,1063740,,,,,,,,,,110,74,104,51,13,77,111,60,65,30.0,99.0,84.0,28.0,9.0,91.0,47.0,71.0,89.0,61.0,55.0,25.0,41.0,3.0,53.0,58.0,88.0,44.0,87.0,11.0,114.0,26.0,82.0,67.0,4.0,50.0,63.0,54.0,49.0,17.0,15.0,18.0,35.0,76.0,116.0,34.0,108.0,69.0,78.0,27.0,113.0,102.0,70.0,43.0,112.0,86.0,107.0,105.0,22.0,115.0,52.0,59.0,8.0,75.0,85.0,19.0
land,1064247,,,,103.0,,25,,,,,,,,,,,,,,,,,,,,,,,,,,,,,,,,,,,,,,,,,,,,,,,,,,,,,,,,,,,,,,,,,,,,
dig,1066252,,,,,[],25,,,,,,,,,,,,,,,,,,,,,,,,,,,,,,,,,,,,,,,,,,,,,,,,,,,,,,,,,,,,,,,,,,,,
harvest,1067754,,,,45.0,,25,,,,,,103,0.439853996,0.436893204,,,,,,,,,,,,,,,,,,,,,,,,,,,,,,,,,,,,,,,,,,,,,,,,,,,,,,,,,,,,
decision,1068169,411.9,65.0,,45.0,,25,,,,,,,,,125691,3,0,FALSE,,,,,,,,,,,,,,,,,,,,,,,,,,,,,,,,,,,,,,,,,,,,,,,,,,,,,,,,
dig,1069775,,,,,[],25,,,,,,,,,,,,,,,,,,,,,,,,,,,,,,,,,,,,,,,,,,,,,,,,,,,,,,,,,,,,,,,,,,,,
harvest,1071279,,,,24.0,,25,,,,,,45,0.536383219,0.533333333,,,,,,,,,,,,,,,,,,,,,,,,,,,,,,,,,,,,,,,,,,,,,,,,,,,,,,,,,,,,
decision,1071911,629.8,65.0,,24.0,,25,,,,,,,,,129432,3,1,FALSE,,,,,,,,,,,,,,,,,,,,,,,,,,,,,,,,,,,,,,,,,,,,,,,,,,,,,,,,
dig,1073289,,,,,[],25,,,,,,,,,,,,,,,,,,,,,,,,,,,,,,,,,,,,,,,,,,,,,,,,,,,,,,,,,,,,,,,,,,,,
harvest,1074793,,,,12.0,,25,,,,,,24,0.510341864,0.5,,,,,,,,,,,,,,,,,,,,,,,,,,,,,,,,,,,,,,,,,,,,,,,,,,,,,,,,,,,,
decision,1075371,576.0,76.0,,12.0,,25,,,,,,,,,132892,3,2,TRUE,,,,,,,,,,,,,,,,,,,,,,,,,,,,,,,,,,,,,,,,,,,,,,,,,,,,,,,,
travel,1084819,,,,,[],25,,,,,,,,,,,,,,,,,,,,,,,,,,,,,,,,,,,,,,,,,,,,,,,,,,,,,,,,,,,,,,,,,,,,
alien_welcome,1089822,,,,,,,,,,5,74,104,51,13,77,111,60,65,30.0,99.0,84.0,28.0,9.0,91.0,47.0,71.0,89.0,61.0,55.0,25.0,41.0,3.0,53.0,58.0,88.0,44.0,87.0,11.0,114.0,26.0,82.0,67.0,4.0,50.0,63.0,54.0,49.0,17.0,15.0,18.0,35.0,76.0,116.0,34.0,108.0,69.0,78.0,27.0,113.0,102.0,70.0,43.0,112.0,86.0,107.0,105.0,22.0,115.0,52.0,59.0,8.0,75.0,85.0,19.0
land,1090325,,,,107.0,,26,,,,,,,,,,,,,,,,,,,,,,,,,,,,,,,,,,,,,,,,,,,,,,,,,,,,,,,,,,,,,,,,,,,,
dig,1092331,,,,,[],26,,,,,,,,,,,,,,,,,,,,,,,,,,,,,,,,,,,,,,,,,,,,,,,,,,,,,,,,,,,,,,,,,,,,
harvest,1093834,,,,84.0,,26,,,,,,107,0.788338514,0.785046729,,,,,,,,,,,,,,,,,,,,,,,,,,,,,,,,,,,,,,,,,,,,,,,,,,,,,,,,,,,,
decision,1094230,394.0,65.0,,84.0,,26,,,,,,,,,151751,3,0,FALSE,,,,,,,,,,,,,,,,,,,,,,,,,,,,,,,,,,,,,,,,,,,,,,,,,,,,,,,,
dig,1095843,,,,,[],26,,,,,,,,,,,,,,,,,,,,,,,,,,,,,,,,,,,,,,,,,,,,,,,,,,,,,,,,,,,,,,,,,,,,
harvest,1097347,,,,70.0,,26,,,,,,84,0.831495647,0.833333333,,,,,,,,,,,,,,,,,,,,,,,,,,,,,,,,,,,,,,,,,,,,,,,,,,,,,,,,,,,,
decision,1097975,625.6,65.0,,70.0,,26,,,,,,,,,155498,3,1,FALSE,,,,,,,,,,,,,,,,,,,,,,,,,,,,,,,,,,,,,,,,,,,,,,,,,,,,,,,,
dig,1099360,,,,,[],26,,,,,,,,,,,,,,,,,,,,,,,,,,,,,,,,,,,,,,,,,,,,,,,,,,,,,,,,,,,,,,,,,,,,
harvest,1100863,,,,59.0,,26,,,,,,70,0.84728841,0.842857143,,,,,,,,,,,,,,,,,,,,,,,,,,,,,,,,,,,,,,,,,,,,,,,,,,,,,,,,,,,,
decision,1101521,655.1,65.0,,59.0,,26,,,,,,,,,159042,3,2,FALSE,,,,,,,,,,,,,,,,,,,,,,,,,,,,,,,,,,,,,,,,,,,,,,,,,,,,,,,,
dig,1102875,,,,,[],26,,,,,,,,,,,,,,,,,,,,,,,,,,,,,,,,,,,,,,,,,,,,,,,,,,,,,,,,,,,,,,,,,,,,
harvest,1104379,,,,47.0,,26,,,,,,59,0.788948655,0.796610169,,,,,,,,,,,,,,,,,,,,,,,,,,,,,,,,,,,,,,,,,,,,,,,,,,,,,,,,,,,,
decision,1105844,1462.9,65.0,,47.0,,26,,,,,,,,,163366,3,3,FALSE,,,,,,,,,,,,,,,,,,,,,,,,,,,,,,,,,,,,,,,,,,,,,,,,,,,,,,,,
dig,1106392,,,,,[],26,,,,,,,,,,,,,,,,,,,,,,,,,,,,,,,,,,,,,,,,,,,,,,,,,,,,,,,,,,,,,,,,,,,,
harvest,1107895,,,,40.0,,26,,,,,,47,0.85437492,0.85106383,,,,,,,,,,,,,,,,,,,,,,,,,,,,,,,,,,,,,,,,,,,,,,,,,,,,,,,,,,,,
decision,1108632,734.3,65.0,,40.0,,26,,,,,,,,,166154,3,4,FALSE,,,,,,,,,,,,,,,,,,,,,,,,,,,,,,,,,,,,,,,,,,,,,,,,,,,,,,,,
dig,1109907,,,,,[],26,,,,,,,,,,,,,,,,,,,,,,,,,,,,,,,,,,,,,,,,,,,,,,,,,,,,,,,,,,,,,,,,,,,,
harvest,1111411,,,,32.0,,26,,,,,,40,0.807835083,0.8,,,,,,,,,,,,,,,,,,,,,,,,,,,,,,,,,,,,,,,,,,,,,,,,,,,,,,,,,,,,
decision,1112546,1133.2,65.0,,32.0,,26,,,,,,,,,170068,3,5,FALSE,,,,,,,,,,,,,,,,,,,,,,,,,,,,,,,,,,,,,,,,,,,,,,,,,,,,,,,,
dig,1113420,,,,,[],26,,,,,,,,,,,,,,,,,,,,,,,,,,,,,,,,,,,,,,,,,,,,,,,,,,,,,,,,,,,,,,,,,,,,
harvest,1114925,,,,22.0,,26,,,,,,32,0.684913621,0.6875,,,,,,,,,,,,,,,,,,,,,,,,,,,,,,,,,,,,,,,,,,,,,,,,,,,,,,,,,,,,
decision,1115307,378.3,76.0,,22.0,,26,,,,,,,,,172828,3,6,TRUE,,,,,,,,,,,,,,,,,,,,,,,,,,,,,,,,,,,,,,,,,,,,,,,,,,,,,,,,
travel,1124938,,,,,[],26,,,,,,,,,,,,,,,,,,,,,,,,,,,,,,,,,,,,,,,,,,,,,,,,,,,,,,,,,,,,,,,,,,,,
alien_welcome,1129942,,,,,,,,,,57,74,104,51,13,77,111,60,65,30.0,99.0,84.0,28.0,9.0,91.0,47.0,71.0,89.0,61.0,55.0,25.0,41.0,3.0,53.0,58.0,88.0,44.0,87.0,11.0,114.0,26.0,82.0,67.0,4.0,50.0,63.0,54.0,49.0,17.0,15.0,18.0,35.0,76.0,116.0,34.0,108.0,69.0,78.0,27.0,113.0,102.0,70.0,43.0,112.0,86.0,107.0,105.0,22.0,115.0,52.0,59.0,8.0,75.0,85.0,19.0
land,1130452,,,,101.0,,27,,,,,,,,,,,,,,,,,,,,,,,,,,,,,,,,,,,,,,,,,,,,,,,,,,,,,,,,,,,,,,,,,,,,
dig,1132457,,,,,[],27,,,,,,,,,,,,,,,,,,,,,,,,,,,,,,,,,,,,,,,,,,,,,,,,,,,,,,,,,,,,,,,,,,,,
harvest,1133960,,,,86.0,,27,,,,,,101,0.850437086,0.851485149,,,,,,,,,,,,,,,,,,,,,,,,,,,,,,,,,,,,,,,,,,,,,,,,,,,,,,,,,,,,
decision,1135568,1605.4,65.0,,86.0,,27,,,,,,,,,193090,3,0,FALSE,,,,,,,,,,,,,,,,,,,,,,,,,,,,,,,,,,,,,,,,,,,,,,,,,,,,,,,,
dig,1135971,,,,,[],27,,,,,,,,,,,,,,,,,,,,,,,,,,,,,,,,,,,,,,,,,,,,,,,,,,,,,,,,,,,,,,,,,,,,
harvest,1137475,,,,70.0,,27,,,,,,86,0.814885546,0.813953488,,,,,,,,,,,,,,,,,,,,,,,,,,,,,,,,,,,,,,,,,,,,,,,,,,,,,,,,,,,,
decision,1138107,630.1,65.0,,70.0,,27,,,,,,,,,195630,3,1,FALSE,,,,,,,,,,,,,,,,,,,,,,,,,,,,,,,,,,,,,,,,,,,,,,,,,,,,,,,,
dig,1139487,,,,,[],27,,,,,,,,,,,,,,,,,,,,,,,,,,,,,,,,,,,,,,,,,,,,,,,,,,,,,,,,,,,,,,,,,,,,
harvest,1140992,,,,61.0,,27,,,,,,70,0.872671099,0.871428571,,,,,,,,,,,,,,,,,,,,,,,,,,,,,,,,,,,,,,,,,,,,,,,,,,,,,,,,,,,,
decision,1141500,506.0,65.0,,61.0,,27,,,,,,,,,199022,3,2,FALSE,,,,,,,,,,,,,,,,,,,,,,,,,,,,,,,,,,,,,,,,,,,,,,,,,,,,,,,,
dig,1143010,,,,,[],27,,,,,,,,,,,,,,,,,,,,,,,,,,,,,,,,,,,,,,,,,,,,,,,,,,,,,,,,,,,,,,,,,,,,
harvest,1144514,,,,51.0,,27,,,,,,61,0.830496699,0.836065574,,,,,,,,,,,,,,,,,,,,,,,,,,,,,,,,,,,,,,,,,,,,,,,,,,,,,,,,,,,,
decision,1145151,635.2,65.0,,51.0,,27,,,,,,,,,202672,3,3,FALSE,,,,,,,,,,,,,,,,,,,,,,,,,,,,,,,,,,,,,,,,,,,,,,,,,,,,,,,,
dig,1146524,,,,,[],27,,,,,,,,,,,,,,,,,,,,,,,,,,,,,,,,,,,,,,,,,,,,,,,,,,,,,,,,,,,,,,,,,,,,
harvest,1148027,,,,45.0,,27,,,,,,51,0.876327129,0.882352941,,,,,,,,,,,,,,,,,,,,,,,,,,,,,,,,,,,,,,,,,,,,,,,,,,,,,,,,,,,,
decision,1148348,318.8,65.0,,45.0,,27,,,,,,,,,205870,3,4,FALSE,,,,,,,,,,,,,,,,,,,,,,,,,,,,,,,,,,,,,,,,,,,,,,,,,,,,,,,,
dig,1150041,,,,,[],27,,,,,,,,,,,,,,,,,,,,,,,,,,,,,,,,,,,,,,,,,,,,,,,,,,,,,,,,,,,,,,,,,,,,
harvest,1151544,,,,35.0,,27,,,,,,45,0.767528426,0.777777778,,,,,,,,,,,,,,,,,,,,,,,,,,,,,,,,,,,,,,,,,,,,,,,,,,,,,,,,,,,,
decision,1152053,506.7,65.0,,35.0,,27,,,,,,,,,209574,3,5,FALSE,,,,,,,,,,,,,,,,,,,,,,,,,,,,,,,,,,,,,,,,,,,,,,,,,,,,,,,,
dig,1153555,,,,,[],27,,,,,,,,,,,,,,,,,,,,,,,,,,,,,,,,,,,,,,,,,,,,,,,,,,,,,,,,,,,,,,,,,,,,
harvest,1155059,,,,30.0,,27,,,,,,35,0.849321517,0.857142857,,,,,,,,,,,,,,,,,,,,,,,,,,,,,,,,,,,,,,,,,,,,,,,,,,,,,,,,,,,,
decision,1156251,1190.6,65.0,,30.0,,27,,,,,,,,,213773,3,6,FALSE,,,,,,,,,,,,,,,,,,,,,,,,,,,,,,,,,,,,,,,,,,,,,,,,,,,,,,,,
dig,1157069,,,,,[],27,,,,,,,,,,,,,,,,,,,,,,,,,,,,,,,,,,,,,,,,,,,,,,,,,,,,,,,,,,,,,,,,,,,,
harvest,1158572,,,,22.0,,27,,,,,,30,0.733025365,0.733333333,,,,,,,,,,,,,,,,,,,,,,,,,,,,,,,,,,,,,,,,,,,,,,,,,,,,,,,,,,,,
decision,1159058,483.8,65.0,,22.0,,27,,,,,,,,,216579,3,7,FALSE,,,,,,,,,,,,,,,,,,,,,,,,,,,,,,,,,,,,,,,,,,,,,,,,,,,,,,,,
dig,1160584,,,,,[],27,,,,,,,,,,,,,,,,,,,,,,,,,,,,,,,,,,,,,,,,,,,,,,,,,,,,,,,,,,,,,,,,,,,,
harvest,1162087,,,,18.0,,27,,,,,,22,0.797135318,0.818181818,,,,,,,,,,,,,,,,,,,,,,,,,,,,,,,,,,,,,,,,,,,,,,,,,,,,,,,,,,,,
decision,1162675,585.2,65.0,,18.0,,27,,,,,,,,,220197,3,8,FALSE,,,,,,,,,,,,,,,,,,,,,,,,,,,,,,,,,,,,,,,,,,,,,,,,,,,,,,,,
dig,1164098,,,,,[],27,,,,,,,,,,,,,,,,,,,,,,,,,,,,,,,,,,,,,,,,,,,,,,,,,,,,,,,,,,,,,,,,,,,,
harvest,1165602,,,,14.0,,27,,,,,,18,0.762053791,0.777777778,,,,,,,,,,,,,,,,,,,,,,,,,,,,,,,,,,,,,,,,,,,,,,,,,,,,,,,,,,,,
decision,1166018,413.8,76.0,,14.0,,27,,,,,,,,,223540,3,9,TRUE,,,,,,,,,,,,,,,,,,,,,,,,,,,,,,,,,,,,,,,,,,,,,,,,,,,,,,,,
travel,1175616,,,,,[],27,,,,,,,,,,,,,,,,,,,,,,,,,,,,,,,,,,,,,,,,,,,,,,,,,,,,,,,,,,,,,,,,,,,,
alien_welcome,1180620,,,,,,,,,,20,74,104,51,13,77,111,60,65,30.0,99.0,84.0,28.0,9.0,91.0,47.0,71.0,89.0,61.0,55.0,25.0,41.0,3.0,53.0,58.0,88.0,44.0,87.0,11.0,114.0,26.0,82.0,67.0,4.0,50.0,63.0,54.0,49.0,17.0,15.0,18.0,35.0,76.0,116.0,34.0,108.0,69.0,78.0,27.0,113.0,102.0,70.0,43.0,112.0,86.0,107.0,105.0,22.0,115.0,52.0,59.0,8.0,75.0,85.0,19.0
land,1181124,,,,99.0,,28,,,,,,,,,,,,,,,,,,,,,,,,,,,,,,,,,,,,,,,,,,,,,,,,,,,,,,,,,,,,,,,,,,,,
dig,1183130,,,,,[],28,,,,,,,,,,,,,,,,,,,,,,,,,,,,,,,,,,,,,,,,,,,,,,,,,,,,,,,,,,,,,,,,,,,,
harvest,1184634,,,,54.0,,28,,,,,,99,0.544972021,0.545454545,,,,,,,,,,,,,,,,,,,,,,,,,,,,,,,,,,,,,,,,,,,,,,,,,,,,,,,,,,,,
decision,1185198,562.1,65.0,,54.0,,28,,,,,,,,,242720,3,0,FALSE,,,,,,,,,,,,,,,,,,,,,,,,,,,,,,,,,,,,,,,,,,,,,,,,,,,,,,,,
dig,1186648,,,,,[],28,,,,,,,,,,,,,,,,,,,,,,,,,,,,,,,,,,,,,,,,,,,,,,,,,,,,,,,,,,,,,,,,,,,,
harvest,1188162,,,,27.0,,28,,,,,,54,0.504239531,0.5,,,,,,,,,,,,,,,,,,,,,,,,,,,,,,,,,,,,,,,,,,,,,,,,,,,,,,,,,,,,
decision,1188742,577.7,65.0,,27.0,,28,,,,,,,,,246263,3,1,FALSE,,,,,,,,,,,,,,,,,,,,,,,,,,,,,,,,,,,,,,,,,,,,,,,,,,,,,,,,
dig,1190176,,,,,[],28,,,,,,,,,,,,,,,,,,,,,,,,,,,,,,,,,,,,,,,,,,,,,,,,,,,,,,,,,,,,,,,,,,,,
harvest,1191681,,,,11.0,,28,,,,,,27,0.407304605,0.407407407,,,,,,,,,,,,,,,,,,,,,,,,,,,,,,,,,,,,,,,,,,,,,,,,,,,,,,,,,,,,
decision,1192234,550.2,65.0,,11.0,,28,,,,,,,,,249756,3,2,FALSE,,,,,,,,,,,,,,,,,,,,,,,,,,,,,,,,,,,,,,,,,,,,,,,,,,,,,,,,
dig,1193701,,,,,[],28,,,,,,,,,,,,,,,,,,,,,,,,,,,,,,,,,,,,,,,,,,,,,,,,,,,,,,,,,,,,,,,,,,,,
harvest,1195205,,,,5.0,,28,,,,,,11,0.456749589,0.454545455,,,,,,,,,,,,,,,,,,,,,,,,,,,,,,,,,,,,,,,,,,,,,,,,,,,,,,,,,,,,
decision,1195453,244.3,76.0,,5.0,,28,,,,,,,,,252974,3,3,TRUE,,,,,,,,,,,,,,,,,,,,,,,,,,,,,,,,,,,,,,,,,,,,,,,,,,,,,,,,
travel,1205218,,,,,[],28,,,,,,,,,,,,,,,,,,,,,,,,,,,,,,,,,,,,,,,,,,,,,,,,,,,,,,,,,,,,,,,,,,,,
alien_welcome,1210222,,,,,,,,,,23,74,104,51,13,77,111,60,65,30.0,99.0,84.0,28.0,9.0,91.0,47.0,71.0,89.0,61.0,55.0,25.0,41.0,3.0,53.0,58.0,88.0,44.0,87.0,11.0,114.0,26.0,82.0,67.0,4.0,50.0,63.0,54.0,49.0,17.0,15.0,18.0,35.0,76.0,116.0,34.0,108.0,69.0,78.0,27.0,113.0,102.0,70.0,43.0,112.0,86.0,107.0,105.0,22.0,115.0,52.0,59.0,8.0,75.0,85.0,19.0
land,1210727,,,,98.0,,29,,,,,,,,,,,,,,,,,,,,,,,,,,,,,,,,,,,,,,,,,,,,,,,,,,,,,,,,,,,,,,,,,,,,
dig,1212734,,,,,[],29,,,,,,,,,,,,,,,,,,,,,,,,,,,,,,,,,,,,,,,,,,,,,,,,,,,,,,,,,,,,,,,,,,,,
harvest,1214244,,,,51.0,,29,,,,,,98,0.522963474,0.520408163,,,,,,,,,,,,,,,,,,,,,,,,,,,,,,,,,,,,,,,,,,,,,,,,,,,,,,,,,,,,
decision,1215295,1047.3,65.0,,51.0,,29,,,,,,,,,272818,3,0,FALSE,,,,,,,,,,,,,,,,,,,,,,,,,,,,,,,,,,,,,,,,,,,,,,,,,,,,,,,,
dig,1216265,,,,,[],29,,,,,,,,,,,,,,,,,,,,,,,,,,,,,,,,,,,,,,,,,,,,,,,,,,,,,,,,,,,,,,,,,,,,
harvest,1217769,,,,24.0,,29,,,,,,51,0.476606082,0.470588235,,,,,,,,,,,,,,,,,,,,,,,,,,,,,,,,,,,,,,,,,,,,,,,,,,,,,,,,,,,,
decision,1218229,454.1,65.0,,24.0,,29,,,,,,,,,275750,3,1,FALSE,,,,,,,,,,,,,,,,,,,,,,,,,,,,,,,,,,,,,,,,,,,,,,,,,,,,,,,,
dig,1219792,,,,,[],29,,,,,,,,,,,,,,,,,,,,,,,,,,,,,,,,,,,,,,,,,,,,,,,,,,,,,,,,,,,,,,,,,,,,
harvest,1221295,,,,10.0,,29,,,,,,24,0.419369555,0.416666667,,,,,,,,,,,,,,,,,,,,,,,,,,,,,,,,,,,,,,,,,,,,,,,,,,,,,,,,,,,,
decision,1222158,860.9,76.0,,10.0,,29,,,,,,,,,279679,3,2,TRUE,,,,,,,,,,,,,,,,,,,,,,,,,,,,,,,,,,,,,,,,,,,,,,,,,,,,,,,,
travel,1231305,,,,,[],29,,,,,,,,,,,,,,,,,,,,,,,,,,,,,,,,,,,,,,,,,,,,,,,,,,,,,,,,,,,,,,,,,,,,
alien_welcome,1236308,,,,,,,,,,79,74,104,51,13,77,111,60,65,30.0,99.0,84.0,28.0,9.0,91.0,47.0,71.0,89.0,61.0,55.0,25.0,41.0,3.0,53.0,58.0,88.0,44.0,87.0,11.0,114.0,26.0,82.0,67.0,4.0,50.0,63.0,54.0,49.0,17.0,15.0,18.0,35.0,76.0,116.0,34.0,108.0,69.0,78.0,27.0,113.0,102.0,70.0,43.0,112.0,86.0,107.0,105.0,22.0,115.0,52.0,59.0,8.0,75.0,85.0,19.0
land,1236811,,,,103.0,,30,,,,,,,,,,,,,,,,,,,,,,,,,,,,,,,,,,,,,,,,,,,,,,,,,,,,,,,,,,,,,,,,,,,,
dig,1238817,,,,,[],30,,,,,,,,,,,,,,,,,,,,,,,,,,,,,,,,,,,,,,,,,,,,,,,,,,,,,,,,,,,,,,,,,,,,
harvest,1240321,,,,88.0,,30,,,,,,103,0.858169314,0.854368932,,,,,,,,,,,,,,,,,,,,,,,,,,,,,,,,,,,,,,,,,,,,,,,,,,,,,,,,,,,,
decision,1241581,1257.3,65.0,,88.0,,30,,,,,,,,,299102,3,0,FALSE,,,,,,,,,,,,,,,,,,,,,,,,,,,,,,,,,,,,,,,,,,,,,,,,,,,,,,,,
dig,1242334,,,,,[],30,,,,,,,,,,,,,,,,,,,,,,,,,,,,,,,,,,,,,,,,,,,,,,,,,,,,,,,,,,,,,,,,,,,,
harvest,1243837,,,,72.0,,30,,,,,,88,0.822588856,0.818181818,,,,,,,,,,,,,,,,,,,,,,,,,,,,,,,,,,,,,,,,,,,,,,,,,,,,,,,,,,,,
decision,1244591,751.0,65.0,,72.0,,30,,,,,,,,,302112,3,1,FALSE,,,,,,,,,,,,,,,,,,,,,,,,,,,,,,,,,,,,,,,,,,,,,,,,,,,,,,,,
dig,1245850,,,,,[],30,,,,,,,,,,,,,,,,,,,,,,,,,,,,,,,,,,,,,,,,,,,,,,,,,,,,,,,,,,,,,,,,,,,,
harvest,1247354,,,,58.0,,30,,,,,,72,0.8066665,0.805555556,,,,,,,,,,,,,,,,,,,,,,,,,,,,,,,,,,,,,,,,,,,,,,,,,,,,,,,,,,,,
decision,1247879,520.4,65.0,,58.0,,30,,,,,,,,,305400,3,2,FALSE,,,,,,,,,,,,,,,,,,,,,,,,,,,,,,,,,,,,,,,,,,,,,,,,,,,,,,,,
dig,1249368,,,,,[],30,,,,,,,,,,,,,,,,,,,,,,,,,,,,,,,,,,,,,,,,,,,,,,,,,,,,,,,,,,,,,,,,,,,,
harvest,1250870,,,,46.0,,30,,,,,,58,0.793351842,0.793103448,,,,,,,,,,,,,,,,,,,,,,,,,,,,,,,,,,,,,,,,,,,,,,,,,,,,,,,,,,,,
decision,1252522,1647.9,65.0,,46.0,,30,,,,,,,,,310043,3,3,FALSE,,,,,,,,,,,,,,,,,,,,,,,,,,,,,,,,,,,,,,,,,,,,,,,,,,,,,,,,
dig,1252884,,,,,[],30,,,,,,,,,,,,,,,,,,,,,,,,,,,,,,,,,,,,,,,,,,,,,,,,,,,,,,,,,,,,,,,,,,,,
harvest,1254388,,,,34.0,,30,,,,,,46,0.745745273,0.739130435,,,,,,,,,,,,,,,,,,,,,,,,,,,,,,,,,,,,,,,,,,,,,,,,,,,,,,,,,,,,
decision,1254811,420.3,65.0,,34.0,,30,,,,,,,,,312332,3,4,FALSE,,,,,,,,,,,,,,,,,,,,,,,,,,,,,,,,,,,,,,,,,,,,,,,,,,,,,,,,
dig,1256400,,,,,[],30,,,,,,,,,,,,,,,,,,,,,,,,,,,,,,,,,,,,,,,,,,,,,,,,,,,,,,,,,,,,,,,,,,,,
harvest,1257904,,,,28.0,,30,,,,,,34,0.829319091,0.823529412,,,,,,,,,,,,,,,,,,,,,,,,,,,,,,,,,,,,,,,,,,,,,,,,,,,,,,,,,,,,
decision,1258245,338.2,65.0,,28.0,,30,,,,,,,,,315767,3,5,FALSE,,,,,,,,,,,,,,,,,,,,,,,,,,,,,,,,,,,,,,,,,,,,,,,,,,,,,,,,
dig,1259918,,,,,[],30,,,,,,,,,,,,,,,,,,,,,,,,,,,,,,,,,,,,,,,,,,,,,,,,,,,,,,,,,,,,,,,,,,,,
harvest,1261422,,,,23.0,,30,,,,,,28,0.82917874,0.821428571,,,,,,,,,,,,,,,,,,,,,,,,,,,,,,,,,,,,,,,,,,,,,,,,,,,,,,,,,,,,
decision,1261767,342.2,76.0,,23.0,,30,,,,,,,,,319289,3,6,TRUE,,,,,,,,,,,,,,,,,,,,,,,,,,,,,,,,,,,,,,,,,,,,,,,,,,,,,,,,
travel,1271437,,,,,[],30,,,,,,,,,,,,,,,,,,,,,,,,,,,,,,,,,,,,,,,,,,,,,,,,,,,,,,,,,,,,,,,,,,,,
alien_welcome,1276443,,,,,,,,,,16,74,104,51,13,77,111,60,65,30.0,99.0,84.0,28.0,9.0,91.0,47.0,71.0,89.0,61.0,55.0,25.0,41.0,3.0,53.0,58.0,88.0,44.0,87.0,11.0,114.0,26.0,82.0,67.0,4.0,50.0,63.0,54.0,49.0,17.0,15.0,18.0,35.0,76.0,116.0,34.0,108.0,69.0,78.0,27.0,113.0,102.0,70.0,43.0,112.0,86.0,107.0,105.0,22.0,115.0,52.0,59.0,8.0,75.0,85.0,19.0
land,1276953,,,,99.0,,31,,,,,,,,,,,,,,,,,,,,,,,,,,,,,,,,,,,,,,,,,,,,,,,,,,,,,,,,,,,,,,,,,,,,
dig,1278961,,,,,[],31,,,,,,,,,,,,,,,,,,,,,,,,,,,,,,,,,,,,,,,,,,,,,,,,,,,,,,,,,,,,,,,,,,,,
harvest,1280465,,,,82.0,,31,,,,,,99,0.832921109,0.828282828,,,,,,,,,,,,,,,,,,,,,,,,,,,,,,,,,,,,,,,,,,,,,,,,,,,,,,,,,,,,
decision,1281113,644.5,65.0,,82.0,,31,,,,,,,,,338635,3,0,FALSE,,,,,,,,,,,,,,,,,,,,,,,,,,,,,,,,,,,,,,,,,,,,,,,,,,,,,,,,
dig,1282484,,,,,[],31,,,,,,,,,,,,,,,,,,,,,,,,,,,,,,,,,,,,,,,,,,,,,,,,,,,,,,,,,,,,,,,,,,,,
harvest,1283994,,,,64.0,,31,,,,,,82,0.779771853,0.780487805,,,,,,,,,,,,,,,,,,,,,,,,,,,,,,,,,,,,,,,,,,,,,,,,,,,,,,,,,,,,
decision,1284713,715.3,65.0,,64.0,,31,,,,,,,,,342235,3,1,FALSE,,,,,,,,,,,,,,,,,,,,,,,,,,,,,,,,,,,,,,,,,,,,,,,,,,,,,,,,
dig,1286023,,,,,[],31,,,,,,,,,,,,,,,,,,,,,,,,,,,,,,,,,,,,,,,,,,,,,,,,,,,,,,,,,,,,,,,,,,,,
harvest,1287533,,,,57.0,,31,,,,,,64,0.892317082,0.890625,,,,,,,,,,,,,,,,,,,,,,,,,,,,,,,,,,,,,,,,,,,,,,,,,,,,,,,,,,,,
decision,1287871,335.0,65.0,,57.0,,31,,,,,,,,,345393,3,2,FALSE,,,,,,,,,,,,,,,,,,,,,,,,,,,,,,,,,,,,,,,,,,,,,,,,,,,,,,,,
dig,1289552,,,,,[],31,,,,,,,,,,,,,,,,,,,,,,,,,,,,,,,,,,,,,,,,,,,,,,,,,,,,,,,,,,,,,,,,,,,,
harvest,1291064,,,,46.0,,31,,,,,,57,0.805343681,0.807017544,,,,,,,,,,,,,,,,,,,,,,,,,,,,,,,,,,,,,,,,,,,,,,,,,,,,,,,,,,,,
decision,1291470,402.0,65.0,,46.0,,31,,,,,,,,,348991,3,3,FALSE,,,,,,,,,,,,,,,,,,,,,,,,,,,,,,,,,,,,,,,,,,,,,,,,,,,,,,,,
dig,1293082,,,,,[],31,,,,,,,,,,,,,,,,,,,,,,,,,,,,,,,,,,,,,,,,,,,,,,,,,,,,,,,,,,,,,,,,,,,,
harvest,1294586,,,,39.0,,31,,,,,,46,0.84514272,0.847826087,,,,,,,,,,,,,,,,,,,,,,,,,,,,,,,,,,,,,,,,,,,,,,,,,,,,,,,,,,,,
decision,1294943,352.6,65.0,,39.0,,31,,,,,,,,,352464,3,4,FALSE,,,,,,,,,,,,,,,,,,,,,,,,,,,,,,,,,,,,,,,,,,,,,,,,,,,,,,,,
dig,1296609,,,,,[],31,,,,,,,,,,,,,,,,,,,,,,,,,,,,,,,,,,,,,,,,,,,,,,,,,,,,,,,,,,,,,,,,,,,,
harvest,1298112,,,,31.0,,31,,,,,,39,0.799245167,0.794871795,,,,,,,,,,,,,,,,,,,,,,,,,,,,,,,,,,,,,,,,,,,,,,,,,,,,,,,,,,,,
decision,1298804,689.2,65.0,,31.0,,31,,,,,,,,,356325,3,5,FALSE,,,,,,,,,,,,,,,,,,,,,,,,,,,,,,,,,,,,,,,,,,,,,,,,,,,,,,,,
dig,1300124,,,,,[],31,,,,,,,,,,,,,,,,,,,,,,,,,,,,,,,,,,,,,,,,,,,,,,,,,,,,,,,,,,,,,,,,,,,,
harvest,1301629,,,,26.0,,31,,,,,,31,0.848332226,0.838709677,,,,,,,,,,,,,,,,,,,,,,,,,,,,,,,,,,,,,,,,,,,,,,,,,,,,,,,,,,,,
decision,1302267,635.3,76.0,,26.0,,31,,,,,,,,,359788,3,6,TRUE,,,,,,,,,,,,,,,,,,,,,,,,,,,,,,,,,,,,,,,,,,,,,,,,,,,,,,,,
travel,1311640,,,,,[],31,,,,,,,,,,,,,,,,,,,,,,,,,,,,,,,,,,,,,,,,,,,,,,,,,,,,,,,,,,,,,,,,,,,,
alien_welcome,1316643,,,,,,,,,,72,74,104,51,13,77,111,60,65,30.0,99.0,84.0,28.0,9.0,91.0,47.0,71.0,89.0,61.0,55.0,25.0,41.0,3.0,53.0,58.0,88.0,44.0,87.0,11.0,114.0,26.0,82.0,67.0,4.0,50.0,63.0,54.0,49.0,17.0,15.0,18.0,35.0,76.0,116.0,34.0,108.0,69.0,78.0,27.0,113.0,102.0,70.0,43.0,112.0,86.0,107.0,105.0,22.0,115.0,52.0,59.0,8.0,75.0,85.0,19.0
land,1317151,,,,100.0,,32,,,,,,,,,,,,,,,,,,,,,,,,,,,,,,,,,,,,,,,,,,,,,,,,,,,,,,,,,,,,,,,,,,,,
dig,1319159,,,,,[],32,,,,,,,,,,,,,,,,,,,,,,,,,,,,,,,,,,,,,,,,,,,,,,,,,,,,,,,,,,,,,,,,,,,,
harvest,1320662,,,,86.0,,32,,,,,,100,0.86432286,0.86,,,,,,,,,,,,,,,,,,,,,,,,,,,,,,,,,,,,,,,,,,,,,,,,,,,,,,,,,,,,
decision,1321799,1134.7,65.0,,86.0,,32,,,,,,,,,379320,3,0,TRUE,,,,,,,,,,,,,,,,,,,,,,,,,,,,,,,,,,,,,,,,,,,,,,,,,,,,,,,,
end_of_block,1337960,16151.0,32.0,,,,,,,,,,,,,,,,,,,,,,,,,,,,,,,,,,,,,,,,,,,,,,,,,,,,,,,,,,,,,,,,,,,,,,,,
alien_welcome,1343025,,,,,,,,,,93,74,104,51,13,77,111,60,65,30.0,99.0,84.0,28.0,9.0,91.0,47.0,71.0,89.0,61.0,55.0,25.0,41.0,3.0,53.0,58.0,88.0,44.0,87.0,11.0,114.0,26.0,82.0,67.0,4.0,50.0,63.0,54.0,49.0,17.0,15.0,18.0,35.0,76.0,116.0,34.0,108.0,69.0,78.0,27.0,113.0,102.0,70.0,43.0,112.0,86.0,107.0,105.0,22.0,115.0,52.0,59.0,8.0,75.0,85.0,19.0
land,1343533,,,,94.0,,33,,,,,,,,,,,,,,,,,,,,,,,,,,,,,,,,,,,,,,,,,,,,,,,,,,,,,,,,,,,,,,,,,,,,
dig,1345544,,,,,[],33,,,,,,,,,,,,,,,,,,,,,,,,,,,,,,,,,,,,,,,,,,,,,,,,,,,,,,,,,,,,,,,,,,,,
harvest,1347046,,,,21.0,,33,,,,,,94,0.227683218,0.223404255,,,,,,,,,,,,,,,,,,,,,,,,,,,,,,,,,,,,,,,,,,,,,,,,,,,,,,,,,,,,
decision,1347536,486.9,65.0,,21.0,,33,,,,,,,,,9562,4,0,FALSE,,,,,,,,,,,,,,,,,,,,,,,,,,,,,,,,,,,,,,,,,,,,,,,,,,,,,,,,
dig,1349060,,,,,[],33,,,,,,,,,,,,,,,,,,,,,,,,,,,,,,,,,,,,,,,,,,,,,,,,,,,,,,,,,,,,,,,,,,,,
harvest,1350569,,,,4.0,,33,,,,,,21,0.203989129,0.19047619,,,,,,,,,,,,,,,,,,,,,,,,,,,,,,,,,,,,,,,,,,,,,,,,,,,,,,,,,,,,
decision,1351695,1124.2,65.0,,4.0,,33,,,,,,,,,13722,4,1,FALSE,,,,,,,,,,,,,,,,,,,,,,,,,,,,,,,,,,,,,,,,,,,,,,,,,,,,,,,,
dig,1352580,,,,,[],33,,,,,,,,,,,,,,,,,,,,,,,,,,,,,,,,,,,,,,,,,,,,,,,,,,,,,,,,,,,,,,,,,,,,
harvest,1354094,,,,1.0,,33,,,,,,4,0.16829052,0.25,,,,,,,,,,,,,,,,,,,,,,,,,,,,,,,,,,,,,,,,,,,,,,,,,,,,,,,,,,,,
decision,1355987,1889.7,65.0,,1.0,,33,,,,,,,,,18015,4,2,FALSE,,,,,,,,,,,,,,,,,,,,,,,,,,,,,,,,,,,,,,,,,,,,,,,,,,,,,,,,
dig,1356115,,,,,[],33,,,,,,,,,,,,,,,,,,,,,,,,,,,,,,,,,,,,,,,,,,,,,,,,,,,,,,,,,,,,,,,,,,,,
harvest,1357619,,,,0.0,,33,,,,,,1,0.214524914,0,,,,,,,,,,,,,,,,,,,,,,,,,,,,,,,,,,,,,,,,,,,,,,,,,,,,,,,,,,,,
decision,1357968,345.2,76.0,,0.0,,33,,,,,,,,,19995,4,3,TRUE,,,,,,,,,,,,,,,,,,,,,,,,,,,,,,,,,,,,,,,,,,,,,,,,,,,,,,,,
travel,1367636,,,,,[],33,,,,,,,,,,,,,,,,,,,,,,,,,,,,,,,,,,,,,,,,,,,,,,,,,,,,,,,,,,,,,,,,,,,,
alien_welcome,1372640,,,,,,,,,,95,74,104,51,13,77,111,60,65,30.0,99.0,84.0,28.0,9.0,91.0,47.0,71.0,89.0,61.0,55.0,25.0,41.0,3.0,53.0,58.0,88.0,44.0,87.0,11.0,114.0,26.0,82.0,67.0,4.0,50.0,63.0,54.0,49.0,17.0,15.0,18.0,35.0,76.0,116.0,34.0,108.0,69.0,78.0,27.0,113.0,102.0,70.0,43.0,112.0,86.0,107.0,105.0,22.0,115.0,52.0,59.0,8.0,75.0,85.0,19.0
land,1373145,,,,102.0,,34,,,,,,,,,,,,,,,,,,,,,,,,,,,,,,,,,,,,,,,,,,,,,,,,,,,,,,,,,,,,,,,,,,,,
dig,1375150,,,,,[],34,,,,,,,,,,,,,,,,,,,,,,,,,,,,,,,,,,,,,,,,,,,,,,,,,,,,,,,,,,,,,,,,,,,,
harvest,1376653,,,,16.0,,34,,,,,,102,0.161086426,0.156862745,,,,,,,,,,,,,,,,,,,,,,,,,,,,,,,,,,,,,,,,,,,,,,,,,,,,,,,,,,,,
decision,1377337,680.2,65.0,,16.0,,34,,,,,,,,,39363,4,0,FALSE,,,,,,,,,,,,,,,,,,,,,,,,,,,,,,,,,,,,,,,,,,,,,,,,,,,,,,,,
dig,1378665,,,,,[],34,,,,,,,,,,,,,,,,,,,,,,,,,,,,,,,,,,,,,,,,,,,,,,,,,,,,,,,,,,,,,,,,,,,,
harvest,1380170,,,,4.0,,34,,,,,,16,0.218793173,0.25,,,,,,,,,,,,,,,,,,,,,,,,,,,,,,,,,,,,,,,,,,,,,,,,,,,,,,,,,,,,
decision,1380512,338.7,76.0,,4.0,,34,,,,,,,,,42539,4,1,TRUE,,,,,,,,,,,,,,,,,,,,,,,,,,,,,,,,,,,,,,,,,,,,,,,,,,,,,,,,
travel,1390183,,,,,[],34,,,,,,,,,,,,,,,,,,,,,,,,,,,,,,,,,,,,,,,,,,,,,,,,,,,,,,,,,,,,,,,,,,,,
alien_welcome,1395188,,,,,,,,,,106,74,104,51,13,77,111,60,65,30.0,99.0,84.0,28.0,9.0,91.0,47.0,71.0,89.0,61.0,55.0,25.0,41.0,3.0,53.0,58.0,88.0,44.0,87.0,11.0,114.0,26.0,82.0,67.0,4.0,50.0,63.0,54.0,49.0,17.0,15.0,18.0,35.0,76.0,116.0,34.0,108.0,69.0,78.0,27.0,113.0,102.0,70.0,43.0,112.0,86.0,107.0,105.0,22.0,115.0,52.0,59.0,8.0,75.0,85.0,19.0
land,1395691,,,,105.0,,35,,,,,,,,,,,,,,,,,,,,,,,,,,,,,,,,,,,,,,,,,,,,,,,,,,,,,,,,,,,,,,,,,,,,
dig,1397696,,,,,[],35,,,,,,,,,,,,,,,,,,,,,,,,,,,,,,,,,,,,,,,,,,,,,,,,,,,,,,,,,,,,,,,,,,,,
harvest,1399200,,,,22.0,,35,,,,,,105,0.206563646,0.20952381,,,,,,,,,,,,,,,,,,,,,,,,,,,,,,,,,,,,,,,,,,,,,,,,,,,,,,,,,,,,
decision,1399774,570.8,65.0,,22.0,,35,,,,,,,,,61800,4,0,FALSE,,,,,,,,,,,,,,,,,,,,,,,,,,,,,,,,,,,,,,,,,,,,,,,,,,,,,,,,
dig,1401215,,,,,[],35,,,,,,,,,,,,,,,,,,,,,,,,,,,,,,,,,,,,,,,,,,,,,,,,,,,,,,,,,,,,,,,,,,,,
harvest,1402718,,,,6.0,,35,,,,,,22,0.259602214,0.272727273,,,,,,,,,,,,,,,,,,,,,,,,,,,,,,,,,,,,,,,,,,,,,,,,,,,,,,,,,,,,
decision,1403026,306.1,76.0,,6.0,,35,,,,,,,,,65054,4,1,TRUE,,,,,,,,,,,,,,,,,,,,,,,,,,,,,,,,,,,,,,,,,,,,,,,,,,,,,,,,
travel,1412735,,,,,[],35,,,,,,,,,,,,,,,,,,,,,,,,,,,,,,,,,,,,,,,,,,,,,,,,,,,,,,,,,,,,,,,,,,,,
alien_welcome,1417739,,,,,,,,,,6,74,104,51,13,77,111,60,65,30.0,99.0,84.0,28.0,9.0,91.0,47.0,71.0,89.0,61.0,55.0,25.0,41.0,3.0,53.0,58.0,88.0,44.0,87.0,11.0,114.0,26.0,82.0,67.0,4.0,50.0,63.0,54.0,49.0,17.0,15.0,18.0,35.0,76.0,116.0,34.0,108.0,69.0,78.0,27.0,113.0,102.0,70.0,43.0,112.0,86.0,107.0,105.0,22.0,115.0,52.0,59.0,8.0,75.0,85.0,19.0
land,1418243,,,,96.0,,36,,,,,,,,,,,,,,,,,,,,,,,,,,,,,,,,,,,,,,,,,,,,,,,,,,,,,,,,,,,,,,,,,,,,
dig,1420250,,,,,[],36,,,,,,,,,,,,,,,,,,,,,,,,,,,,,,,,,,,,,,,,,,,,,,,,,,,,,,,,,,,,,,,,,,,,
harvest,1421765,,,,76.0,,36,,,,,,96,0.788789203,0.791666667,,,,,,,,,,,,,,,,,,,,,,,,,,,,,,,,,,,,,,,,,,,,,,,,,,,,,,,,,,,,
decision,1422606,837.4,65.0,,76.0,,36,,,,,,,,,84632,4,0,FALSE,,,,,,,,,,,,,,,,,,,,,,,,,,,,,,,,,,,,,,,,,,,,,,,,,,,,,,,,
dig,1423789,,,,,[],36,,,,,,,,,,,,,,,,,,,,,,,,,,,,,,,,,,,,,,,,,,,,,,,,,,,,,,,,,,,,,,,,,,,,
harvest,1425295,,,,66.0,,36,,,,,,76,0.868457101,0.868421053,,,,,,,,,,,,,,,,,,,,,,,,,,,,,,,,,,,,,,,,,,,,,,,,,,,,,,,,,,,,
decision,1425854,554.7,65.0,,66.0,,36,,,,,,,,,87881,4,1,FALSE,,,,,,,,,,,,,,,,,,,,,,,,,,,,,,,,,,,,,,,,,,,,,,,,,,,,,,,,
dig,1427317,,,,,[],36,,,,,,,,,,,,,,,,,,,,,,,,,,,,,,,,,,,,,,,,,,,,,,,,,,,,,,,,,,,,,,,,,,,,
harvest,1428822,,,,52.0,,36,,,,,,66,0.78561257,0.787878788,,,,,,,,,,,,,,,,,,,,,,,,,,,,,,,,,,,,,,,,,,,,,,,,,,,,,,,,,,,,
decision,1429400,574.6,65.0,,52.0,,36,,,,,,,,,91427,4,2,FALSE,,,,,,,,,,,,,,,,,,,,,,,,,,,,,,,,,,,,,,,,,,,,,,,,,,,,,,,,
dig,1430844,,,,,[],36,,,,,,,,,,,,,,,,,,,,,,,,,,,,,,,,,,,,,,,,,,,,,,,,,,,,,,,,,,,,,,,,,,,,
harvest,1432347,,,,38.0,,36,,,,,,52,0.721519164,0.730769231,,,,,,,,,,,,,,,,,,,,,,,,,,,,,,,,,,,,,,,,,,,,,,,,,,,,,,,,,,,,
decision,1432856,504.7,65.0,,38.0,,36,,,,,,,,,94882,4,3,FALSE,,,,,,,,,,,,,,,,,,,,,,,,,,,,,,,,,,,,,,,,,,,,,,,,,,,,,,,,
dig,1434367,,,,,[],36,,,,,,,,,,,,,,,,,,,,,,,,,,,,,,,,,,,,,,,,,,,,,,,,,,,,,,,,,,,,,,,,,,,,
harvest,1435871,,,,28.0,,36,,,,,,38,0.742536219,0.736842105,,,,,,,,,,,,,,,,,,,,,,,,,,,,,,,,,,,,,,,,,,,,,,,,,,,,,,,,,,,,
decision,1436250,374.1,65.0,,28.0,,36,,,,,,,,,98277,4,4,FALSE,,,,,,,,,,,,,,,,,,,,,,,,,,,,,,,,,,,,,,,,,,,,,,,,,,,,,,,,
dig,1437891,,,,,[],36,,,,,,,,,,,,,,,,,,,,,,,,,,,,,,,,,,,,,,,,,,,,,,,,,,,,,,,,,,,,,,,,,,,,
harvest,1439406,,,,22.0,,36,,,,,,28,0.775653337,0.785714286,,,,,,,,,,,,,,,,,,,,,,,,,,,,,,,,,,,,,,,,,,,,,,,,,,,,,,,,,,,,
decision,1440329,911.9,76.0,,22.0,,36,,,,,,,,,102356,4,5,TRUE,,,,,,,,,,,,,,,,,,,,,,,,,,,,,,,,,,,,,,,,,,,,,,,,,,,,,,,,
travel,1449430,,,,,[],36,,,,,,,,,,,,,,,,,,,,,,,,,,,,,,,,,,,,,,,,,,,,,,,,,,,,,,,,,,,,,,,,,,,,
alien_welcome,1454457,,,,,,,,,,2,74,104,51,13,77,111,60,65,30.0,99.0,84.0,28.0,9.0,91.0,47.0,71.0,89.0,61.0,55.0,25.0,41.0,3.0,53.0,58.0,88.0,44.0,87.0,11.0,114.0,26.0,82.0,67.0,4.0,50.0,63.0,54.0,49.0,17.0,15.0,18.0,35.0,76.0,116.0,34.0,108.0,69.0,78.0,27.0,113.0,102.0,70.0,43.0,112.0,86.0,107.0,105.0,22.0,115.0,52.0,59.0,8.0,75.0,85.0,19.0
land,1454961,,,,103.0,,37,,,,,,,,,,,,,,,,,,,,,,,,,,,,,,,,,,,,,,,,,,,,,,,,,,,,,,,,,,,,,,,,,,,,
dig,1456969,,,,,[],37,,,,,,,,,,,,,,,,,,,,,,,,,,,,,,,,,,,,,,,,,,,,,,,,,,,,,,,,,,,,,,,,,,,,
harvest,1458481,,,,82.0,,37,,,,,,103,0.798029224,0.796116505,,,,,,,,,,,,,,,,,,,,,,,,,,,,,,,,,,,,,,,,,,,,,,,,,,,,,,,,,,,,
decision,1458941,454.1,65.0,,82.0,,37,,,,,,,,,120967,4,0,FALSE,,,,,,,,,,,,,,,,,,,,,,,,,,,,,,,,,,,,,,,,,,,,,,,,,,,,,,,,
dig,1460497,,,,,[],37,,,,,,,,,,,,,,,,,,,,,,,,,,,,,,,,,,,,,,,,,,,,,,,,,,,,,,,,,,,,,,,,,,,,
harvest,1462001,,,,69.0,,37,,,,,,82,0.845978559,0.841463415,,,,,,,,,,,,,,,,,,,,,,,,,,,,,,,,,,,,,,,,,,,,,,,,,,,,,,,,,,,,
decision,1462719,713.8,65.0,,69.0,,37,,,,,,,,,124745,4,1,FALSE,,,,,,,,,,,,,,,,,,,,,,,,,,,,,,,,,,,,,,,,,,,,,,,,,,,,,,,,
dig,1464025,,,,,[],37,,,,,,,,,,,,,,,,,,,,,,,,,,,,,,,,,,,,,,,,,,,,,,,,,,,,,,,,,,,,,,,,,,,,
harvest,1465530,,,,58.0,,37,,,,,,69,0.845943574,0.84057971,,,,,,,,,,,,,,,,,,,,,,,,,,,,,,,,,,,,,,,,,,,,,,,,,,,,,,,,,,,,
decision,1467436,1904.2,65.0,,58.0,,37,,,,,,,,,129463,4,2,FALSE,,,,,,,,,,,,,,,,,,,,,,,,,,,,,,,,,,,,,,,,,,,,,,,,,,,,,,,,
dig,1467543,,,,,[],37,,,,,,,,,,,,,,,,,,,,,,,,,,,,,,,,,,,,,,,,,,,,,,,,,,,,,,,,,,,,,,,,,,,,
harvest,1469046,,,,49.0,,37,,,,,,58,0.837575529,0.844827586,,,,,,,,,,,,,,,,,,,,,,,,,,,,,,,,,,,,,,,,,,,,,,,,,,,,,,,,,,,,
decision,1470131,1081.2,65.0,,49.0,,37,,,,,,,,,132158,4,3,FALSE,,,,,,,,,,,,,,,,,,,,,,,,,,,,,,,,,,,,,,,,,,,,,,,,,,,,,,,,
dig,1471069,,,,,[],37,,,,,,,,,,,,,,,,,,,,,,,,,,,,,,,,,,,,,,,,,,,,,,,,,,,,,,,,,,,,,,,,,,,,
harvest,1472572,,,,39.0,,37,,,,,,49,0.80211344,0.795918367,,,,,,,,,,,,,,,,,,,,,,,,,,,,,,,,,,,,,,,,,,,,,,,,,,,,,,,,,,,,
decision,1473609,1029.6,65.0,,39.0,,37,,,,,,,,,135637,4,4,FALSE,,,,,,,,,,,,,,,,,,,,,,,,,,,,,,,,,,,,,,,,,,,,,,,,,,,,,,,,
dig,1474594,,,,,[],37,,,,,,,,,,,,,,,,,,,,,,,,,,,,,,,,,,,,,,,,,,,,,,,,,,,,,,,,,,,,,,,,,,,,
harvest,1476099,,,,32.0,,37,,,,,,39,0.811470362,0.820512821,,,,,,,,,,,,,,,,,,,,,,,,,,,,,,,,,,,,,,,,,,,,,,,,,,,,,,,,,,,,
decision,1476460,356.7,65.0,,32.0,,37,,,,,,,,,138486,4,5,FALSE,,,,,,,,,,,,,,,,,,,,,,,,,,,,,,,,,,,,,,,,,,,,,,,,,,,,,,,,
dig,1478115,,,,,[],37,,,,,,,,,,,,,,,,,,,,,,,,,,,,,,,,,,,,,,,,,,,,,,,,,,,,,,,,,,,,,,,,,,,,
harvest,1479636,,,,28.0,,37,,,,,,32,0.865837475,0.875,,,,,,,,,,,,,,,,,,,,,,,,,,,,,,,,,,,,,,,,,,,,,,,,,,,,,,,,,,,,
decision,1479758,117.1,65.0,,28.0,,37,,,,,,,,,141784,4,6,FALSE,,,,,,,,,,,,,,,,,,,,,,,,,,,,,,,,,,,,,,,,,,,,,,,,,,,,,,,,
dig,1481652,,,,,[],37,,,,,,,,,,,,,,,,,,,,,,,,,,,,,,,,,,,,,,,,,,,,,,,,,,,,,,,,,,,,,,,,,,,,
harvest,1483156,,,,22.0,,37,,,,,,28,0.788672846,0.785714286,,,,,,,,,,,,,,,,,,,,,,,,,,,,,,,,,,,,,,,,,,,,,,,,,,,,,,,,,,,,
decision,1484435,1276.1,76.0,,22.0,,37,,,,,,,,,146462,4,7,TRUE,,,,,,,,,,,,,,,,,,,,,,,,,,,,,,,,,,,,,,,,,,,,,,,,,,,,,,,,
travel,1493170,,,,,[],37,,,,,,,,,,,,,,,,,,,,,,,,,,,,,,,,,,,,,,,,,,,,,,,,,,,,,,,,,,,,,,,,,,,,
alien_welcome,1498174,,,,,,,,,,21,74,104,51,13,77,111,60,65,30.0,99.0,84.0,28.0,9.0,91.0,47.0,71.0,89.0,61.0,55.0,25.0,41.0,3.0,53.0,58.0,88.0,44.0,87.0,11.0,114.0,26.0,82.0,67.0,4.0,50.0,63.0,54.0,49.0,17.0,15.0,18.0,35.0,76.0,116.0,34.0,108.0,69.0,78.0,27.0,113.0,102.0,70.0,43.0,112.0,86.0,107.0,105.0,22.0,115.0,52.0,59.0,8.0,75.0,85.0,19.0
land,1498679,,,,103.0,,38,,,,,,,,,,,,,,,,,,,,,,,,,,,,,,,,,,,,,,,,,,,,,,,,,,,,,,,,,,,,,,,,,,,,
dig,1500689,,,,,[],38,,,,,,,,,,,,,,,,,,,,,,,,,,,,,,,,,,,,,,,,,,,,,,,,,,,,,,,,,,,,,,,,,,,,
harvest,1502193,,,,85.0,,38,,,,,,103,0.829752296,0.825242718,,,,,,,,,,,,,,,,,,,,,,,,,,,,,,,,,,,,,,,,,,,,,,,,,,,,,,,,,,,,
decision,1502557,362.2,65.0,,85.0,,38,,,,,,,,,164584,4,0,FALSE,,,,,,,,,,,,,,,,,,,,,,,,,,,,,,,,,,,,,,,,,,,,,,,,,,,,,,,,
dig,1504207,,,,,[],38,,,,,,,,,,,,,,,,,,,,,,,,,,,,,,,,,,,,,,,,,,,,,,,,,,,,,,,,,,,,,,,,,,,,
harvest,1505711,,,,66.0,,38,,,,,,85,0.780757834,0.776470588,,,,,,,,,,,,,,,,,,,,,,,,,,,,,,,,,,,,,,,,,,,,,,,,,,,,,,,,,,,,
decision,1506260,544.5,65.0,,66.0,,38,,,,,,,,,168287,4,1,FALSE,,,,,,,,,,,,,,,,,,,,,,,,,,,,,,,,,,,,,,,,,,,,,,,,,,,,,,,,
dig,1507737,,,,,[],38,,,,,,,,,,,,,,,,,,,,,,,,,,,,,,,,,,,,,,,,,,,,,,,,,,,,,,,,,,,,,,,,,,,,
harvest,1509241,,,,54.0,,38,,,,,,66,0.811957025,0.818181818,,,,,,,,,,,,,,,,,,,,,,,,,,,,,,,,,,,,,,,,,,,,,,,,,,,,,,,,,,,,
decision,1510076,831.2,65.0,,54.0,,38,,,,,,,,,172103,4,2,FALSE,,,,,,,,,,,,,,,,,,,,,,,,,,,,,,,,,,,,,,,,,,,,,,,,,,,,,,,,
dig,1511256,,,,,[],38,,,,,,,,,,,,,,,,,,,,,,,,,,,,,,,,,,,,,,,,,,,,,,,,,,,,,,,,,,,,,,,,,,,,
harvest,1512759,,,,42.0,,38,,,,,,54,0.783045183,0.777777778,,,,,,,,,,,,,,,,,,,,,,,,,,,,,,,,,,,,,,,,,,,,,,,,,,,,,,,,,,,,
decision,1513186,424.6,65.0,,42.0,,38,,,,,,,,,175213,4,3,FALSE,,,,,,,,,,,,,,,,,,,,,,,,,,,,,,,,,,,,,,,,,,,,,,,,,,,,,,,,
dig,1514775,,,,,[],38,,,,,,,,,,,,,,,,,,,,,,,,,,,,,,,,,,,,,,,,,,,,,,,,,,,,,,,,,,,,,,,,,,,,
harvest,1516279,,,,33.0,,38,,,,,,42,0.776820209,0.785714286,,,,,,,,,,,,,,,,,,,,,,,,,,,,,,,,,,,,,,,,,,,,,,,,,,,,,,,,,,,,
decision,1516733,451.2,65.0,,33.0,,38,,,,,,,,,178759,4,4,FALSE,,,,,,,,,,,,,,,,,,,,,,,,,,,,,,,,,,,,,,,,,,,,,,,,,,,,,,,,
dig,1518294,,,,,[],38,,,,,,,,,,,,,,,,,,,,,,,,,,,,,,,,,,,,,,,,,,,,,,,,,,,,,,,,,,,,,,,,,,,,
harvest,1519798,,,,27.0,,38,,,,,,33,0.831830986,0.818181818,,,,,,,,,,,,,,,,,,,,,,,,,,,,,,,,,,,,,,,,,,,,,,,,,,,,,,,,,,,,
decision,1520195,394.8,65.0,,27.0,,38,,,,,,,,,182221,4,5,FALSE,,,,,,,,,,,,,,,,,,,,,,,,,,,,,,,,,,,,,,,,,,,,,,,,,,,,,,,,
dig,1521814,,,,,[],38,,,,,,,,,,,,,,,,,,,,,,,,,,,,,,,,,,,,,,,,,,,,,,,,,,,,,,,,,,,,,,,,,,,,
harvest,1523317,,,,22.0,,38,,,,,,27,0.809241899,0.814814815,,,,,,,,,,,,,,,,,,,,,,,,,,,,,,,,,,,,,,,,,,,,,,,,,,,,,,,,,,,,
decision,1524165,845.4,65.0,,22.0,,38,,,,,,,,,186191,4,6,FALSE,,,,,,,,,,,,,,,,,,,,,,,,,,,,,,,,,,,,,,,,,,,,,,,,,,,,,,,,
dig,1525330,,,,,[],38,,,,,,,,,,,,,,,,,,,,,,,,,,,,,,,,,,,,,,,,,,,,,,,,,,,,,,,,,,,,,,,,,,,,
harvest,1526834,,,,18.0,,38,,,,,,22,0.800153553,0.818181818,,,,,,,,,,,,,,,,,,,,,,,,,,,,,,,,,,,,,,,,,,,,,,,,,,,,,,,,,,,,
decision,1527144,308.0,76.0,,18.0,,38,,,,,,,,,189171,4,7,TRUE,,,,,,,,,,,,,,,,,,,,,,,,,,,,,,,,,,,,,,,,,,,,,,,,,,,,,,,,
travel,1536841,,,,,[],38,,,,,,,,,,,,,,,,,,,,,,,,,,,,,,,,,,,,,,,,,,,,,,,,,,,,,,,,,,,,,,,,,,,,
alien_welcome,1541845,,,,,,,,,,62,74,104,51,13,77,111,60,65,30.0,99.0,84.0,28.0,9.0,91.0,47.0,71.0,89.0,61.0,55.0,25.0,41.0,3.0,53.0,58.0,88.0,44.0,87.0,11.0,114.0,26.0,82.0,67.0,4.0,50.0,63.0,54.0,49.0,17.0,15.0,18.0,35.0,76.0,116.0,34.0,108.0,69.0,78.0,27.0,113.0,102.0,70.0,43.0,112.0,86.0,107.0,105.0,22.0,115.0,52.0,59.0,8.0,75.0,85.0,19.0
land,1542349,,,,99.0,,39,,,,,,,,,,,,,,,,,,,,,,,,,,,,,,,,,,,,,,,,,,,,,,,,,,,,,,,,,,,,,,,,,,,,
dig,1544356,,,,,[],39,,,,,,,,,,,,,,,,,,,,,,,,,,,,,,,,,,,,,,,,,,,,,,,,,,,,,,,,,,,,,,,,,,,,
harvest,1545860,,,,65.0,,39,,,,,,99,0.661608766,0.656565657,,,,,,,,,,,,,,,,,,,,,,,,,,,,,,,,,,,,,,,,,,,,,,,,,,,,,,,,,,,,
decision,1546912,1049.2,65.0,,65.0,,39,,,,,,,,,208940,4,0,FALSE,,,,,,,,,,,,,,,,,,,,,,,,,,,,,,,,,,,,,,,,,,,,,,,,,,,,,,,,
dig,1547881,,,,,[],39,,,,,,,,,,,,,,,,,,,,,,,,,,,,,,,,,,,,,,,,,,,,,,,,,,,,,,,,,,,,,,,,,,,,
harvest,1549385,,,,55.0,,39,,,,,,65,0.850142771,0.846153846,,,,,,,,,,,,,,,,,,,,,,,,,,,,,,,,,,,,,,,,,,,,,,,,,,,,,,,,,,,,
decision,1549834,446.1,65.0,,55.0,,39,,,,,,,,,211860,4,1,FALSE,,,,,,,,,,,,,,,,,,,,,,,,,,,,,,,,,,,,,,,,,,,,,,,,,,,,,,,,
dig,1551399,,,,,[],39,,,,,,,,,,,,,,,,,,,,,,,,,,,,,,,,,,,,,,,,,,,,,,,,,,,,,,,,,,,,,,,,,,,,
harvest,1552902,,,,48.0,,39,,,,,,55,0.866003646,0.872727273,,,,,,,,,,,,,,,,,,,,,,,,,,,,,,,,,,,,,,,,,,,,,,,,,,,,,,,,,,,,
decision,1553322,417.6,65.0,,48.0,,39,,,,,,,,,215349,4,2,FALSE,,,,,,,,,,,,,,,,,,,,,,,,,,,,,,,,,,,,,,,,,,,,,,,,,,,,,,,,
dig,1554915,,,,,[],39,,,,,,,,,,,,,,,,,,,,,,,,,,,,,,,,,,,,,,,,,,,,,,,,,,,,,,,,,,,,,,,,,,,,
harvest,1556420,,,,40.0,,39,,,,,,48,0.827515996,0.833333333,,,,,,,,,,,,,,,,,,,,,,,,,,,,,,,,,,,,,,,,,,,,,,,,,,,,,,,,,,,,
decision,1556783,359.7,65.0,,40.0,,39,,,,,,,,,218809,4,3,FALSE,,,,,,,,,,,,,,,,,,,,,,,,,,,,,,,,,,,,,,,,,,,,,,,,,,,,,,,,
dig,1558435,,,,,[],39,,,,,,,,,,,,,,,,,,,,,,,,,,,,,,,,,,,,,,,,,,,,,,,,,,,,,,,,,,,,,,,,,,,,
harvest,1559939,,,,31.0,,39,,,,,,40,0.765316659,0.775,,,,,,,,,,,,,,,,,,,,,,,,,,,,,,,,,,,,,,,,,,,,,,,,,,,,,,,,,,,,
decision,1560231,289.7,65.0,,31.0,,39,,,,,,,,,222257,4,4,FALSE,,,,,,,,,,,,,,,,,,,,,,,,,,,,,,,,,,,,,,,,,,,,,,,,,,,,,,,,
dig,1561955,,,,,[],39,,,,,,,,,,,,,,,,,,,,,,,,,,,,,,,,,,,,,,,,,,,,,,,,,,,,,,,,,,,,,,,,,,,,
harvest,1563460,,,,23.0,,39,,,,,,31,0.738496562,0.741935484,,,,,,,,,,,,,,,,,,,,,,,,,,,,,,,,,,,,,,,,,,,,,,,,,,,,,,,,,,,,
decision,1563779,316.6,65.0,,23.0,,39,,,,,,,,,225805,4,5,FALSE,,,,,,,,,,,,,,,,,,,,,,,,,,,,,,,,,,,,,,,,,,,,,,,,,,,,,,,,
dig,1565477,,,,,[],39,,,,,,,,,,,,,,,,,,,,,,,,,,,,,,,,,,,,,,,,,,,,,,,,,,,,,,,,,,,,,,,,,,,,
harvest,1566980,,,,19.0,,39,,,,,,23,0.824869184,0.826086957,,,,,,,,,,,,,,,,,,,,,,,,,,,,,,,,,,,,,,,,,,,,,,,,,,,,,,,,,,,,
decision,1567393,409.3,65.0,,19.0,,39,,,,,,,,,229419,4,6,FALSE,,,,,,,,,,,,,,,,,,,,,,,,,,,,,,,,,,,,,,,,,,,,,,,,,,,,,,,,
dig,1568996,,,,,[],39,,,,,,,,,,,,,,,,,,,,,,,,,,,,,,,,,,,,,,,,,,,,,,,,,,,,,,,,,,,,,,,,,,,,
harvest,1570500,,,,14.0,,39,,,,,,19,0.733689678,0.736842105,,,,,,,,,,,,,,,,,,,,,,,,,,,,,,,,,,,,,,,,,,,,,,,,,,,,,,,,,,,,
decision,1571108,605.9,76.0,,14.0,,39,,,,,,,,,233135,4,7,TRUE,,,,,,,,,,,,,,,,,,,,,,,,,,,,,,,,,,,,,,,,,,,,,,,,,,,,,,,,
travel,1580508,,,,,[],39,,,,,,,,,,,,,,,,,,,,,,,,,,,,,,,,,,,,,,,,,,,,,,,,,,,,,,,,,,,,,,,,,,,,
alien_welcome,1585518,,,,,,,,,,24,74,104,51,13,77,111,60,65,30.0,99.0,84.0,28.0,9.0,91.0,47.0,71.0,89.0,61.0,55.0,25.0,41.0,3.0,53.0,58.0,88.0,44.0,87.0,11.0,114.0,26.0,82.0,67.0,4.0,50.0,63.0,54.0,49.0,17.0,15.0,18.0,35.0,76.0,116.0,34.0,108.0,69.0,78.0,27.0,113.0,102.0,70.0,43.0,112.0,86.0,107.0,105.0,22.0,115.0,52.0,59.0,8.0,75.0,85.0,19.0
land,1586024,,,,111.0,,40,,,,,,,,,,,,,,,,,,,,,,,,,,,,,,,,,,,,,,,,,,,,,,,,,,,,,,,,,,,,,,,,,,,,
dig,1588030,,,,,[],40,,,,,,,,,,,,,,,,,,,,,,,,,,,,,,,,,,,,,,,,,,,,,,,,,,,,,,,,,,,,,,,,,,,,
harvest,1589532,,,,92.0,,40,,,,,,111,0.827058241,0.828828829,,,,,,,,,,,,,,,,,,,,,,,,,,,,,,,,,,,,,,,,,,,,,,,,,,,,,,,,,,,,
decision,1590381,845.2,65.0,,92.0,,40,,,,,,,,,252407,4,0,FALSE,,,,,,,,,,,,,,,,,,,,,,,,,,,,,,,,,,,,,,,,,,,,,,,,,,,,,,,,
dig,1591547,,,,,[],40,,,,,,,,,,,,,,,,,,,,,,,,,,,,,,,,,,,,,,,,,,,,,,,,,,,,,,,,,,,,,,,,,,,,
harvest,1593051,,,,76.0,,40,,,,,,92,0.829497415,0.826086957,,,,,,,,,,,,,,,,,,,,,,,,,,,,,,,,,,,,,,,,,,,,,,,,,,,,,,,,,,,,
decision,1593543,488.7,65.0,,76.0,,40,,,,,,,,,255570,4,1,FALSE,,,,,,,,,,,,,,,,,,,,,,,,,,,,,,,,,,,,,,,,,,,,,,,,,,,,,,,,
dig,1595066,,,,,[],40,,,,,,,,,,,,,,,,,,,,,,,,,,,,,,,,,,,,,,,,,,,,,,,,,,,,,,,,,,,,,,,,,,,,
harvest,1596570,,,,60.0,,40,,,,,,76,0.786287874,0.789473684,,,,,,,,,,,,,,,,,,,,,,,,,,,,,,,,,,,,,,,,,,,,,,,,,,,,,,,,,,,,
decision,1597236,663.5,65.0,,60.0,,40,,,,,,,,,259263,4,2,FALSE,,,,,,,,,,,,,,,,,,,,,,,,,,,,,,,,,,,,,,,,,,,,,,,,,,,,,,,,
dig,1598589,,,,,[],40,,,,,,,,,,,,,,,,,,,,,,,,,,,,,,,,,,,,,,,,,,,,,,,,,,,,,,,,,,,,,,,,,,,,
harvest,1601120,,,,48.0,,40,,,,,,60,0.808115598,0.8,,,,,,,,,,,,,,,,,,,,,,,,,,,,,,,,,,,,,,,,,,,,,,,,,,,,,,,,,,,,
decision,1602338,1213.8,65.0,,48.0,,40,,,,,,,,,264364,4,3,FALSE,,,,,,,,,,,,,,,,,,,,,,,,,,,,,,,,,,,,,,,,,,,,,,,,,,,,,,,,
dig,1603137,,,,,[],40,,,,,,,,,,,,,,,,,,,,,,,,,,,,,,,,,,,,,,,,,,,,,,,,,,,,,,,,,,,,,,,,,,,,
harvest,1604641,,,,41.0,,40,,,,,,48,0.845903019,0.854166667,,,,,,,,,,,,,,,,,,,,,,,,,,,,,,,,,,,,,,,,,,,,,,,,,,,,,,,,,,,,
decision,1605246,602.2,65.0,,41.0,,40,,,,,,,,,267272,4,4,FALSE,,,,,,,,,,,,,,,,,,,,,,,,,,,,,,,,,,,,,,,,,,,,,,,,,,,,,,,,
dig,1606654,,,,,[],40,,,,,,,,,,,,,,,,,,,,,,,,,,,,,,,,,,,,,,,,,,,,,,,,,,,,,,,,,,,,,,,,,,,,
harvest,1608158,,,,33.0,,40,,,,,,41,0.816883478,0.804878049,,,,,,,,,,,,,,,,,,,,,,,,,,,,,,,,,,,,,,,,,,,,,,,,,,,,,,,,,,,,
decision,1608613,451.4,65.0,,33.0,,40,,,,,,,,,270639,4,5,FALSE,,,,,,,,,,,,,,,,,,,,,,,,,,,,,,,,,,,,,,,,,,,,,,,,,,,,,,,,
dig,1610175,,,,,[],40,,,,,,,,,,,,,,,,,,,,,,,,,,,,,,,,,,,,,,,,,,,,,,,,,,,,,,,,,,,,,,,,,,,,
harvest,1611679,,,,28.0,,40,,,,,,33,0.838815737,0.848484848,,,,,,,,,,,,,,,,,,,,,,,,,,,,,,,,,,,,,,,,,,,,,,,,,,,,,,,,,,,,
decision,1611805,123.3,65.0,,28.0,,40,,,,,,,,,273831,4,6,FALSE,,,,,,,,,,,,,,,,,,,,,,,,,,,,,,,,,,,,,,,,,,,,,,,,,,,,,,,,
dig,1613695,,,,,[],40,,,,,,,,,,,,,,,,,,,,,,,,,,,,,,,,,,,,,,,,,,,,,,,,,,,,,,,,,,,,,,,,,,,,
harvest,1615199,,,,22.0,,40,,,,,,28,0.794264984,0.785714286,,,,,,,,,,,,,,,,,,,,,,,,,,,,,,,,,,,,,,,,,,,,,,,,,,,,,,,,,,,,
decision,1615750,548.5,76.0,,22.0,,40,,,,,,,,,277777,4,7,TRUE,,,,,,,,,,,,,,,,,,,,,,,,,,,,,,,,,,,,,,,,,,,,,,,,,,,,,,,,
travel,1625216,,,,,[],40,,,,,,,,,,,,,,,,,,,,,,,,,,,,,,,,,,,,,,,,,,,,,,,,,,,,,,,,,,,,,,,,,,,,
alien_welcome,1630220,,,,,,,,,,117,74,104,51,13,77,111,60,65,30.0,99.0,84.0,28.0,9.0,91.0,47.0,71.0,89.0,61.0,55.0,25.0,41.0,3.0,53.0,58.0,88.0,44.0,87.0,11.0,114.0,26.0,82.0,67.0,4.0,50.0,63.0,54.0,49.0,17.0,15.0,18.0,35.0,76.0,116.0,34.0,108.0,69.0,78.0,27.0,113.0,102.0,70.0,43.0,112.0,86.0,107.0,105.0,22.0,115.0,52.0,59.0,8.0,75.0,85.0,19.0
land,1630729,,,,110.0,,41,,,,,,,,,,,,,,,,,,,,,,,,,,,,,,,,,,,,,,,,,,,,,,,,,,,,,,,,,,,,,,,,,,,,
dig,1632735,,,,,[],41,,,,,,,,,,,,,,,,,,,,,,,,,,,,,,,,,,,,,,,,,,,,,,,,,,,,,,,,,,,,,,,,,,,,
harvest,1634239,,,,88.0,,41,,,,,,110,0.801971114,0.8,,,,,,,,,,,,,,,,,,,,,,,,,,,,,,,,,,,,,,,,,,,,,,,,,,,,,,,,,,,,
decision,1635048,806.6,65.0,,88.0,,41,,,,,,,,,297074,4,0,FALSE,,,,,,,,,,,,,,,,,,,,,,,,,,,,,,,,,,,,,,,,,,,,,,,,,,,,,,,,
dig,1636254,,,,,[],41,,,,,,,,,,,,,,,,,,,,,,,,,,,,,,,,,,,,,,,,,,,,,,,,,,,,,,,,,,,,,,,,,,,,
harvest,1637758,,,,69.0,,41,,,,,,88,0.78856783,0.784090909,,,,,,,,,,,,,,,,,,,,,,,,,,,,,,,,,,,,,,,,,,,,,,,,,,,,,,,,,,,,
decision,1638476,714.5,65.0,,69.0,,41,,,,,,,,,300502,4,1,FALSE,,,,,,,,,,,,,,,,,,,,,,,,,,,,,,,,,,,,,,,,,,,,,,,,,,,,,,,,
dig,1639782,,,,,[],41,,,,,,,,,,,,,,,,,,,,,,,,,,,,,,,,,,,,,,,,,,,,,,,,,,,,,,,,,,,,,,,,,,,,
harvest,1641286,,,,55.0,,41,,,,,,69,0.793405185,0.797101449,,,,,,,,,,,,,,,,,,,,,,,,,,,,,,,,,,,,,,,,,,,,,,,,,,,,,,,,,,,,
decision,1641784,494.2,65.0,,55.0,,41,,,,,,,,,303811,4,2,FALSE,,,,,,,,,,,,,,,,,,,,,,,,,,,,,,,,,,,,,,,,,,,,,,,,,,,,,,,,
dig,1643309,,,,,[],41,,,,,,,,,,,,,,,,,,,,,,,,,,,,,,,,,,,,,,,,,,,,,,,,,,,,,,,,,,,,,,,,,,,,
harvest,1644828,,,,47.0,,41,,,,,,55,0.86088567,0.854545455,,,,,,,,,,,,,,,,,,,,,,,,,,,,,,,,,,,,,,,,,,,,,,,,,,,,,,,,,,,,
decision,1644890,60.40000001,65.0,,47.0,,41,,,,,,,,,306917,4,3,FALSE,,,,,,,,,,,,,,,,,,,,,,,,,,,,,,,,,,,,,,,,,,,,,,,,,,,,,,,,
dig,1646842,,,,,[],41,,,,,,,,,,,,,,,,,,,,,,,,,,,,,,,,,,,,,,,,,,,,,,,,,,,,,,,,,,,,,,,,,,,,
harvest,1648346,,,,35.0,,41,,,,,,47,0.745053735,0.744680851,,,,,,,,,,,,,,,,,,,,,,,,,,,,,,,,,,,,,,,,,,,,,,,,,,,,,,,,,,,,
decision,1648848,499.0,65.0,,35.0,,41,,,,,,,,,310875,4,4,FALSE,,,,,,,,,,,,,,,,,,,,,,,,,,,,,,,,,,,,,,,,,,,,,,,,,,,,,,,,
dig,1650370,,,,,[],41,,,,,,,,,,,,,,,,,,,,,,,,,,,,,,,,,,,,,,,,,,,,,,,,,,,,,,,,,,,,,,,,,,,,
harvest,1651874,,,,29.0,,41,,,,,,35,0.824468033,0.828571429,,,,,,,,,,,,,,,,,,,,,,,,,,,,,,,,,,,,,,,,,,,,,,,,,,,,,,,,,,,,
decision,1652936,1058.9,65.0,,29.0,,41,,,,,,,,,314963,4,5,FALSE,,,,,,,,,,,,,,,,,,,,,,,,,,,,,,,,,,,,,,,,,,,,,,,,,,,,,,,,
dig,1653895,,,,,[],41,,,,,,,,,,,,,,,,,,,,,,,,,,,,,,,,,,,,,,,,,,,,,,,,,,,,,,,,,,,,,,,,,,,,
harvest,1655398,,,,22.0,,41,,,,,,29,0.753855397,0.75862069,,,,,,,,,,,,,,,,,,,,,,,,,,,,,,,,,,,,,,,,,,,,,,,,,,,,,,,,,,,,
decision,1655801,399.5,76.0,,22.0,,41,,,,,,,,,317827,4,6,TRUE,,,,,,,,,,,,,,,,,,,,,,,,,,,,,,,,,,,,,,,,,,,,,,,,,,,,,,,,
travel,1665419,,,,,[],41,,,,,,,,,,,,,,,,,,,,,,,,,,,,,,,,,,,,,,,,,,,,,,,,,,,,,,,,,,,,,,,,,,,,
alien_welcome,1670425,,,,,,,,,,48,74,104,51,13,77,111,60,65,30.0,99.0,84.0,28.0,9.0,91.0,47.0,71.0,89.0,61.0,55.0,25.0,41.0,3.0,53.0,58.0,88.0,44.0,87.0,11.0,114.0,26.0,82.0,67.0,4.0,50.0,63.0,54.0,49.0,17.0,15.0,18.0,35.0,76.0,116.0,34.0,108.0,69.0,78.0,27.0,113.0,102.0,70.0,43.0,112.0,86.0,107.0,105.0,22.0,115.0,52.0,59.0,8.0,75.0,85.0,19.0
land,1670930,,,,98.0,,42,,,,,,,,,,,,,,,,,,,,,,,,,,,,,,,,,,,,,,,,,,,,,,,,,,,,,,,,,,,,,,,,,,,,
dig,1672940,,,,,[],42,,,,,,,,,,,,,,,,,,,,,,,,,,,,,,,,,,,,,,,,,,,,,,,,,,,,,,,,,,,,,,,,,,,,
harvest,1674444,,,,24.0,,42,,,,,,98,0.244426449,0.244897959,,,,,,,,,,,,,,,,,,,,,,,,,,,,,,,,,,,,,,,,,,,,,,,,,,,,,,,,,,,,
decision,1675027,580.3,65.0,,24.0,,42,,,,,,,,,337054,4,0,FALSE,,,,,,,,,,,,,,,,,,,,,,,,,,,,,,,,,,,,,,,,,,,,,,,,,,,,,,,,
dig,1676468,,,,,[],42,,,,,,,,,,,,,,,,,,,,,,,,,,,,,,,,,,,,,,,,,,,,,,,,,,,,,,,,,,,,,,,,,,,,
harvest,1677979,,,,5.0,,42,,,,,,24,0.218765256,0.208333333,,,,,,,,,,,,,,,,,,,,,,,,,,,,,,,,,,,,,,,,,,,,,,,,,,,,,,,,,,,,
decision,1678732,750.2,76.0,,5.0,,42,,,,,,,,,340759,4,1,TRUE,,,,,,,,,,,,,,,,,,,,,,,,,,,,,,,,,,,,,,,,,,,,,,,,,,,,,,,,
travel,1687998,,,,,[],42,,,,,,,,,,,,,,,,,,,,,,,,,,,,,,,,,,,,,,,,,,,,,,,,,,,,,,,,,,,,,,,,,,,,
alien_welcome,1693004,,,,,,,,,,94,74,104,51,13,77,111,60,65,30.0,99.0,84.0,28.0,9.0,91.0,47.0,71.0,89.0,61.0,55.0,25.0,41.0,3.0,53.0,58.0,88.0,44.0,87.0,11.0,114.0,26.0,82.0,67.0,4.0,50.0,63.0,54.0,49.0,17.0,15.0,18.0,35.0,76.0,116.0,34.0,108.0,69.0,78.0,27.0,113.0,102.0,70.0,43.0,112.0,86.0,107.0,105.0,22.0,115.0,52.0,59.0,8.0,75.0,85.0,19.0
land,1693509,,,,98.0,,43,,,,,,,,,,,,,,,,,,,,,,,,,,,,,,,,,,,,,,,,,,,,,,,,,,,,,,,,,,,,,,,,,,,,
dig,1695516,,,,,[],43,,,,,,,,,,,,,,,,,,,,,,,,,,,,,,,,,,,,,,,,,,,,,,,,,,,,,,,,,,,,,,,,,,,,
harvest,1697020,,,,26.0,,43,,,,,,98,0.264474138,0.265306122,,,,,,,,,,,,,,,,,,,,,,,,,,,,,,,,,,,,,,,,,,,,,,,,,,,,,,,,,,,,
decision,1699025,,,,26.0,,43,,,,,,,,,361052,4,0,TRUE,,,,,,,,,,,,,,,,,,,,,,,,,,,,,,,,,,,,,,,,,,,,,,,,,,,,,,,,
end_of_block,1715354,16313.3,32.0,,,,,,,,,,,,,,,,,,,,,,,,,,,,,,,,,,,,,,,,,,,,,,,,,,,,,,,,,,,,,,,,,,,,,,,,
alien_welcome,1720391,,,,,,,,,,40,74,104,51,13,77,111,60,65,30.0,99.0,84.0,28.0,9.0,91.0,47.0,71.0,89.0,61.0,55.0,25.0,41.0,3.0,53.0,58.0,88.0,44.0,87.0,11.0,114.0,26.0,82.0,67.0,4.0,50.0,63.0,54.0,49.0,17.0,15.0,18.0,35.0,76.0,116.0,34.0,108.0,69.0,78.0,27.0,113.0,102.0,70.0,43.0,112.0,86.0,107.0,105.0,22.0,115.0,52.0,59.0,8.0,75.0,85.0,19.0
land,1720905,,,,102.0,,44,,,,,,,,,,,,,,,,,,,,,,,,,,,,,,,,,,,,,,,,,,,,,,,,,,,,,,,,,,,,,,,,,,,,
dig,1722914,,,,,[],44,,,,,,,,,,,,,,,,,,,,,,,,,,,,,,,,,,,,,,,,,,,,,,,,,,,,,,,,,,,,,,,,,,,,
harvest,1724417,,,,55.0,,44,,,,,,102,0.542168991,0.539215686,,,,,,,,,,,,,,,,,,,,,,,,,,,,,,,,,,,,,,,,,,,,,,,,,,,,,,,,,,,,
decision,1725049,627.3,65.0,,55.0,,44,,,,,,,,,9687,5,0,FALSE,,,,,,,,,,,,,,,,,,,,,,,,,,,,,,,,,,,,,,,,,,,,,,,,,,,,,,,,
dig,1726443,,,,,[],44,,,,,,,,,,,,,,,,,,,,,,,,,,,,,,,,,,,,,,,,,,,,,,,,,,,,,,,,,,,,,,,,,,,,
harvest,1727947,,,,24.0,,44,,,,,,55,0.443663796,0.436363636,,,,,,,,,,,,,,,,,,,,,,,,,,,,,,,,,,,,,,,,,,,,,,,,,,,,,,,,,,,,
decision,1728922,970.1,65.0,,24.0,,44,,,,,,,,,13559,5,1,FALSE,,,,,,,,,,,,,,,,,,,,,,,,,,,,,,,,,,,,,,,,,,,,,,,,,,,,,,,,
dig,1729973,,,,,[],44,,,,,,,,,,,,,,,,,,,,,,,,,,,,,,,,,,,,,,,,,,,,,,,,,,,,,,,,,,,,,,,,,,,,
harvest,1731477,,,,14.0,,44,,,,,,24,0.584448451,0.583333333,,,,,,,,,,,,,,,,,,,,,,,,,,,,,,,,,,,,,,,,,,,,,,,,,,,,,,,,,,,,
decision,1732219,738.2,65.0,,14.0,,44,,,,,,,,,16856,5,2,FALSE,,,,,,,,,,,,,,,,,,,,,,,,,,,,,,,,,,,,,,,,,,,,,,,,,,,,,,,,
dig,1733493,,,,,[],44,,,,,,,,,,,,,,,,,,,,,,,,,,,,,,,,,,,,,,,,,,,,,,,,,,,,,,,,,,,,,,,,,,,,
harvest,1734997,,,,7.0,,44,,,,,,14,0.509412002,0.5,,,,,,,,,,,,,,,,,,,,,,,,,,,,,,,,,,,,,,,,,,,,,,,,,,,,,,,,,,,,
decision,1736133,1132.9,76.0,,7.0,,44,,,,,,,,,20770,5,3,TRUE,,,,,,,,,,,,,,,,,,,,,,,,,,,,,,,,,,,,,,,,,,,,,,,,,,,,,,,,
travel,1745012,,,,,[],44,,,,,,,,,,,,,,,,,,,,,,,,,,,,,,,,,,,,,,,,,,,,,,,,,,,,,,,,,,,,,,,,,,,,
alien_welcome,1750016,,,,,,,,,,46,74,104,51,13,77,111,60,65,30.0,99.0,84.0,28.0,9.0,91.0,47.0,71.0,89.0,61.0,55.0,25.0,41.0,3.0,53.0,58.0,88.0,44.0,87.0,11.0,114.0,26.0,82.0,67.0,4.0,50.0,63.0,54.0,49.0,17.0,15.0,18.0,35.0,76.0,116.0,34.0,108.0,69.0,78.0,27.0,113.0,102.0,70.0,43.0,112.0,86.0,107.0,105.0,22.0,115.0,52.0,59.0,8.0,75.0,85.0,19.0
land,1750520,,,,103.0,,45,,,,,,,,,,,,,,,,,,,,,,,,,,,,,,,,,,,,,,,,,,,,,,,,,,,,,,,,,,,,,,,,,,,,
dig,1752526,,,,,[],45,,,,,,,,,,,,,,,,,,,,,,,,,,,,,,,,,,,,,,,,,,,,,,,,,,,,,,,,,,,,,,,,,,,,
harvest,1754030,,,,54.0,,45,,,,,,103,0.524619407,0.524271845,,,,,,,,,,,,,,,,,,,,,,,,,,,,,,,,,,,,,,,,,,,,,,,,,,,,,,,,,,,,
decision,1754761,728.5,65.0,,54.0,,45,,,,,,,,,39399,5,0,FALSE,,,,,,,,,,,,,,,,,,,,,,,,,,,,,,,,,,,,,,,,,,,,,,,,,,,,,,,,
dig,1756045,,,,,[],45,,,,,,,,,,,,,,,,,,,,,,,,,,,,,,,,,,,,,,,,,,,,,,,,,,,,,,,,,,,,,,,,,,,,
harvest,1757550,,,,25.0,,45,,,,,,54,0.465188741,0.462962963,,,,,,,,,,,,,,,,,,,,,,,,,,,,,,,,,,,,,,,,,,,,,,,,,,,,,,,,,,,,
decision,1758684,1132.3,65.0,,25.0,,45,,,,,,,,,43322,5,1,FALSE,,,,,,,,,,,,,,,,,,,,,,,,,,,,,,,,,,,,,,,,,,,,,,,,,,,,,,,,
dig,1759568,,,,,[],45,,,,,,,,,,,,,,,,,,,,,,,,,,,,,,,,,,,,,,,,,,,,,,,,,,,,,,,,,,,,,,,,,,,,
harvest,1761072,,,,14.0,,45,,,,,,25,0.55339812,0.56,,,,,,,,,,,,,,,,,,,,,,,,,,,,,,,,,,,,,,,,,,,,,,,,,,,,,,,,,,,,
decision,1761096,22.40000001,76.0,,14.0,,45,,,,,,,,,45734,5,2,TRUE,,,,,,,,,,,,,,,,,,,,,,,,,,,,,,,,,,,,,,,,,,,,,,,,,,,,,,,,
travel,1771082,,,,,[],45,,,,,,,,,,,,,,,,,,,,,,,,,,,,,,,,,,,,,,,,,,,,,,,,,,,,,,,,,,,,,,,,,,,,
alien_welcome,1776085,,,,,,,,,,80,74,104,51,13,77,111,60,65,30.0,99.0,84.0,28.0,9.0,91.0,47.0,71.0,89.0,61.0,55.0,25.0,41.0,3.0,53.0,58.0,88.0,44.0,87.0,11.0,114.0,26.0,82.0,67.0,4.0,50.0,63.0,54.0,49.0,17.0,15.0,18.0,35.0,76.0,116.0,34.0,108.0,69.0,78.0,27.0,113.0,102.0,70.0,43.0,112.0,86.0,107.0,105.0,22.0,115.0,52.0,59.0,8.0,75.0,85.0,19.0
land,1776590,,,,110.0,,46,,,,,,,,,,,,,,,,,,,,,,,,,,,,,,,,,,,,,,,,,,,,,,,,,,,,,,,,,,,,,,,,,,,,
dig,1778596,,,,,[],46,,,,,,,,,,,,,,,,,,,,,,,,,,,,,,,,,,,,,,,,,,,,,,,,,,,,,,,,,,,,,,,,,,,,
harvest,1780101,,,,54.0,,46,,,,,,110,0.49091011,0.490909091,,,,,,,,,,,,,,,,,,,,,,,,,,,,,,,,,,,,,,,,,,,,,,,,,,,,,,,,,,,,
decision,1780777,671.9,65.0,,54.0,,46,,,,,,,,,65414,5,0,FALSE,,,,,,,,,,,,,,,,,,,,,,,,,,,,,,,,,,,,,,,,,,,,,,,,,,,,,,,,
dig,1782129,,,,,[],46,,,,,,,,,,,,,,,,,,,,,,,,,,,,,,,,,,,,,,,,,,,,,,,,,,,,,,,,,,,,,,,,,,,,
harvest,1783634,,,,28.0,,46,,,,,,54,0.526488327,0.518518519,,,,,,,,,,,,,,,,,,,,,,,,,,,,,,,,,,,,,,,,,,,,,,,,,,,,,,,,,,,,
decision,1784295,657.3,65.0,,28.0,,46,,,,,,,,,68933,5,1,FALSE,,,,,,,,,,,,,,,,,,,,,,,,,,,,,,,,,,,,,,,,,,,,,,,,,,,,,,,,
dig,1785660,,,,,[],46,,,,,,,,,,,,,,,,,,,,,,,,,,,,,,,,,,,,,,,,,,,,,,,,,,,,,,,,,,,,,,,,,,,,
harvest,1787164,,,,13.0,,46,,,,,,28,0.481725468,0.464285714,,,,,,,,,,,,,,,,,,,,,,,,,,,,,,,,,,,,,,,,,,,,,,,,,,,,,,,,,,,,
decision,1787526,358.3,76.0,,13.0,,46,,,,,,,,,72164,5,2,TRUE,,,,,,,,,,,,,,,,,,,,,,,,,,,,,,,,,,,,,,,,,,,,,,,,,,,,,,,,
travel,1797191,,,,,[],46,,,,,,,,,,,,,,,,,,,,,,,,,,,,,,,,,,,,,,,,,,,,,,,,,,,,,,,,,,,,,,,,,,,,
alien_welcome,1802195,,,,,,,,,,90,74,104,51,13,77,111,60,65,30.0,99.0,84.0,28.0,9.0,91.0,47.0,71.0,89.0,61.0,55.0,25.0,41.0,3.0,53.0,58.0,88.0,44.0,87.0,11.0,114.0,26.0,82.0,67.0,4.0,50.0,63.0,54.0,49.0,17.0,15.0,18.0,35.0,76.0,116.0,34.0,108.0,69.0,78.0,27.0,113.0,102.0,70.0,43.0,112.0,86.0,107.0,105.0,22.0,115.0,52.0,59.0,8.0,75.0,85.0,19.0
land,1802708,,,,95.0,,47,,,,,,,,,,,,,,,,,,,,,,,,,,,,,,,,,,,,,,,,,,,,,,,,,,,,,,,,,,,,,,,,,,,,
dig,1804716,,,,,[],47,,,,,,,,,,,,,,,,,,,,,,,,,,,,,,,,,,,,,,,,,,,,,,,,,,,,,,,,,,,,,,,,,,,,
harvest,1806229,,,,45.0,,47,,,,,,95,0.477007983,0.473684211,,,,,,,,,,,,,,,,,,,,,,,,,,,,,,,,,,,,,,,,,,,,,,,,,,,,,,,,,,,,
decision,1806844,609.9,65.0,,45.0,,47,,,,,,,,,91481,5,0,FALSE,,,,,,,,,,,,,,,,,,,,,,,,,,,,,,,,,,,,,,,,,,,,,,,,,,,,,,,,
dig,1808261,,,,,[],47,,,,,,,,,,,,,,,,,,,,,,,,,,,,,,,,,,,,,,,,,,,,,,,,,,,,,,,,,,,,,,,,,,,,
harvest,1809765,,,,24.0,,47,,,,,,45,0.528492472,0.533333333,,,,,,,,,,,,,,,,,,,,,,,,,,,,,,,,,,,,,,,,,,,,,,,,,,,,,,,,,,,,
decision,1810244,475.0,65.0,,24.0,,47,,,,,,,,,94881,5,1,FALSE,,,,,,,,,,,,,,,,,,,,,,,,,,,,,,,,,,,,,,,,,,,,,,,,,,,,,,,,
dig,1811791,,,,,[],47,,,,,,,,,,,,,,,,,,,,,,,,,,,,,,,,,,,,,,,,,,,,,,,,,,,,,,,,,,,,,,,,,,,,
harvest,1813295,,,,11.0,,47,,,,,,24,0.478300535,0.458333333,,,,,,,,,,,,,,,,,,,,,,,,,,,,,,,,,,,,,,,,,,,,,,,,,,,,,,,,,,,,
decision,1813862,563.5,65.0,,11.0,,47,,,,,,,,,98499,5,2,FALSE,,,,,,,,,,,,,,,,,,,,,,,,,,,,,,,,,,,,,,,,,,,,,,,,,,,,,,,,
dig,1815315,,,,,[],47,,,,,,,,,,,,,,,,,,,,,,,,,,,,,,,,,,,,,,,,,,,,,,,,,,,,,,,,,,,,,,,,,,,,
harvest,1816820,,,,5.0,,47,,,,,,11,0.466637344,0.454545455,,,,,,,,,,,,,,,,,,,,,,,,,,,,,,,,,,,,,,,,,,,,,,,,,,,,,,,,,,,,
decision,1817434,609.7,65.0,,5.0,,47,,,,,,,,,102072,5,3,FALSE,,,,,,,,,,,,,,,,,,,,,,,,,,,,,,,,,,,,,,,,,,,,,,,,,,,,,,,,
dig,1818850,,,,,[],47,,,,,,,,,,,,,,,,,,,,,,,,,,,,,,,,,,,,,,,,,,,,,,,,,,,,,,,,,,,,,,,,,,,,
harvest,1820355,,,,3.0,,47,,,,,,5,0.585100945,0.6,,,,,,,,,,,,,,,,,,,,,,,,,,,,,,,,,,,,,,,,,,,,,,,,,,,,,,,,,,,,
decision,1820995,636.8,65.0,,3.0,,47,,,,,,,,,105633,5,4,FALSE,,,,,,,,,,,,,,,,,,,,,,,,,,,,,,,,,,,,,,,,,,,,,,,,,,,,,,,,
dig,1822374,,,,,[],47,,,,,,,,,,,,,,,,,,,,,,,,,,,,,,,,,,,,,,,,,,,,,,,,,,,,,,,,,,,,,,,,,,,,
harvest,1823879,,,,2.0,,47,,,,,,3,0.556867216,0.666666667,,,,,,,,,,,,,,,,,,,,,,,,,,,,,,,,,,,,,,,,,,,,,,,,,,,,,,,,,,,,
decision,1824393,510.3,65.0,,2.0,,47,,,,,,,,,109030,5,5,FALSE,,,,,,,,,,,,,,,,,,,,,,,,,,,,,,,,,,,,,,,,,,,,,,,,,,,,,,,,
dig,1825908,,,,,[],47,,,,,,,,,,,,,,,,,,,,,,,,,,,,,,,,,,,,,,,,,,,,,,,,,,,,,,,,,,,,,,,,,,,,
harvest,1827413,,,,1.0,,47,,,,,,2,0.558223512,0.5,,,,,,,,,,,,,,,,,,,,,,,,,,,,,,,,,,,,,,,,,,,,,,,,,,,,,,,,,,,,
decision,1827790,374.0,65.0,,1.0,,47,,,,,,,,,112427,5,6,FALSE,,,,,,,,,,,,,,,,,,,,,,,,,,,,,,,,,,,,,,,,,,,,,,,,,,,,,,,,
dig,1829431,,,,,[],47,,,,,,,,,,,,,,,,,,,,,,,,,,,,,,,,,,,,,,,,,,,,,,,,,,,,,,,,,,,,,,,,,,,,
harvest,1830935,,,,1.0,,47,,,,,,1,0.544806859,1,,,,,,,,,,,,,,,,,,,,,,,,,,,,,,,,,,,,,,,,,,,,,,,,,,,,,,,,,,,,
decision,1831381,442.8,65.0,,1.0,,47,,,,,,,,,116019,5,7,FALSE,,,,,,,,,,,,,,,,,,,,,,,,,,,,,,,,,,,,,,,,,,,,,,,,,,,,,,,,
dig,1832983,,,,,[],47,,,,,,,,,,,,,,,,,,,,,,,,,,,,,,,,,,,,,,,,,,,,,,,,,,,,,,,,,,,,,,,,,,,,
harvest,1834486,,,,1.0,,47,,,,,,1,0.601215902,1,,,,,,,,,,,,,,,,,,,,,,,,,,,,,,,,,,,,,,,,,,,,,,,,,,,,,,,,,,,,
decision,1834875,383.8,65.0,,0.0,,47,,,,,,,,,119512,5,8,FALSE,,,,,,,,,,,,,,,,,,,,,,,,,,,,,,,,,,,,,,,,,,,,,,,,,,,,,,,,
dig,1836507,,,,,[],47,,,,,,,,,,,,,,,,,,,,,,,,,,,,,,,,,,,,,,,,,,,,,,,,,,,,,,,,,,,,,,,,,,,,
harvest,1838012,,,,0.0,,47,,,,,,0,0.525499792,,,,,,,,,,,,,,,,,,,,,,,,,,,,,,,,,,,,,,,,,,,,,,,,,,,,,,,,,,,,,
decision,1839912,1894.9,76.0,,0.0,,47,,,,,,,,,124549,5,9,TRUE,,,,,,,,,,,,,,,,,,,,,,,,,,,,,,,,,,,,,,,,,,,,,,,,,,,,,,,,
travel,1848040,,,,,[],47,,,,,,,,,,,,,,,,,,,,,,,,,,,,,,,,,,,,,,,,,,,,,,,,,,,,,,,,,,,,,,,,,,,,
alien_welcome,1853044,,,,,,,,,,36,74,104,51,13,77,111,60,65,30.0,99.0,84.0,28.0,9.0,91.0,47.0,71.0,89.0,61.0,55.0,25.0,41.0,3.0,53.0,58.0,88.0,44.0,87.0,11.0,114.0,26.0,82.0,67.0,4.0,50.0,63.0,54.0,49.0,17.0,15.0,18.0,35.0,76.0,116.0,34.0,108.0,69.0,78.0,27.0,113.0,102.0,70.0,43.0,112.0,86.0,107.0,105.0,22.0,115.0,52.0,59.0,8.0,75.0,85.0,19.0
land,1853548,,,,105.0,,48,,,,,,,,,,,,,,,,,,,,,,,,,,,,,,,,,,,,,,,,,,,,,,,,,,,,,,,,,,,,,,,,,,,,
dig,1855553,,,,,[],48,,,,,,,,,,,,,,,,,,,,,,,,,,,,,,,,,,,,,,,,,,,,,,,,,,,,,,,,,,,,,,,,,,,,
harvest,1857059,,,,52.0,,48,,,,,,105,0.497677643,0.495238095,,,,,,,,,,,,,,,,,,,,,,,,,,,,,,,,,,,,,,,,,,,,,,,,,,,,,,,,,,,,
decision,1857662,600.0,65.0,,52.0,,48,,,,,,,,,142300,5,0,FALSE,,,,,,,,,,,,,,,,,,,,,,,,,,,,,,,,,,,,,,,,,,,,,,,,,,,,,,,,
dig,1859084,,,,,[],48,,,,,,,,,,,,,,,,,,,,,,,,,,,,,,,,,,,,,,,,,,,,,,,,,,,,,,,,,,,,,,,,,,,,
harvest,1860594,,,,24.0,,48,,,,,,52,0.455345042,0.461538462,,,,,,,,,,,,,,,,,,,,,,,,,,,,,,,,,,,,,,,,,,,,,,,,,,,,,,,,,,,,
decision,1861951,1351.8,65.0,,24.0,,48,,,,,,,,,146588,5,1,FALSE,,,,,,,,,,,,,,,,,,,,,,,,,,,,,,,,,,,,,,,,,,,,,,,,,,,,,,,,
dig,1862625,,,,,[],48,,,,,,,,,,,,,,,,,,,,,,,,,,,,,,,,,,,,,,,,,,,,,,,,,,,,,,,,,,,,,,,,,,,,
harvest,1864129,,,,11.0,,48,,,,,,24,0.46397945,0.458333333,,,,,,,,,,,,,,,,,,,,,,,,,,,,,,,,,,,,,,,,,,,,,,,,,,,,,,,,,,,,
decision,1864576,443.2,65.0,,11.0,,48,,,,,,,,,149213,5,2,FALSE,,,,,,,,,,,,,,,,,,,,,,,,,,,,,,,,,,,,,,,,,,,,,,,,,,,,,,,,
dig,1866155,,,,,[],48,,,,,,,,,,,,,,,,,,,,,,,,,,,,,,,,,,,,,,,,,,,,,,,,,,,,,,,,,,,,,,,,,,,,
harvest,1867661,,,,6.0,,48,,,,,,11,0.519740835,0.545454545,,,,,,,,,,,,,,,,,,,,,,,,,,,,,,,,,,,,,,,,,,,,,,,,,,,,,,,,,,,,
decision,1867811,145.8,76.0,,6.0,,48,,,,,,,,,152449,5,3,TRUE,,,,,,,,,,,,,,,,,,,,,,,,,,,,,,,,,,,,,,,,,,,,,,,,,,,,,,,,
travel,1877684,,,,,[],48,,,,,,,,,,,,,,,,,,,,,,,,,,,,,,,,,,,,,,,,,,,,,,,,,,,,,,,,,,,,,,,,,,,,
alien_welcome,1882700,,,,,,,,,,73,74,104,51,13,77,111,60,65,30.0,99.0,84.0,28.0,9.0,91.0,47.0,71.0,89.0,61.0,55.0,25.0,41.0,3.0,53.0,58.0,88.0,44.0,87.0,11.0,114.0,26.0,82.0,67.0,4.0,50.0,63.0,54.0,49.0,17.0,15.0,18.0,35.0,76.0,116.0,34.0,108.0,69.0,78.0,27.0,113.0,102.0,70.0,43.0,112.0,86.0,107.0,105.0,22.0,115.0,52.0,59.0,8.0,75.0,85.0,19.0
land,1883213,,,,103.0,,49,,,,,,,,,,,,,,,,,,,,,,,,,,,,,,,,,,,,,,,,,,,,,,,,,,,,,,,,,,,,,,,,,,,,
dig,1885220,,,,,[],49,,,,,,,,,,,,,,,,,,,,,,,,,,,,,,,,,,,,,,,,,,,,,,,,,,,,,,,,,,,,,,,,,,,,
harvest,1886725,,,,42.0,,49,,,,,,103,0.411346835,0.40776699,,,,,,,,,,,,,,,,,,,,,,,,,,,,,,,,,,,,,,,,,,,,,,,,,,,,,,,,,,,,
decision,1887381,652.0,65.0,,42.0,,49,,,,,,,,,172019,5,0,FALSE,,,,,,,,,,,,,,,,,,,,,,,,,,,,,,,,,,,,,,,,,,,,,,,,,,,,,,,,
dig,1888753,,,,,[],49,,,,,,,,,,,,,,,,,,,,,,,,,,,,,,,,,,,,,,,,,,,,,,,,,,,,,,,,,,,,,,,,,,,,
harvest,1890258,,,,20.0,,49,,,,,,42,0.4848888,0.476190476,,,,,,,,,,,,,,,,,,,,,,,,,,,,,,,,,,,,,,,,,,,,,,,,,,,,,,,,,,,,
decision,1890680,417.9,65.0,,20.0,,49,,,,,,,,,175318,5,1,FALSE,,,,,,,,,,,,,,,,,,,,,,,,,,,,,,,,,,,,,,,,,,,,,,,,,,,,,,,,
dig,1892281,,,,,[],49,,,,,,,,,,,,,,,,,,,,,,,,,,,,,,,,,,,,,,,,,,,,,,,,,,,,,,,,,,,,,,,,,,,,
harvest,1893785,,,,10.0,,49,,,,,,20,0.499585118,0.5,,,,,,,,,,,,,,,,,,,,,,,,,,,,,,,,,,,,,,,,,,,,,,,,,,,,,,,,,,,,
decision,1894332,543.3,76.0,,10.0,,49,,,,,,,,,178970,5,2,TRUE,,,,,,,,,,,,,,,,,,,,,,,,,,,,,,,,,,,,,,,,,,,,,,,,,,,,,,,,
travel,1903810,,,,,[],49,,,,,,,,,,,,,,,,,,,,,,,,,,,,,,,,,,,,,,,,,,,,,,,,,,,,,,,,,,,,,,,,,,,,
alien_welcome,1908814,,,,,,,,,,29,74,104,51,13,77,111,60,65,30.0,99.0,84.0,28.0,9.0,91.0,47.0,71.0,89.0,61.0,55.0,25.0,41.0,3.0,53.0,58.0,88.0,44.0,87.0,11.0,114.0,26.0,82.0,67.0,4.0,50.0,63.0,54.0,49.0,17.0,15.0,18.0,35.0,76.0,116.0,34.0,108.0,69.0,78.0,27.0,113.0,102.0,70.0,43.0,112.0,86.0,107.0,105.0,22.0,115.0,52.0,59.0,8.0,75.0,85.0,19.0
land,1909319,,,,96.0,,50,,,,,,,,,,,,,,,,,,,,,,,,,,,,,,,,,,,,,,,,,,,,,,,,,,,,,,,,,,,,,,,,,,,,
dig,1911325,,,,,[],50,,,,,,,,,,,,,,,,,,,,,,,,,,,,,,,,,,,,,,,,,,,,,,,,,,,,,,,,,,,,,,,,,,,,
harvest,1912829,,,,52.0,,50,,,,,,96,0.541835895,0.541666667,,,,,,,,,,,,,,,,,,,,,,,,,,,,,,,,,,,,,,,,,,,,,,,,,,,,,,,,,,,,
decision,1913251,420.4,65.0,,52.0,,50,,,,,,,,,197890,5,0,FALSE,,,,,,,,,,,,,,,,,,,,,,,,,,,,,,,,,,,,,,,,,,,,,,,,,,,,,,,,
dig,1914848,,,,,[],50,,,,,,,,,,,,,,,,,,,,,,,,,,,,,,,,,,,,,,,,,,,,,,,,,,,,,,,,,,,,,,,,,,,,
harvest,1916358,,,,26.0,,50,,,,,,52,0.507370807,0.5,,,,,,,,,,,,,,,,,,,,,,,,,,,,,,,,,,,,,,,,,,,,,,,,,,,,,,,,,,,,
decision,1916649,288.3,65.0,,26.0,,50,,,,,,,,,201287,5,1,FALSE,,,,,,,,,,,,,,,,,,,,,,,,,,,,,,,,,,,,,,,,,,,,,,,,,,,,,,,,
dig,1918376,,,,,[],50,,,,,,,,,,,,,,,,,,,,,,,,,,,,,,,,,,,,,,,,,,,,,,,,,,,,,,,,,,,,,,,,,,,,
harvest,1919880,,,,14.0,,50,,,,,,26,0.533813893,0.538461538,,,,,,,,,,,,,,,,,,,,,,,,,,,,,,,,,,,,,,,,,,,,,,,,,,,,,,,,,,,,
decision,1920292,408.9,76.0,,14.0,,50,,,,,,,,,204929,5,2,TRUE,,,,,,,,,,,,,,,,,,,,,,,,,,,,,,,,,,,,,,,,,,,,,,,,,,,,,,,,
travel,1929893,,,,,[],50,,,,,,,,,,,,,,,,,,,,,,,,,,,,,,,,,,,,,,,,,,,,,,,,,,,,,,,,,,,,,,,,,,,,
alien_welcome,1934897,,,,,,,,,,1,74,104,51,13,77,111,60,65,30.0,99.0,84.0,28.0,9.0,91.0,47.0,71.0,89.0,61.0,55.0,25.0,41.0,3.0,53.0,58.0,88.0,44.0,87.0,11.0,114.0,26.0,82.0,67.0,4.0,50.0,63.0,54.0,49.0,17.0,15.0,18.0,35.0,76.0,116.0,34.0,108.0,69.0,78.0,27.0,113.0,102.0,70.0,43.0,112.0,86.0,107.0,105.0,22.0,115.0,52.0,59.0,8.0,75.0,85.0,19.0
land,1935401,,,,103.0,,51,,,,,,,,,,,,,,,,,,,,,,,,,,,,,,,,,,,,,,,,,,,,,,,,,,,,,,,,,,,,,,,,,,,,
dig,1937408,,,,,[],51,,,,,,,,,,,,,,,,,,,,,,,,,,,,,,,,,,,,,,,,,,,,,,,,,,,,,,,,,,,,,,,,,,,,
harvest,1938911,,,,51.0,,51,,,,,,103,0.497938162,0.495145631,,,,,,,,,,,,,,,,,,,,,,,,,,,,,,,,,,,,,,,,,,,,,,,,,,,,,,,,,,,,
decision,1939176,261.9,65.0,,51.0,,51,,,,,,,,,223814,5,0,FALSE,,,,,,,,,,,,,,,,,,,,,,,,,,,,,,,,,,,,,,,,,,,,,,,,,,,,,,,,
dig,1940930,,,,,[],51,,,,,,,,,,,,,,,,,,,,,,,,,,,,,,,,,,,,,,,,,,,,,,,,,,,,,,,,,,,,,,,,,,,,
harvest,1942435,,,,24.0,,51,,,,,,51,0.475667168,0.470588235,,,,,,,,,,,,,,,,,,,,,,,,,,,,,,,,,,,,,,,,,,,,,,,,,,,,,,,,,,,,
decision,1942746,309.1,65.0,,24.0,,51,,,,,,,,,227384,5,1,FALSE,,,,,,,,,,,,,,,,,,,,,,,,,,,,,,,,,,,,,,,,,,,,,,,,,,,,,,,,
dig,1944452,,,,,[],51,,,,,,,,,,,,,,,,,,,,,,,,,,,,,,,,,,,,,,,,,,,,,,,,,,,,,,,,,,,,,,,,,,,,
harvest,1945957,,,,12.0,,51,,,,,,24,0.499286422,0.5,,,,,,,,,,,,,,,,,,,,,,,,,,,,,,,,,,,,,,,,,,,,,,,,,,,,,,,,,,,,
decision,1946455,495.1,76.0,,12.0,,51,,,,,,,,,231093,5,2,TRUE,,,,,,,,,,,,,,,,,,,,,,,,,,,,,,,,,,,,,,,,,,,,,,,,,,,,,,,,
travel,1955979,,,,,[],51,,,,,,,,,,,,,,,,,,,,,,,,,,,,,,,,,,,,,,,,,,,,,,,,,,,,,,,,,,,,,,,,,,,,
alien_welcome,1960982,,,,,,,,,,31,74,104,51,13,77,111,60,65,30.0,99.0,84.0,28.0,9.0,91.0,47.0,71.0,89.0,61.0,55.0,25.0,41.0,3.0,53.0,58.0,88.0,44.0,87.0,11.0,114.0,26.0,82.0,67.0,4.0,50.0,63.0,54.0,49.0,17.0,15.0,18.0,35.0,76.0,116.0,34.0,108.0,69.0,78.0,27.0,113.0,102.0,70.0,43.0,112.0,86.0,107.0,105.0,22.0,115.0,52.0,59.0,8.0,75.0,85.0,19.0
land,1961486,,,,106.0,,52,,,,,,,,,,,,,,,,,,,,,,,,,,,,,,,,,,,,,,,,,,,,,,,,,,,,,,,,,,,,,,,,,,,,
dig,1963493,,,,,[],52,,,,,,,,,,,,,,,,,,,,,,,,,,,,,,,,,,,,,,,,,,,,,,,,,,,,,,,,,,,,,,,,,,,,
harvest,1964997,,,,60.0,,52,,,,,,106,0.563633274,0.566037736,,,,,,,,,,,,,,,,,,,,,,,,,,,,,,,,,,,,,,,,,,,,,,,,,,,,,,,,,,,,
decision,1965677,676.8,65.0,,60.0,,52,,,,,,,,,250315,5,0,FALSE,,,,,,,,,,,,,,,,,,,,,,,,,,,,,,,,,,,,,,,,,,,,,,,,,,,,,,,,
dig,1967017,,,,,[],52,,,,,,,,,,,,,,,,,,,,,,,,,,,,,,,,,,,,,,,,,,,,,,,,,,,,,,,,,,,,,,,,,,,,
harvest,1968523,,,,30.0,,52,,,,,,60,0.498919337,0.5,,,,,,,,,,,,,,,,,,,,,,,,,,,,,,,,,,,,,,,,,,,,,,,,,,,,,,,,,,,,
decision,1968990,463.8,65.0,,30.0,,52,,,,,,,,,253627,5,1,FALSE,,,,,,,,,,,,,,,,,,,,,,,,,,,,,,,,,,,,,,,,,,,,,,,,,,,,,,,,
dig,1970541,,,,,[],52,,,,,,,,,,,,,,,,,,,,,,,,,,,,,,,,,,,,,,,,,,,,,,,,,,,,,,,,,,,,,,,,,,,,
harvest,1972045,,,,14.0,,52,,,,,,30,0.48163516,0.466666667,,,,,,,,,,,,,,,,,,,,,,,,,,,,,,,,,,,,,,,,,,,,,,,,,,,,,,,,,,,,
decision,1972436,389.2,76.0,,14.0,,52,,,,,,,,,257076,5,2,TRUE,,,,,,,,,,,,,,,,,,,,,,,,,,,,,,,,,,,,,,,,,,,,,,,,,,,,,,,,
travel,1982058,,,,,[],52,,,,,,,,,,,,,,,,,,,,,,,,,,,,,,,,,,,,,,,,,,,,,,,,,,,,,,,,,,,,,,,,,,,,
alien_welcome,1987063,,,,,,,,,,66,74,104,51,13,77,111,60,65,30.0,99.0,84.0,28.0,9.0,91.0,47.0,71.0,89.0,61.0,55.0,25.0,41.0,3.0,53.0,58.0,88.0,44.0,87.0,11.0,114.0,26.0,82.0,67.0,4.0,50.0,63.0,54.0,49.0,17.0,15.0,18.0,35.0,76.0,116.0,34.0,108.0,69.0,78.0,27.0,113.0,102.0,70.0,43.0,112.0,86.0,107.0,105.0,22.0,115.0,52.0,59.0,8.0,75.0,85.0,19.0
land,1987568,,,,106.0,,53,,,,,,,,,,,,,,,,,,,,,,,,,,,,,,,,,,,,,,,,,,,,,,,,,,,,,,,,,,,,,,,,,,,,
dig,1989573,,,,,[],53,,,,,,,,,,,,,,,,,,,,,,,,,,,,,,,,,,,,,,,,,,,,,,,,,,,,,,,,,,,,,,,,,,,,
harvest,1991083,,,,57.0,,53,,,,,,106,0.537275772,0.537735849,,,,,,,,,,,,,,,,,,,,,,,,,,,,,,,,,,,,,,,,,,,,,,,,,,,,,,,,,,,,
decision,1993034,1946.9,65.0,,57.0,,53,,,,,,,,,277672,5,0,FALSE,,,,,,,,,,,,,,,,,,,,,,,,,,,,,,,,,,,,,,,,,,,,,,,,,,,,,,,,
dig,1993119,,,,,[],53,,,,,,,,,,,,,,,,,,,,,,,,,,,,,,,,,,,,,,,,,,,,,,,,,,,,,,,,,,,,,,,,,,,,
harvest,1994622,,,,24.0,,53,,,,,,57,0.418898649,0.421052632,,,,,,,,,,,,,,,,,,,,,,,,,,,,,,,,,,,,,,,,,,,,,,,,,,,,,,,,,,,,
decision,1995167,541.9,65.0,,24.0,,53,,,,,,,,,279805,5,1,FALSE,,,,,,,,,,,,,,,,,,,,,,,,,,,,,,,,,,,,,,,,,,,,,,,,,,,,,,,,
dig,1996642,,,,,[],53,,,,,,,,,,,,,,,,,,,,,,,,,,,,,,,,,,,,,,,,,,,,,,,,,,,,,,,,,,,,,,,,,,,,
harvest,1998146,,,,12.0,,53,,,,,,24,0.503026534,0.5,,,,,,,,,,,,,,,,,,,,,,,,,,,,,,,,,,,,,,,,,,,,,,,,,,,,,,,,,,,,
decision,1998600,451.4,76.0,,12.0,,53,,,,,,,,,283237,5,2,TRUE,,,,,,,,,,,,,,,,,,,,,,,,,,,,,,,,,,,,,,,,,,,,,,,,,,,,,,,,
travel,2008156,,,,,[],53,,,,,,,,,,,,,,,,,,,,,,,,,,,,,,,,,,,,,,,,,,,,,,,,,,,,,,,,,,,,,,,,,,,,
alien_welcome,2013167,,,,,,,,,,97,74,104,51,13,77,111,60,65,30.0,99.0,84.0,28.0,9.0,91.0,47.0,71.0,89.0,61.0,55.0,25.0,41.0,3.0,53.0,58.0,88.0,44.0,87.0,11.0,114.0,26.0,82.0,67.0,4.0,50.0,63.0,54.0,49.0,17.0,15.0,18.0,35.0,76.0,116.0,34.0,108.0,69.0,78.0,27.0,113.0,102.0,70.0,43.0,112.0,86.0,107.0,105.0,22.0,115.0,52.0,59.0,8.0,75.0,85.0,19.0
land,2013674,,,,101.0,,54,,,,,,,,,,,,,,,,,,,,,,,,,,,,,,,,,,,,,,,,,,,,,,,,,,,,,,,,,,,,,,,,,,,,
dig,2015682,,,,,[],54,,,,,,,,,,,,,,,,,,,,,,,,,,,,,,,,,,,,,,,,,,,,,,,,,,,,,,,,,,,,,,,,,,,,
harvest,2017186,,,,58.0,,54,,,,,,101,0.573778071,0.574257426,,,,,,,,,,,,,,,,,,,,,,,,,,,,,,,,,,,,,,,,,,,,,,,,,,,,,,,,,,,,
decision,2017786,594.6,65.0,,58.0,,54,,,,,,,,,302423,5,0,FALSE,,,,,,,,,,,,,,,,,,,,,,,,,,,,,,,,,,,,,,,,,,,,,,,,,,,,,,,,
dig,2019206,,,,,[],54,,,,,,,,,,,,,,,,,,,,,,,,,,,,,,,,,,,,,,,,,,,,,,,,,,,,,,,,,,,,,,,,,,,,
harvest,2020710,,,,28.0,,54,,,,,,58,0.485460193,0.482758621,,,,,,,,,,,,,,,,,,,,,,,,,,,,,,,,,,,,,,,,,,,,,,,,,,,,,,,,,,,,
decision,2021173,459.9,65.0,,28.0,,54,,,,,,,,,305811,5,1,FALSE,,,,,,,,,,,,,,,,,,,,,,,,,,,,,,,,,,,,,,,,,,,,,,,,,,,,,,,,
dig,2022731,,,,,[],54,,,,,,,,,,,,,,,,,,,,,,,,,,,,,,,,,,,,,,,,,,,,,,,,,,,,,,,,,,,,,,,,,,,,
harvest,2024235,,,,14.0,,54,,,,,,28,0.517651155,0.5,,,,,,,,,,,,,,,,,,,,,,,,,,,,,,,,,,,,,,,,,,,,,,,,,,,,,,,,,,,,
decision,2024705,466.7,76.0,,14.0,,54,,,,,,,,,309343,5,2,TRUE,,,,,,,,,,,,,,,,,,,,,,,,,,,,,,,,,,,,,,,,,,,,,,,,,,,,,,,,
travel,2034264,,,,,[],54,,,,,,,,,,,,,,,,,,,,,,,,,,,,,,,,,,,,,,,,,,,,,,,,,,,,,,,,,,,,,,,,,,,,
alien_welcome,2039268,,,,,,,,,,118,74,104,51,13,77,111,60,65,30.0,99.0,84.0,28.0,9.0,91.0,47.0,71.0,89.0,61.0,55.0,25.0,41.0,3.0,53.0,58.0,88.0,44.0,87.0,11.0,114.0,26.0,82.0,67.0,4.0,50.0,63.0,54.0,49.0,17.0,15.0,18.0,35.0,76.0,116.0,34.0,108.0,69.0,78.0,27.0,113.0,102.0,70.0,43.0,112.0,86.0,107.0,105.0,22.0,115.0,52.0,59.0,8.0,75.0,85.0,19.0
land,2039772,,,,105.0,,55,,,,,,,,,,,,,,,,,,,,,,,,,,,,,,,,,,,,,,,,,,,,,,,,,,,,,,,,,,,,,,,,,,,,
dig,2041779,,,,,[],55,,,,,,,,,,,,,,,,,,,,,,,,,,,,,,,,,,,,,,,,,,,,,,,,,,,,,,,,,,,,,,,,,,,,
harvest,2043284,,,,65.0,,55,,,,,,105,0.623740645,0.619047619,,,,,,,,,,,,,,,,,,,,,,,,,,,,,,,,,,,,,,,,,,,,,,,,,,,,,,,,,,,,
decision,2043676,389.4,65.0,,65.0,,55,,,,,,,,,328313,5,0,FALSE,,,,,,,,,,,,,,,,,,,,,,,,,,,,,,,,,,,,,,,,,,,,,,,,,,,,,,,,
dig,2045302,,,,,[],55,,,,,,,,,,,,,,,,,,,,,,,,,,,,,,,,,,,,,,,,,,,,,,,,,,,,,,,,,,,,,,,,,,,,
harvest,2046809,,,,36.0,,55,,,,,,65,0.557070067,0.553846154,,,,,,,,,,,,,,,,,,,,,,,,,,,,,,,,,,,,,,,,,,,,,,,,,,,,,,,,,,,,
decision,2047442,630.0,65.0,,36.0,,55,,,,,,,,,332080,5,1,FALSE,,,,,,,,,,,,,,,,,,,,,,,,,,,,,,,,,,,,,,,,,,,,,,,,,,,,,,,,
dig,2048830,,,,,[],55,,,,,,,,,,,,,,,,,,,,,,,,,,,,,,,,,,,,,,,,,,,,,,,,,,,,,,,,,,,,,,,,,,,,
harvest,2050334,,,,23.0,,55,,,,,,36,0.635614341,0.638888889,,,,,,,,,,,,,,,,,,,,,,,,,,,,,,,,,,,,,,,,,,,,,,,,,,,,,,,,,,,,
decision,2050642,305.8,76.0,,23.0,,55,,,,,,,,,335279,5,2,TRUE,,,,,,,,,,,,,,,,,,,,,,,,,,,,,,,,,,,,,,,,,,,,,,,,,,,,,,,,
travel,2060352,,,,,[],55,,,,,,,,,,,,,,,,,,,,,,,,,,,,,,,,,,,,,,,,,,,,,,,,,,,,,,,,,,,,,,,,,,,,
alien_welcome,2065357,,,,,,,,,,37,74,104,51,13,77,111,60,65,30.0,99.0,84.0,28.0,9.0,91.0,47.0,71.0,89.0,61.0,55.0,25.0,41.0,3.0,53.0,58.0,88.0,44.0,87.0,11.0,114.0,26.0,82.0,67.0,4.0,50.0,63.0,54.0,49.0,17.0,15.0,18.0,35.0,76.0,116.0,34.0,108.0,69.0,78.0,27.0,113.0,102.0,70.0,43.0,112.0,86.0,107.0,105.0,22.0,115.0,52.0,59.0,8.0,75.0,85.0,19.0
land,2065863,,,,95.0,,56,,,,,,,,,,,,,,,,,,,,,,,,,,,,,,,,,,,,,,,,,,,,,,,,,,,,,,,,,,,,,,,,,,,,
dig,2067870,,,,,[],56,,,,,,,,,,,,,,,,,,,,,,,,,,,,,,,,,,,,,,,,,,,,,,,,,,,,,,,,,,,,,,,,,,,,
harvest,2069375,,,,54.0,,56,,,,,,95,0.570592834,0.568421053,,,,,,,,,,,,,,,,,,,,,,,,,,,,,,,,,,,,,,,,,,,,,,,,,,,,,,,,,,,,
decision,2069827,448.8,65.0,,54.0,,56,,,,,,,,,354464,5,0,FALSE,,,,,,,,,,,,,,,,,,,,,,,,,,,,,,,,,,,,,,,,,,,,,,,,,,,,,,,,
dig,2071399,,,,,[],56,,,,,,,,,,,,,,,,,,,,,,,,,,,,,,,,,,,,,,,,,,,,,,,,,,,,,,,,,,,,,,,,,,,,
harvest,2072904,,,,27.0,,56,,,,,,54,0.504046845,0.5,,,,,,,,,,,,,,,,,,,,,,,,,,,,,,,,,,,,,,,,,,,,,,,,,,,,,,,,,,,,
decision,2073281,373.4,65.0,,27.0,,56,,,,,,,,,357918,5,1,FALSE,,,,,,,,,,,,,,,,,,,,,,,,,,,,,,,,,,,,,,,,,,,,,,,,,,,,,,,,
dig,2074925,,,,,[],56,,,,,,,,,,,,,,,,,,,,,,,,,,,,,,,,,,,,,,,,,,,,,,,,,,,,,,,,,,,,,,,,,,,,
harvest,2076429,,,,13.0,,56,,,,,,27,0.493385701,0.481481481,,,,,,,,,,,,,,,,,,,,,,,,,,,,,,,,,,,,,,,,,,,,,,,,,,,,,,,,,,,,
decision,2076807,375.4,76.0,,13.0,,56,,,,,,,,,361444,5,2,TRUE,,,,,,,,,,,,,,,,,,,,,,,,,,,,,,,,,,,,,,,,,,,,,,,,,,,,,,,,
catch,2079118,2295.6,90.0,,13.0,,,,,,,,,,,,,,,,,,,,,,,,,,,,,,,,,,,,,,,,,,,,,,,,,,,,,,,,,,,,,,,,,,,,,,
debrief,2215591,136466.4,,,,{planet_threshold:yes,planet_threshold_desc:I used it mostly throughout the game.  ,dig_threshold:yes,dig_threshold_desc:Yes.   If the drop was dramatic I would leave, otherwise I would stay until the number of gems was in the 20's ,surprise:yes,surprise_desc:I used this almost every time ,dynamic:yes,dynamic_desc:Yes, Some planets had more gems that other and the supply depleted more quickly on others ,other:no,other_desc:,feedback:none},,,,,,,,,,,,,,,,,,,,,,,,,,,,,,,,,,,,,,,,,,,,,,,,,,,,,,,,,
demo,2222500,6876.1,,,,{age:59,gender:male},,,,,,,,,,,,,,,,,,,,,,,,,,,,,,,,,,,,,,,,,,,,,,,,,,,,,,,,,,,,,,,,,,,,
end_of_exp,2256522,34018.2,32.0,,,,,,,,,,,,,,,,,3.0,0.0,,,,,,,,,,,,,,,,,,,,,,,,,,,,,,,,,,,,,,,,,,,,,,,,,,,,,,
