field,old_value,new_value,status,file,sub_num
a_,1.083984375,6.083984375,updated,C:\Users\zyfxl\OneDrive - UC Irvine\UCI\CCNL Lab\Foraging Task Overview\foraging_MQLP-main\foraging_MQLP-main\model\model_parameter_recovery_clean_version\generate sim data with free alpha range\fit_params\adaptive_discount_all_sim\sub1.jld,1
b_,-1.46484375,-1.46484375,updated,C:\Users\zyfxl\OneDrive - UC Irvine\UCI\CCNL Lab\Foraging Task Overview\foraging_MQLP-main\foraging_MQLP-main\model\model_parameter_recovery_clean_version\generate sim data with free alpha range\fit_params\adaptive_discount_all_sim\sub1.jld,1
c_,1.669921875,1.669921875,updated,C:\Users\zyfxl\OneDrive - UC Irvine\UCI\CCNL Lab\Foraging Task Overview\foraging_MQLP-main\foraging_MQLP-main\model\model_parameter_recovery_clean_version\generate sim data with free alpha range\fit_params\adaptive_discount_all_sim\sub1.jld,1
a_,1.77734375,3.77734375,updated,C:\Users\zyfxl\OneDrive - UC Irvine\UCI\CCNL Lab\Foraging Task Overview\foraging_MQLP-main\foraging_MQLP-main\model\model_parameter_recovery_clean_version\generate sim data with free alpha range\fit_params\adaptive_discount_all_sim\sub10.jld,10
b_,2.1484375,2.1484375,updated,C:\Users\zyfxl\OneDrive - UC Irvine\UCI\CCNL Lab\Foraging Task Overview\foraging_MQLP-main\foraging_MQLP-main\model\model_parameter_recovery_clean_version\generate sim data with free alpha range\fit_params\adaptive_discount_all_sim\sub10.jld,10
c_,-0.15234375,-0.15234375,updated,C:\Users\zyfxl\OneDrive - UC Irvine\UCI\CCNL Lab\Foraging Task Overview\foraging_MQLP-main\foraging_MQLP-main\model\model_parameter_recovery_clean_version\generate sim data with free alpha range\fit_params\adaptive_discount_all_sim\sub10.jld,10
a_,7.9541015625,7.954101563,updated,C:\Users\zyfxl\OneDrive - UC Irvine\UCI\CCNL Lab\Foraging Task Overview\foraging_MQLP-main\foraging_MQLP-main\model\model_parameter_recovery_clean_version\generate sim data with free alpha range\fit_params\adaptive_discount_all_sim\sub100.jld,100
b_,4.775390625,4.775390625,updated,C:\Users\zyfxl\OneDrive - UC Irvine\UCI\CCNL Lab\Foraging Task Overview\foraging_MQLP-main\foraging_MQLP-main\model\model_parameter_recovery_clean_version\generate sim data with free alpha range\fit_params\adaptive_discount_all_sim\sub100.jld,100
c_,-0.6123046875,-0.612304688,updated,C:\Users\zyfxl\OneDrive - UC Irvine\UCI\CCNL Lab\Foraging Task Overview\foraging_MQLP-main\foraging_MQLP-main\model\model_parameter_recovery_clean_version\generate sim data with free alpha range\fit_params\adaptive_discount_all_sim\sub100.jld,100
a_,0.08544921875,0.085449219,updated,C:\Users\zyfxl\OneDrive - UC Irvine\UCI\CCNL Lab\Foraging Task Overview\foraging_MQLP-main\foraging_MQLP-main\model\model_parameter_recovery_clean_version\generate sim data with free alpha range\fit_params\adaptive_discount_all_sim\sub101.jld,101
b_,9.5556640625,9.555664063,updated,C:\Users\zyfxl\OneDrive - UC Irvine\UCI\CCNL Lab\Foraging Task Overview\foraging_MQLP-main\foraging_MQLP-main\model\model_parameter_recovery_clean_version\generate sim data with free alpha range\fit_params\adaptive_discount_all_sim\sub101.jld,101
c_,-1.73583984375,-1.735839844,updated,C:\Users\zyfxl\OneDrive - UC Irvine\UCI\CCNL Lab\Foraging Task Overview\foraging_MQLP-main\foraging_MQLP-main\model\model_parameter_recovery_clean_version\generate sim data with free alpha range\fit_params\adaptive_discount_all_sim\sub101.jld,101
a_,8.28125,8.28125,updated,C:\Users\zyfxl\OneDrive - UC Irvine\UCI\CCNL Lab\Foraging Task Overview\foraging_MQLP-main\foraging_MQLP-main\model\model_parameter_recovery_clean_version\generate sim data with free alpha range\fit_params\adaptive_discount_all_sim\sub102.jld,102
b_,-0.3125,-0.3125,updated,C:\Users\zyfxl\OneDrive - UC Irvine\UCI\CCNL Lab\Foraging Task Overview\foraging_MQLP-main\foraging_MQLP-main\model\model_parameter_recovery_clean_version\generate sim data with free alpha range\fit_params\adaptive_discount_all_sim\sub102.jld,102
c_,0.28125,0.28125,updated,C:\Users\zyfxl\OneDrive - UC Irvine\UCI\CCNL Lab\Foraging Task Overview\foraging_MQLP-main\foraging_MQLP-main\model\model_parameter_recovery_clean_version\generate sim data with free alpha range\fit_params\adaptive_discount_all_sim\sub102.jld,102
a_,2.50732421875,2.507324219,updated,C:\Users\zyfxl\OneDrive - UC Irvine\UCI\CCNL Lab\Foraging Task Overview\foraging_MQLP-main\foraging_MQLP-main\model\model_parameter_recovery_clean_version\generate sim data with free alpha range\fit_params\adaptive_discount_all_sim\sub103.jld,103
b_,1.2744140625,1.274414063,updated,C:\Users\zyfxl\OneDrive - UC Irvine\UCI\CCNL Lab\Foraging Task Overview\foraging_MQLP-main\foraging_MQLP-main\model\model_parameter_recovery_clean_version\generate sim data with free alpha range\fit_params\adaptive_discount_all_sim\sub103.jld,103
c_,-0.09521484375,-0.095214844,updated,C:\Users\zyfxl\OneDrive - UC Irvine\UCI\CCNL Lab\Foraging Task Overview\foraging_MQLP-main\foraging_MQLP-main\model\model_parameter_recovery_clean_version\generate sim data with free alpha range\fit_params\adaptive_discount_all_sim\sub103.jld,103
a_,2.91015625,6.91015625,updated,C:\Users\zyfxl\OneDrive - UC Irvine\UCI\CCNL Lab\Foraging Task Overview\foraging_MQLP-main\foraging_MQLP-main\model\model_parameter_recovery_clean_version\generate sim data with free alpha range\fit_params\adaptive_discount_all_sim\sub104.jld,104
b_,-2.3046875,-2.3046875,updated,C:\Users\zyfxl\OneDrive - UC Irvine\UCI\CCNL Lab\Foraging Task Overview\foraging_MQLP-main\foraging_MQLP-main\model\model_parameter_recovery_clean_version\generate sim data with free alpha range\fit_params\adaptive_discount_all_sim\sub104.jld,104
c_,1.83984375,1.83984375,updated,C:\Users\zyfxl\OneDrive - UC Irvine\UCI\CCNL Lab\Foraging Task Overview\foraging_MQLP-main\foraging_MQLP-main\model\model_parameter_recovery_clean_version\generate sim data with free alpha range\fit_params\adaptive_discount_all_sim\sub104.jld,104
a_,3.83544921875,3.835449219,updated,C:\Users\zyfxl\OneDrive - UC Irvine\UCI\CCNL Lab\Foraging Task Overview\foraging_MQLP-main\foraging_MQLP-main\model\model_parameter_recovery_clean_version\generate sim data with free alpha range\fit_params\adaptive_discount_all_sim\sub105.jld,105
b_,2.0556640625,2.055664063,updated,C:\Users\zyfxl\OneDrive - UC Irvine\UCI\CCNL Lab\Foraging Task Overview\foraging_MQLP-main\foraging_MQLP-main\model\model_parameter_recovery_clean_version\generate sim data with free alpha range\fit_params\adaptive_discount_all_sim\sub105.jld,105
c_,0.51416015625,0.514160156,updated,C:\Users\zyfxl\OneDrive - UC Irvine\UCI\CCNL Lab\Foraging Task Overview\foraging_MQLP-main\foraging_MQLP-main\model\model_parameter_recovery_clean_version\generate sim data with free alpha range\fit_params\adaptive_discount_all_sim\sub105.jld,105
a_,1.0107421875,1.010742188,updated,C:\Users\zyfxl\OneDrive - UC Irvine\UCI\CCNL Lab\Foraging Task Overview\foraging_MQLP-main\foraging_MQLP-main\model\model_parameter_recovery_clean_version\generate sim data with free alpha range\fit_params\adaptive_discount_all_sim\sub106.jld,106
b_,-1.884765625,-1.884765625,updated,C:\Users\zyfxl\OneDrive - UC Irvine\UCI\CCNL Lab\Foraging Task Overview\foraging_MQLP-main\foraging_MQLP-main\model\model_parameter_recovery_clean_version\generate sim data with free alpha range\fit_params\adaptive_discount_all_sim\sub106.jld,106
c_,0.9169921875,0.916992188,updated,C:\Users\zyfxl\OneDrive - UC Irvine\UCI\CCNL Lab\Foraging Task Overview\foraging_MQLP-main\foraging_MQLP-main\model\model_parameter_recovery_clean_version\generate sim data with free alpha range\fit_params\adaptive_discount_all_sim\sub106.jld,106
a_,4.79248046875,4.792480469,updated,C:\Users\zyfxl\OneDrive - UC Irvine\UCI\CCNL Lab\Foraging Task Overview\foraging_MQLP-main\foraging_MQLP-main\model\model_parameter_recovery_clean_version\generate sim data with free alpha range\fit_params\adaptive_discount_all_sim\sub107.jld,107
b_,-2.2802734375,-2.280273438,updated,C:\Users\zyfxl\OneDrive - UC Irvine\UCI\CCNL Lab\Foraging Task Overview\foraging_MQLP-main\foraging_MQLP-main\model\model_parameter_recovery_clean_version\generate sim data with free alpha range\fit_params\adaptive_discount_all_sim\sub107.jld,107
c_,0.12744140625,0.127441406,updated,C:\Users\zyfxl\OneDrive - UC Irvine\UCI\CCNL Lab\Foraging Task Overview\foraging_MQLP-main\foraging_MQLP-main\model\model_parameter_recovery_clean_version\generate sim data with free alpha range\fit_params\adaptive_discount_all_sim\sub107.jld,107
a_,7.1728515625,7.172851563,updated,C:\Users\zyfxl\OneDrive - UC Irvine\UCI\CCNL Lab\Foraging Task Overview\foraging_MQLP-main\foraging_MQLP-main\model\model_parameter_recovery_clean_version\generate sim data with free alpha range\fit_params\adaptive_discount_all_sim\sub108.jld,108
b_,-1.787109375,-1.787109375,updated,C:\Users\zyfxl\OneDrive - UC Irvine\UCI\CCNL Lab\Foraging Task Overview\foraging_MQLP-main\foraging_MQLP-main\model\model_parameter_recovery_clean_version\generate sim data with free alpha range\fit_params\adaptive_discount_all_sim\sub108.jld,108
c_,2.2939453125,2.293945313,updated,C:\Users\zyfxl\OneDrive - UC Irvine\UCI\CCNL Lab\Foraging Task Overview\foraging_MQLP-main\foraging_MQLP-main\model\model_parameter_recovery_clean_version\generate sim data with free alpha range\fit_params\adaptive_discount_all_sim\sub108.jld,108
a_,8.5888671875,8.588867188,updated,C:\Users\zyfxl\OneDrive - UC Irvine\UCI\CCNL Lab\Foraging Task Overview\foraging_MQLP-main\foraging_MQLP-main\model\model_parameter_recovery_clean_version\generate sim data with free alpha range\fit_params\adaptive_discount_all_sim\sub109.jld,109
b_,1.083984375,1.083984375,updated,C:\Users\zyfxl\OneDrive - UC Irvine\UCI\CCNL Lab\Foraging Task Overview\foraging_MQLP-main\foraging_MQLP-main\model\model_parameter_recovery_clean_version\generate sim data with free alpha range\fit_params\adaptive_discount_all_sim\sub109.jld,109
c_,-0.5361328125,-0.536132813,updated,C:\Users\zyfxl\OneDrive - UC Irvine\UCI\CCNL Lab\Foraging Task Overview\foraging_MQLP-main\foraging_MQLP-main\model\model_parameter_recovery_clean_version\generate sim data with free alpha range\fit_params\adaptive_discount_all_sim\sub109.jld,109
a_,3.66943359375,3.669433594,updated,C:\Users\zyfxl\OneDrive - UC Irvine\UCI\CCNL Lab\Foraging Task Overview\foraging_MQLP-main\foraging_MQLP-main\model\model_parameter_recovery_clean_version\generate sim data with free alpha range\fit_params\adaptive_discount_all_sim\sub11.jld,11
b_,2.1142578125,2.114257813,updated,C:\Users\zyfxl\OneDrive - UC Irvine\UCI\CCNL Lab\Foraging Task Overview\foraging_MQLP-main\foraging_MQLP-main\model\model_parameter_recovery_clean_version\generate sim data with free alpha range\fit_params\adaptive_discount_all_sim\sub11.jld,11
c_,-0.40576171875,-0.405761719,updated,C:\Users\zyfxl\OneDrive - UC Irvine\UCI\CCNL Lab\Foraging Task Overview\foraging_MQLP-main\foraging_MQLP-main\model\model_parameter_recovery_clean_version\generate sim data with free alpha range\fit_params\adaptive_discount_all_sim\sub11.jld,11
a_,0.39794921875,0.397949219,updated,C:\Users\zyfxl\OneDrive - UC Irvine\UCI\CCNL Lab\Foraging Task Overview\foraging_MQLP-main\foraging_MQLP-main\model\model_parameter_recovery_clean_version\generate sim data with free alpha range\fit_params\adaptive_discount_all_sim\sub110.jld,110
b_,-1.0693359375,-1.069335938,updated,C:\Users\zyfxl\OneDrive - UC Irvine\UCI\CCNL Lab\Foraging Task Overview\foraging_MQLP-main\foraging_MQLP-main\model\model_parameter_recovery_clean_version\generate sim data with free alpha range\fit_params\adaptive_discount_all_sim\sub110.jld,110
c_,2.20166015625,2.201660156,updated,C:\Users\zyfxl\OneDrive - UC Irvine\UCI\CCNL Lab\Foraging Task Overview\foraging_MQLP-main\foraging_MQLP-main\model\model_parameter_recovery_clean_version\generate sim data with free alpha range\fit_params\adaptive_discount_all_sim\sub110.jld,110
a_,9.35302734375,9.353027344,updated,C:\Users\zyfxl\OneDrive - UC Irvine\UCI\CCNL Lab\Foraging Task Overview\foraging_MQLP-main\foraging_MQLP-main\model\model_parameter_recovery_clean_version\generate sim data with free alpha range\fit_params\adaptive_discount_all_sim\sub111.jld,111
b_,-2.3779296875,-2.377929688,updated,C:\Users\zyfxl\OneDrive - UC Irvine\UCI\CCNL Lab\Foraging Task Overview\foraging_MQLP-main\foraging_MQLP-main\model\model_parameter_recovery_clean_version\generate sim data with free alpha range\fit_params\adaptive_discount_all_sim\sub111.jld,111
c_,2.81689453125,2.816894531,updated,C:\Users\zyfxl\OneDrive - UC Irvine\UCI\CCNL Lab\Foraging Task Overview\foraging_MQLP-main\foraging_MQLP-main\model\model_parameter_recovery_clean_version\generate sim data with free alpha range\fit_params\adaptive_discount_all_sim\sub111.jld,111
a_,6.865234375,6.865234375,updated,C:\Users\zyfxl\OneDrive - UC Irvine\UCI\CCNL Lab\Foraging Task Overview\foraging_MQLP-main\foraging_MQLP-main\model\model_parameter_recovery_clean_version\generate sim data with free alpha range\fit_params\adaptive_discount_all_sim\sub112.jld,112
b_,-1.15234375,-1.15234375,updated,C:\Users\zyfxl\OneDrive - UC Irvine\UCI\CCNL Lab\Foraging Task Overview\foraging_MQLP-main\foraging_MQLP-main\model\model_parameter_recovery_clean_version\generate sim data with free alpha range\fit_params\adaptive_discount_all_sim\sub112.jld,112
c_,2.513671875,2.513671875,updated,C:\Users\zyfxl\OneDrive - UC Irvine\UCI\CCNL Lab\Foraging Task Overview\foraging_MQLP-main\foraging_MQLP-main\model\model_parameter_recovery_clean_version\generate sim data with free alpha range\fit_params\adaptive_discount_all_sim\sub112.jld,112
a_,1.6650390625,1.665039063,updated,C:\Users\zyfxl\OneDrive - UC Irvine\UCI\CCNL Lab\Foraging Task Overview\foraging_MQLP-main\foraging_MQLP-main\model\model_parameter_recovery_clean_version\generate sim data with free alpha range\fit_params\adaptive_discount_all_sim\sub113.jld,113
b_,2.666015625,2.666015625,updated,C:\Users\zyfxl\OneDrive - UC Irvine\UCI\CCNL Lab\Foraging Task Overview\foraging_MQLP-main\foraging_MQLP-main\model\model_parameter_recovery_clean_version\generate sim data with free alpha range\fit_params\adaptive_discount_all_sim\sub113.jld,113
c_,0.0205078125,0.020507813,updated,C:\Users\zyfxl\OneDrive - UC Irvine\UCI\CCNL Lab\Foraging Task Overview\foraging_MQLP-main\foraging_MQLP-main\model\model_parameter_recovery_clean_version\generate sim data with free alpha range\fit_params\adaptive_discount_all_sim\sub113.jld,113
a_,0.14404296875,0.144042969,updated,C:\Users\zyfxl\OneDrive - UC Irvine\UCI\CCNL Lab\Foraging Task Overview\foraging_MQLP-main\foraging_MQLP-main\model\model_parameter_recovery_clean_version\generate sim data with free alpha range\fit_params\adaptive_discount_all_sim\sub114.jld,114
b_,0.4541015625,0.454101563,updated,C:\Users\zyfxl\OneDrive - UC Irvine\UCI\CCNL Lab\Foraging Task Overview\foraging_MQLP-main\foraging_MQLP-main\model\model_parameter_recovery_clean_version\generate sim data with free alpha range\fit_params\adaptive_discount_all_sim\sub114.jld,114
c_,0.57275390625,0.572753906,updated,C:\Users\zyfxl\OneDrive - UC Irvine\UCI\CCNL Lab\Foraging Task Overview\foraging_MQLP-main\foraging_MQLP-main\model\model_parameter_recovery_clean_version\generate sim data with free alpha range\fit_params\adaptive_discount_all_sim\sub114.jld,114
a_,9.6826171875,9.682617188,updated,C:\Users\zyfxl\OneDrive - UC Irvine\UCI\CCNL Lab\Foraging Task Overview\foraging_MQLP-main\foraging_MQLP-main\model\model_parameter_recovery_clean_version\generate sim data with free alpha range\fit_params\adaptive_discount_all_sim\sub115.jld,115
b_,-1.728515625,-1.728515625,updated,C:\Users\zyfxl\OneDrive - UC Irvine\UCI\CCNL Lab\Foraging Task Overview\foraging_MQLP-main\foraging_MQLP-main\model\model_parameter_recovery_clean_version\generate sim data with free alpha range\fit_params\adaptive_discount_all_sim\sub115.jld,115
c_,1.4326171875,1.432617188,updated,C:\Users\zyfxl\OneDrive - UC Irvine\UCI\CCNL Lab\Foraging Task Overview\foraging_MQLP-main\foraging_MQLP-main\model\model_parameter_recovery_clean_version\generate sim data with free alpha range\fit_params\adaptive_discount_all_sim\sub115.jld,115
a_,0.05859375,0.05859375,updated,C:\Users\zyfxl\OneDrive - UC Irvine\UCI\CCNL Lab\Foraging Task Overview\foraging_MQLP-main\foraging_MQLP-main\model\model_parameter_recovery_clean_version\generate sim data with free alpha range\fit_params\adaptive_discount_all_sim\sub116.jld,116
b_,-0.0390625,-0.0390625,updated,C:\Users\zyfxl\OneDrive - UC Irvine\UCI\CCNL Lab\Foraging Task Overview\foraging_MQLP-main\foraging_MQLP-main\model\model_parameter_recovery_clean_version\generate sim data with free alpha range\fit_params\adaptive_discount_all_sim\sub116.jld,116
c_,1.06640625,1.06640625,updated,C:\Users\zyfxl\OneDrive - UC Irvine\UCI\CCNL Lab\Foraging Task Overview\foraging_MQLP-main\foraging_MQLP-main\model\model_parameter_recovery_clean_version\generate sim data with free alpha range\fit_params\adaptive_discount_all_sim\sub116.jld,116
a_,9.57763671875,9.577636719,updated,C:\Users\zyfxl\OneDrive - UC Irvine\UCI\CCNL Lab\Foraging Task Overview\foraging_MQLP-main\foraging_MQLP-main\model\model_parameter_recovery_clean_version\generate sim data with free alpha range\fit_params\adaptive_discount_all_sim\sub117.jld,117
b_,-0.9912109375,-0.991210938,updated,C:\Users\zyfxl\OneDrive - UC Irvine\UCI\CCNL Lab\Foraging Task Overview\foraging_MQLP-main\foraging_MQLP-main\model\model_parameter_recovery_clean_version\generate sim data with free alpha range\fit_params\adaptive_discount_all_sim\sub117.jld,117
c_,0.44384765625,0.443847656,updated,C:\Users\zyfxl\OneDrive - UC Irvine\UCI\CCNL Lab\Foraging Task Overview\foraging_MQLP-main\foraging_MQLP-main\model\model_parameter_recovery_clean_version\generate sim data with free alpha range\fit_params\adaptive_discount_all_sim\sub117.jld,117
a_,0.6005859375,0.600585938,updated,C:\Users\zyfxl\OneDrive - UC Irvine\UCI\CCNL Lab\Foraging Task Overview\foraging_MQLP-main\foraging_MQLP-main\model\model_parameter_recovery_clean_version\generate sim data with free alpha range\fit_params\adaptive_discount_all_sim\sub118.jld,118
b_,-1.142578125,-1.142578125,updated,C:\Users\zyfxl\OneDrive - UC Irvine\UCI\CCNL Lab\Foraging Task Overview\foraging_MQLP-main\foraging_MQLP-main\model\model_parameter_recovery_clean_version\generate sim data with free alpha range\fit_params\adaptive_discount_all_sim\sub118.jld,118
c_,0.3193359375,0.319335938,updated,C:\Users\zyfxl\OneDrive - UC Irvine\UCI\CCNL Lab\Foraging Task Overview\foraging_MQLP-main\foraging_MQLP-main\model\model_parameter_recovery_clean_version\generate sim data with free alpha range\fit_params\adaptive_discount_all_sim\sub118.jld,118
a_,9.8681640625,9.868164063,updated,C:\Users\zyfxl\OneDrive - UC Irvine\UCI\CCNL Lab\Foraging Task Overview\foraging_MQLP-main\foraging_MQLP-main\model\model_parameter_recovery_clean_version\generate sim data with free alpha range\fit_params\adaptive_discount_all_sim\sub119.jld,119
b_,-0.927734375,-0.927734375,updated,C:\Users\zyfxl\OneDrive - UC Irvine\UCI\CCNL Lab\Foraging Task Overview\foraging_MQLP-main\foraging_MQLP-main\model\model_parameter_recovery_clean_version\generate sim data with free alpha range\fit_params\adaptive_discount_all_sim\sub119.jld,119
c_,0.0673828125,0.067382813,updated,C:\Users\zyfxl\OneDrive - UC Irvine\UCI\CCNL Lab\Foraging Task Overview\foraging_MQLP-main\foraging_MQLP-main\model\model_parameter_recovery_clean_version\generate sim data with free alpha range\fit_params\adaptive_discount_all_sim\sub119.jld,119
a_,4.47998046875,4.479980469,updated,C:\Users\zyfxl\OneDrive - UC Irvine\UCI\CCNL Lab\Foraging Task Overview\foraging_MQLP-main\foraging_MQLP-main\model\model_parameter_recovery_clean_version\generate sim data with free alpha range\fit_params\adaptive_discount_all_sim\sub12.jld,12
b_,8.3447265625,8.344726563,updated,C:\Users\zyfxl\OneDrive - UC Irvine\UCI\CCNL Lab\Foraging Task Overview\foraging_MQLP-main\foraging_MQLP-main\model\model_parameter_recovery_clean_version\generate sim data with free alpha range\fit_params\adaptive_discount_all_sim\sub12.jld,12
c_,-0.43505859375,-0.435058594,updated,C:\Users\zyfxl\OneDrive - UC Irvine\UCI\CCNL Lab\Foraging Task Overview\foraging_MQLP-main\foraging_MQLP-main\model\model_parameter_recovery_clean_version\generate sim data with free alpha range\fit_params\adaptive_discount_all_sim\sub12.jld,12
a_,7.25341796875,7.253417969,updated,C:\Users\zyfxl\OneDrive - UC Irvine\UCI\CCNL Lab\Foraging Task Overview\foraging_MQLP-main\foraging_MQLP-main\model\model_parameter_recovery_clean_version\generate sim data with free alpha range\fit_params\adaptive_discount_all_sim\sub120.jld,120
b_,-0.6396484375,-0.639648438,updated,C:\Users\zyfxl\OneDrive - UC Irvine\UCI\CCNL Lab\Foraging Task Overview\foraging_MQLP-main\foraging_MQLP-main\model\model_parameter_recovery_clean_version\generate sim data with free alpha range\fit_params\adaptive_discount_all_sim\sub120.jld,120
c_,0.33837890625,0.338378906,updated,C:\Users\zyfxl\OneDrive - UC Irvine\UCI\CCNL Lab\Foraging Task Overview\foraging_MQLP-main\foraging_MQLP-main\model\model_parameter_recovery_clean_version\generate sim data with free alpha range\fit_params\adaptive_discount_all_sim\sub120.jld,120
a_,4.599609375,4.599609375,updated,C:\Users\zyfxl\OneDrive - UC Irvine\UCI\CCNL Lab\Foraging Task Overview\foraging_MQLP-main\foraging_MQLP-main\model\model_parameter_recovery_clean_version\generate sim data with free alpha range\fit_params\adaptive_discount_all_sim\sub121.jld,121
b_,7.75390625,7.75390625,updated,C:\Users\zyfxl\OneDrive - UC Irvine\UCI\CCNL Lab\Foraging Task Overview\foraging_MQLP-main\foraging_MQLP-main\model\model_parameter_recovery_clean_version\generate sim data with free alpha range\fit_params\adaptive_discount_all_sim\sub121.jld,121
c_,-0.814453125,-0.814453125,updated,C:\Users\zyfxl\OneDrive - UC Irvine\UCI\CCNL Lab\Foraging Task Overview\foraging_MQLP-main\foraging_MQLP-main\model\model_parameter_recovery_clean_version\generate sim data with free alpha range\fit_params\adaptive_discount_all_sim\sub121.jld,121
a_,9.79248046875,9.792480469,updated,C:\Users\zyfxl\OneDrive - UC Irvine\UCI\CCNL Lab\Foraging Task Overview\foraging_MQLP-main\foraging_MQLP-main\model\model_parameter_recovery_clean_version\generate sim data with free alpha range\fit_params\adaptive_discount_all_sim\sub122.jld,122
b_,7.7197265625,7.719726563,updated,C:\Users\zyfxl\OneDrive - UC Irvine\UCI\CCNL Lab\Foraging Task Overview\foraging_MQLP-main\foraging_MQLP-main\model\model_parameter_recovery_clean_version\generate sim data with free alpha range\fit_params\adaptive_discount_all_sim\sub122.jld,122
c_,-2.87255859375,-2.872558594,updated,C:\Users\zyfxl\OneDrive - UC Irvine\UCI\CCNL Lab\Foraging Task Overview\foraging_MQLP-main\foraging_MQLP-main\model\model_parameter_recovery_clean_version\generate sim data with free alpha range\fit_params\adaptive_discount_all_sim\sub122.jld,122
a_,3.251953125,3.251953125,updated,C:\Users\zyfxl\OneDrive - UC Irvine\UCI\CCNL Lab\Foraging Task Overview\foraging_MQLP-main\foraging_MQLP-main\model\model_parameter_recovery_clean_version\generate sim data with free alpha range\fit_params\adaptive_discount_all_sim\sub123.jld,123
b_,2.94921875,2.94921875,updated,C:\Users\zyfxl\OneDrive - UC Irvine\UCI\CCNL Lab\Foraging Task Overview\foraging_MQLP-main\foraging_MQLP-main\model\model_parameter_recovery_clean_version\generate sim data with free alpha range\fit_params\adaptive_discount_all_sim\sub123.jld,123
c_,0.181640625,0.181640625,updated,C:\Users\zyfxl\OneDrive - UC Irvine\UCI\CCNL Lab\Foraging Task Overview\foraging_MQLP-main\foraging_MQLP-main\model\model_parameter_recovery_clean_version\generate sim data with free alpha range\fit_params\adaptive_discount_all_sim\sub123.jld,123
a_,8.26171875,8.26171875,updated,C:\Users\zyfxl\OneDrive - UC Irvine\UCI\CCNL Lab\Foraging Task Overview\foraging_MQLP-main\foraging_MQLP-main\model\model_parameter_recovery_clean_version\generate sim data with free alpha range\fit_params\adaptive_discount_all_sim\sub124.jld,124
b_,-2.0703125,-2.0703125,updated,C:\Users\zyfxl\OneDrive - UC Irvine\UCI\CCNL Lab\Foraging Task Overview\foraging_MQLP-main\foraging_MQLP-main\model\model_parameter_recovery_clean_version\generate sim data with free alpha range\fit_params\adaptive_discount_all_sim\sub124.jld,124
c_,2.70703125,2.70703125,updated,C:\Users\zyfxl\OneDrive - UC Irvine\UCI\CCNL Lab\Foraging Task Overview\foraging_MQLP-main\foraging_MQLP-main\model\model_parameter_recovery_clean_version\generate sim data with free alpha range\fit_params\adaptive_discount_all_sim\sub124.jld,124
a_,3.96484375,3.96484375,updated,C:\Users\zyfxl\OneDrive - UC Irvine\UCI\CCNL Lab\Foraging Task Overview\foraging_MQLP-main\foraging_MQLP-main\model\model_parameter_recovery_clean_version\generate sim data with free alpha range\fit_params\adaptive_discount_all_sim\sub125.jld,125
b_,6.5234375,6.5234375,updated,C:\Users\zyfxl\OneDrive - UC Irvine\UCI\CCNL Lab\Foraging Task Overview\foraging_MQLP-main\foraging_MQLP-main\model\model_parameter_recovery_clean_version\generate sim data with free alpha range\fit_params\adaptive_discount_all_sim\sub125.jld,125
c_,-1.08984375,-1.08984375,updated,C:\Users\zyfxl\OneDrive - UC Irvine\UCI\CCNL Lab\Foraging Task Overview\foraging_MQLP-main\foraging_MQLP-main\model\model_parameter_recovery_clean_version\generate sim data with free alpha range\fit_params\adaptive_discount_all_sim\sub125.jld,125
a_,5.47607421875,5.476074219,updated,C:\Users\zyfxl\OneDrive - UC Irvine\UCI\CCNL Lab\Foraging Task Overview\foraging_MQLP-main\foraging_MQLP-main\model\model_parameter_recovery_clean_version\generate sim data with free alpha range\fit_params\adaptive_discount_all_sim\sub126.jld,126
b_,1.5869140625,1.586914063,updated,C:\Users\zyfxl\OneDrive - UC Irvine\UCI\CCNL Lab\Foraging Task Overview\foraging_MQLP-main\foraging_MQLP-main\model\model_parameter_recovery_clean_version\generate sim data with free alpha range\fit_params\adaptive_discount_all_sim\sub126.jld,126
c_,0.37353515625,0.373535156,updated,C:\Users\zyfxl\OneDrive - UC Irvine\UCI\CCNL Lab\Foraging Task Overview\foraging_MQLP-main\foraging_MQLP-main\model\model_parameter_recovery_clean_version\generate sim data with free alpha range\fit_params\adaptive_discount_all_sim\sub126.jld,126
a_,3.21044921875,3.210449219,updated,C:\Users\zyfxl\OneDrive - UC Irvine\UCI\CCNL Lab\Foraging Task Overview\foraging_MQLP-main\foraging_MQLP-main\model\model_parameter_recovery_clean_version\generate sim data with free alpha range\fit_params\adaptive_discount_all_sim\sub127.jld,127
b_,5.8056640625,5.805664063,updated,C:\Users\zyfxl\OneDrive - UC Irvine\UCI\CCNL Lab\Foraging Task Overview\foraging_MQLP-main\foraging_MQLP-main\model\model_parameter_recovery_clean_version\generate sim data with free alpha range\fit_params\adaptive_discount_all_sim\sub127.jld,127
c_,-0.61083984375,-0.610839844,updated,C:\Users\zyfxl\OneDrive - UC Irvine\UCI\CCNL Lab\Foraging Task Overview\foraging_MQLP-main\foraging_MQLP-main\model\model_parameter_recovery_clean_version\generate sim data with free alpha range\fit_params\adaptive_discount_all_sim\sub127.jld,127
a_,2.71240234375,2.712402344,updated,C:\Users\zyfxl\OneDrive - UC Irvine\UCI\CCNL Lab\Foraging Task Overview\foraging_MQLP-main\foraging_MQLP-main\model\model_parameter_recovery_clean_version\generate sim data with free alpha range\fit_params\adaptive_discount_all_sim\sub128.jld,128
b_,-2.2216796875,-2.221679688,updated,C:\Users\zyfxl\OneDrive - UC Irvine\UCI\CCNL Lab\Foraging Task Overview\foraging_MQLP-main\foraging_MQLP-main\model\model_parameter_recovery_clean_version\generate sim data with free alpha range\fit_params\adaptive_discount_all_sim\sub128.jld,128
c_,-0.04248046875,-0.042480469,updated,C:\Users\zyfxl\OneDrive - UC Irvine\UCI\CCNL Lab\Foraging Task Overview\foraging_MQLP-main\foraging_MQLP-main\model\model_parameter_recovery_clean_version\generate sim data with free alpha range\fit_params\adaptive_discount_all_sim\sub128.jld,128
a_,3.5693359375,3.569335938,updated,C:\Users\zyfxl\OneDrive - UC Irvine\UCI\CCNL Lab\Foraging Task Overview\foraging_MQLP-main\foraging_MQLP-main\model\model_parameter_recovery_clean_version\generate sim data with free alpha range\fit_params\adaptive_discount_all_sim\sub129.jld,129
b_,1.044921875,1.044921875,updated,C:\Users\zyfxl\OneDrive - UC Irvine\UCI\CCNL Lab\Foraging Task Overview\foraging_MQLP-main\foraging_MQLP-main\model\model_parameter_recovery_clean_version\generate sim data with free alpha range\fit_params\adaptive_discount_all_sim\sub129.jld,129
c_,0.0380859375,0.038085938,updated,C:\Users\zyfxl\OneDrive - UC Irvine\UCI\CCNL Lab\Foraging Task Overview\foraging_MQLP-main\foraging_MQLP-main\model\model_parameter_recovery_clean_version\generate sim data with free alpha range\fit_params\adaptive_discount_all_sim\sub129.jld,129
a_,8.80859375,4.80859375,updated,C:\Users\zyfxl\OneDrive - UC Irvine\UCI\CCNL Lab\Foraging Task Overview\foraging_MQLP-main\foraging_MQLP-main\model\model_parameter_recovery_clean_version\generate sim data with free alpha range\fit_params\adaptive_discount_all_sim\sub13.jld,13
b_,2.4609375,2.4609375,updated,C:\Users\zyfxl\OneDrive - UC Irvine\UCI\CCNL Lab\Foraging Task Overview\foraging_MQLP-main\foraging_MQLP-main\model\model_parameter_recovery_clean_version\generate sim data with free alpha range\fit_params\adaptive_discount_all_sim\sub13.jld,13
c_,0.31640625,0.31640625,updated,C:\Users\zyfxl\OneDrive - UC Irvine\UCI\CCNL Lab\Foraging Task Overview\foraging_MQLP-main\foraging_MQLP-main\model\model_parameter_recovery_clean_version\generate sim data with free alpha range\fit_params\adaptive_discount_all_sim\sub13.jld,13
a_,5.53466796875,5.534667969,updated,C:\Users\zyfxl\OneDrive - UC Irvine\UCI\CCNL Lab\Foraging Task Overview\foraging_MQLP-main\foraging_MQLP-main\model\model_parameter_recovery_clean_version\generate sim data with free alpha range\fit_params\adaptive_discount_all_sim\sub130.jld,130
b_,8.4228515625,8.422851563,updated,C:\Users\zyfxl\OneDrive - UC Irvine\UCI\CCNL Lab\Foraging Task Overview\foraging_MQLP-main\foraging_MQLP-main\model\model_parameter_recovery_clean_version\generate sim data with free alpha range\fit_params\adaptive_discount_all_sim\sub130.jld,130
c_,-2.19287109375,-2.192871094,updated,C:\Users\zyfxl\OneDrive - UC Irvine\UCI\CCNL Lab\Foraging Task Overview\foraging_MQLP-main\foraging_MQLP-main\model\model_parameter_recovery_clean_version\generate sim data with free alpha range\fit_params\adaptive_discount_all_sim\sub130.jld,130
a_,3.720703125,3.720703125,updated,C:\Users\zyfxl\OneDrive - UC Irvine\UCI\CCNL Lab\Foraging Task Overview\foraging_MQLP-main\foraging_MQLP-main\model\model_parameter_recovery_clean_version\generate sim data with free alpha range\fit_params\adaptive_discount_all_sim\sub131.jld,131
b_,7.63671875,7.63671875,updated,C:\Users\zyfxl\OneDrive - UC Irvine\UCI\CCNL Lab\Foraging Task Overview\foraging_MQLP-main\foraging_MQLP-main\model\model_parameter_recovery_clean_version\generate sim data with free alpha range\fit_params\adaptive_discount_all_sim\sub131.jld,131
c_,-1.787109375,-1.787109375,updated,C:\Users\zyfxl\OneDrive - UC Irvine\UCI\CCNL Lab\Foraging Task Overview\foraging_MQLP-main\foraging_MQLP-main\model\model_parameter_recovery_clean_version\generate sim data with free alpha range\fit_params\adaptive_discount_all_sim\sub131.jld,131
a_,9.775390625,9.775390625,updated,C:\Users\zyfxl\OneDrive - UC Irvine\UCI\CCNL Lab\Foraging Task Overview\foraging_MQLP-main\foraging_MQLP-main\model\model_parameter_recovery_clean_version\generate sim data with free alpha range\fit_params\adaptive_discount_all_sim\sub132.jld,132
b_,8.96484375,8.96484375,updated,C:\Users\zyfxl\OneDrive - UC Irvine\UCI\CCNL Lab\Foraging Task Overview\foraging_MQLP-main\foraging_MQLP-main\model\model_parameter_recovery_clean_version\generate sim data with free alpha range\fit_params\adaptive_discount_all_sim\sub132.jld,132
c_,-1.248046875,-1.248046875,updated,C:\Users\zyfxl\OneDrive - UC Irvine\UCI\CCNL Lab\Foraging Task Overview\foraging_MQLP-main\foraging_MQLP-main\model\model_parameter_recovery_clean_version\generate sim data with free alpha range\fit_params\adaptive_discount_all_sim\sub132.jld,132
a_,3.466796875,3.466796875,updated,C:\Users\zyfxl\OneDrive - UC Irvine\UCI\CCNL Lab\Foraging Task Overview\foraging_MQLP-main\foraging_MQLP-main\model\model_parameter_recovery_clean_version\generate sim data with free alpha range\fit_params\adaptive_discount_all_sim\sub133.jld,133
b_,9.39453125,9.39453125,updated,C:\Users\zyfxl\OneDrive - UC Irvine\UCI\CCNL Lab\Foraging Task Overview\foraging_MQLP-main\foraging_MQLP-main\model\model_parameter_recovery_clean_version\generate sim data with free alpha range\fit_params\adaptive_discount_all_sim\sub133.jld,133
c_,-1.212890625,-1.212890625,updated,C:\Users\zyfxl\OneDrive - UC Irvine\UCI\CCNL Lab\Foraging Task Overview\foraging_MQLP-main\foraging_MQLP-main\model\model_parameter_recovery_clean_version\generate sim data with free alpha range\fit_params\adaptive_discount_all_sim\sub133.jld,133
a_,5.36865234375,5.368652344,updated,C:\Users\zyfxl\OneDrive - UC Irvine\UCI\CCNL Lab\Foraging Task Overview\foraging_MQLP-main\foraging_MQLP-main\model\model_parameter_recovery_clean_version\generate sim data with free alpha range\fit_params\adaptive_discount_all_sim\sub134.jld,134
b_,-1.9091796875,-1.909179688,updated,C:\Users\zyfxl\OneDrive - UC Irvine\UCI\CCNL Lab\Foraging Task Overview\foraging_MQLP-main\foraging_MQLP-main\model\model_parameter_recovery_clean_version\generate sim data with free alpha range\fit_params\adaptive_discount_all_sim\sub134.jld,134
c_,0.23876953125,0.238769531,updated,C:\Users\zyfxl\OneDrive - UC Irvine\UCI\CCNL Lab\Foraging Task Overview\foraging_MQLP-main\foraging_MQLP-main\model\model_parameter_recovery_clean_version\generate sim data with free alpha range\fit_params\adaptive_discount_all_sim\sub134.jld,134
a_,3.193359375,3.193359375,updated,C:\Users\zyfxl\OneDrive - UC Irvine\UCI\CCNL Lab\Foraging Task Overview\foraging_MQLP-main\foraging_MQLP-main\model\model_parameter_recovery_clean_version\generate sim data with free alpha range\fit_params\adaptive_discount_all_sim\sub135.jld,135
b_,1.19140625,1.19140625,updated,C:\Users\zyfxl\OneDrive - UC Irvine\UCI\CCNL Lab\Foraging Task Overview\foraging_MQLP-main\foraging_MQLP-main\model\model_parameter_recovery_clean_version\generate sim data with free alpha range\fit_params\adaptive_discount_all_sim\sub135.jld,135
c_,-0.720703125,-0.720703125,updated,C:\Users\zyfxl\OneDrive - UC Irvine\UCI\CCNL Lab\Foraging Task Overview\foraging_MQLP-main\foraging_MQLP-main\model\model_parameter_recovery_clean_version\generate sim data with free alpha range\fit_params\adaptive_discount_all_sim\sub135.jld,135
a_,4.99755859375,4.997558594,updated,C:\Users\zyfxl\OneDrive - UC Irvine\UCI\CCNL Lab\Foraging Task Overview\foraging_MQLP-main\foraging_MQLP-main\model\model_parameter_recovery_clean_version\generate sim data with free alpha range\fit_params\adaptive_discount_all_sim\sub136.jld,136
b_,1.3330078125,1.333007813,updated,C:\Users\zyfxl\OneDrive - UC Irvine\UCI\CCNL Lab\Foraging Task Overview\foraging_MQLP-main\foraging_MQLP-main\model\model_parameter_recovery_clean_version\generate sim data with free alpha range\fit_params\adaptive_discount_all_sim\sub136.jld,136
c_,0.01611328125,0.016113281,updated,C:\Users\zyfxl\OneDrive - UC Irvine\UCI\CCNL Lab\Foraging Task Overview\foraging_MQLP-main\foraging_MQLP-main\model\model_parameter_recovery_clean_version\generate sim data with free alpha range\fit_params\adaptive_discount_all_sim\sub136.jld,136
a_,2.177734375,3.177734375,updated,C:\Users\zyfxl\OneDrive - UC Irvine\UCI\CCNL Lab\Foraging Task Overview\foraging_MQLP-main\foraging_MQLP-main\model\model_parameter_recovery_clean_version\generate sim data with free alpha range\fit_params\adaptive_discount_all_sim\sub137.jld,137
b_,0.72265625,0.72265625,updated,C:\Users\zyfxl\OneDrive - UC Irvine\UCI\CCNL Lab\Foraging Task Overview\foraging_MQLP-main\foraging_MQLP-main\model\model_parameter_recovery_clean_version\generate sim data with free alpha range\fit_params\adaptive_discount_all_sim\sub137.jld,137
c_,-2.548828125,-2.548828125,updated,C:\Users\zyfxl\OneDrive - UC Irvine\UCI\CCNL Lab\Foraging Task Overview\foraging_MQLP-main\foraging_MQLP-main\model\model_parameter_recovery_clean_version\generate sim data with free alpha range\fit_params\adaptive_discount_all_sim\sub137.jld,137
a_,0.02685546875,0.026855469,updated,C:\Users\zyfxl\OneDrive - UC Irvine\UCI\CCNL Lab\Foraging Task Overview\foraging_MQLP-main\foraging_MQLP-main\model\model_parameter_recovery_clean_version\generate sim data with free alpha range\fit_params\adaptive_discount_all_sim\sub138.jld,138
b_,6.3134765625,6.313476563,updated,C:\Users\zyfxl\OneDrive - UC Irvine\UCI\CCNL Lab\Foraging Task Overview\foraging_MQLP-main\foraging_MQLP-main\model\model_parameter_recovery_clean_version\generate sim data with free alpha range\fit_params\adaptive_discount_all_sim\sub138.jld,138
c_,1.95556640625,1.955566406,updated,C:\Users\zyfxl\OneDrive - UC Irvine\UCI\CCNL Lab\Foraging Task Overview\foraging_MQLP-main\foraging_MQLP-main\model\model_parameter_recovery_clean_version\generate sim data with free alpha range\fit_params\adaptive_discount_all_sim\sub138.jld,138
a_,0.126953125,0.126953125,updated,C:\Users\zyfxl\OneDrive - UC Irvine\UCI\CCNL Lab\Foraging Task Overview\foraging_MQLP-main\foraging_MQLP-main\model\model_parameter_recovery_clean_version\generate sim data with free alpha range\fit_params\adaptive_discount_all_sim\sub139.jld,139
b_,1.69921875,1.69921875,updated,C:\Users\zyfxl\OneDrive - UC Irvine\UCI\CCNL Lab\Foraging Task Overview\foraging_MQLP-main\foraging_MQLP-main\model\model_parameter_recovery_clean_version\generate sim data with free alpha range\fit_params\adaptive_discount_all_sim\sub139.jld,139
c_,2.056640625,2.056640625,updated,C:\Users\zyfxl\OneDrive - UC Irvine\UCI\CCNL Lab\Foraging Task Overview\foraging_MQLP-main\foraging_MQLP-main\model\model_parameter_recovery_clean_version\generate sim data with free alpha range\fit_params\adaptive_discount_all_sim\sub139.jld,139
a_,8.935546875,8.935546875,updated,C:\Users\zyfxl\OneDrive - UC Irvine\UCI\CCNL Lab\Foraging Task Overview\foraging_MQLP-main\foraging_MQLP-main\model\model_parameter_recovery_clean_version\generate sim data with free alpha range\fit_params\adaptive_discount_all_sim\sub14.jld,14
b_,-1.54296875,-1.54296875,updated,C:\Users\zyfxl\OneDrive - UC Irvine\UCI\CCNL Lab\Foraging Task Overview\foraging_MQLP-main\foraging_MQLP-main\model\model_parameter_recovery_clean_version\generate sim data with free alpha range\fit_params\adaptive_discount_all_sim\sub14.jld,14
c_,0.193359375,0.193359375,updated,C:\Users\zyfxl\OneDrive - UC Irvine\UCI\CCNL Lab\Foraging Task Overview\foraging_MQLP-main\foraging_MQLP-main\model\model_parameter_recovery_clean_version\generate sim data with free alpha range\fit_params\adaptive_discount_all_sim\sub14.jld,14
a_,7.4365234375,7.436523438,updated,C:\Users\zyfxl\OneDrive - UC Irvine\UCI\CCNL Lab\Foraging Task Overview\foraging_MQLP-main\foraging_MQLP-main\model\model_parameter_recovery_clean_version\generate sim data with free alpha range\fit_params\adaptive_discount_all_sim\sub140.jld,140
b_,-2.626953125,-2.626953125,updated,C:\Users\zyfxl\OneDrive - UC Irvine\UCI\CCNL Lab\Foraging Task Overview\foraging_MQLP-main\foraging_MQLP-main\model\model_parameter_recovery_clean_version\generate sim data with free alpha range\fit_params\adaptive_discount_all_sim\sub140.jld,140
c_,-1.6728515625,-1.672851563,updated,C:\Users\zyfxl\OneDrive - UC Irvine\UCI\CCNL Lab\Foraging Task Overview\foraging_MQLP-main\foraging_MQLP-main\model\model_parameter_recovery_clean_version\generate sim data with free alpha range\fit_params\adaptive_discount_all_sim\sub140.jld,140
a_,9.1455078125,9.145507813,updated,C:\Users\zyfxl\OneDrive - UC Irvine\UCI\CCNL Lab\Foraging Task Overview\foraging_MQLP-main\foraging_MQLP-main\model\model_parameter_recovery_clean_version\generate sim data with free alpha range\fit_params\adaptive_discount_all_sim\sub141.jld,141
b_,-2.294921875,-2.294921875,updated,C:\Users\zyfxl\OneDrive - UC Irvine\UCI\CCNL Lab\Foraging Task Overview\foraging_MQLP-main\foraging_MQLP-main\model\model_parameter_recovery_clean_version\generate sim data with free alpha range\fit_params\adaptive_discount_all_sim\sub141.jld,141
c_,0.9462890625,0.946289063,updated,C:\Users\zyfxl\OneDrive - UC Irvine\UCI\CCNL Lab\Foraging Task Overview\foraging_MQLP-main\foraging_MQLP-main\model\model_parameter_recovery_clean_version\generate sim data with free alpha range\fit_params\adaptive_discount_all_sim\sub141.jld,141
a_,3.88671875,3.88671875,updated,C:\Users\zyfxl\OneDrive - UC Irvine\UCI\CCNL Lab\Foraging Task Overview\foraging_MQLP-main\foraging_MQLP-main\model\model_parameter_recovery_clean_version\generate sim data with free alpha range\fit_params\adaptive_discount_all_sim\sub142.jld,142
b_,4.1796875,4.1796875,updated,C:\Users\zyfxl\OneDrive - UC Irvine\UCI\CCNL Lab\Foraging Task Overview\foraging_MQLP-main\foraging_MQLP-main\model\model_parameter_recovery_clean_version\generate sim data with free alpha range\fit_params\adaptive_discount_all_sim\sub142.jld,142
c_,0.08203125,0.08203125,updated,C:\Users\zyfxl\OneDrive - UC Irvine\UCI\CCNL Lab\Foraging Task Overview\foraging_MQLP-main\foraging_MQLP-main\model\model_parameter_recovery_clean_version\generate sim data with free alpha range\fit_params\adaptive_discount_all_sim\sub142.jld,142
a_,0.8251953125,8.825195313,updated,C:\Users\zyfxl\OneDrive - UC Irvine\UCI\CCNL Lab\Foraging Task Overview\foraging_MQLP-main\foraging_MQLP-main\model\model_parameter_recovery_clean_version\generate sim data with free alpha range\fit_params\adaptive_discount_all_sim\sub143.jld,143
b_,-2.216796875,-2.216796875,updated,C:\Users\zyfxl\OneDrive - UC Irvine\UCI\CCNL Lab\Foraging Task Overview\foraging_MQLP-main\foraging_MQLP-main\model\model_parameter_recovery_clean_version\generate sim data with free alpha range\fit_params\adaptive_discount_all_sim\sub143.jld,143
c_,2.4228515625,2.422851563,updated,C:\Users\zyfxl\OneDrive - UC Irvine\UCI\CCNL Lab\Foraging Task Overview\foraging_MQLP-main\foraging_MQLP-main\model\model_parameter_recovery_clean_version\generate sim data with free alpha range\fit_params\adaptive_discount_all_sim\sub143.jld,143
a_,3.89404296875,3.894042969,updated,C:\Users\zyfxl\OneDrive - UC Irvine\UCI\CCNL Lab\Foraging Task Overview\foraging_MQLP-main\foraging_MQLP-main\model\model_parameter_recovery_clean_version\generate sim data with free alpha range\fit_params\adaptive_discount_all_sim\sub144.jld,144
b_,7.9541015625,7.954101563,updated,C:\Users\zyfxl\OneDrive - UC Irvine\UCI\CCNL Lab\Foraging Task Overview\foraging_MQLP-main\foraging_MQLP-main\model\model_parameter_recovery_clean_version\generate sim data with free alpha range\fit_params\adaptive_discount_all_sim\sub144.jld,144
c_,-1.67724609375,-1.677246094,updated,C:\Users\zyfxl\OneDrive - UC Irvine\UCI\CCNL Lab\Foraging Task Overview\foraging_MQLP-main\foraging_MQLP-main\model\model_parameter_recovery_clean_version\generate sim data with free alpha range\fit_params\adaptive_discount_all_sim\sub144.jld,144
a_,3.8037109375,3.803710938,updated,C:\Users\zyfxl\OneDrive - UC Irvine\UCI\CCNL Lab\Foraging Task Overview\foraging_MQLP-main\foraging_MQLP-main\model\model_parameter_recovery_clean_version\generate sim data with free alpha range\fit_params\adaptive_discount_all_sim\sub145.jld,145
b_,9.951171875,9.951171875,updated,C:\Users\zyfxl\OneDrive - UC Irvine\UCI\CCNL Lab\Foraging Task Overview\foraging_MQLP-main\foraging_MQLP-main\model\model_parameter_recovery_clean_version\generate sim data with free alpha range\fit_params\adaptive_discount_all_sim\sub145.jld,145
c_,-2.4462890625,-2.446289063,updated,C:\Users\zyfxl\OneDrive - UC Irvine\UCI\CCNL Lab\Foraging Task Overview\foraging_MQLP-main\foraging_MQLP-main\model\model_parameter_recovery_clean_version\generate sim data with free alpha range\fit_params\adaptive_discount_all_sim\sub145.jld,145
a_,1.005859375,2.005859375,updated,C:\Users\zyfxl\OneDrive - UC Irvine\UCI\CCNL Lab\Foraging Task Overview\foraging_MQLP-main\foraging_MQLP-main\model\model_parameter_recovery_clean_version\generate sim data with free alpha range\fit_params\adaptive_discount_all_sim\sub146.jld,146
b_,5.56640625,5.56640625,updated,C:\Users\zyfxl\OneDrive - UC Irvine\UCI\CCNL Lab\Foraging Task Overview\foraging_MQLP-main\foraging_MQLP-main\model\model_parameter_recovery_clean_version\generate sim data with free alpha range\fit_params\adaptive_discount_all_sim\sub146.jld,146
c_,-1.283203125,-1.283203125,updated,C:\Users\zyfxl\OneDrive - UC Irvine\UCI\CCNL Lab\Foraging Task Overview\foraging_MQLP-main\foraging_MQLP-main\model\model_parameter_recovery_clean_version\generate sim data with free alpha range\fit_params\adaptive_discount_all_sim\sub146.jld,146
a_,0.3955078125,0.395507813,updated,C:\Users\zyfxl\OneDrive - UC Irvine\UCI\CCNL Lab\Foraging Task Overview\foraging_MQLP-main\foraging_MQLP-main\model\model_parameter_recovery_clean_version\generate sim data with free alpha range\fit_params\adaptive_discount_all_sim\sub147.jld,147
b_,0.205078125,0.205078125,updated,C:\Users\zyfxl\OneDrive - UC Irvine\UCI\CCNL Lab\Foraging Task Overview\foraging_MQLP-main\foraging_MQLP-main\model\model_parameter_recovery_clean_version\generate sim data with free alpha range\fit_params\adaptive_discount_all_sim\sub147.jld,147
c_,0.1962890625,0.196289063,updated,C:\Users\zyfxl\OneDrive - UC Irvine\UCI\CCNL Lab\Foraging Task Overview\foraging_MQLP-main\foraging_MQLP-main\model\model_parameter_recovery_clean_version\generate sim data with free alpha range\fit_params\adaptive_discount_all_sim\sub147.jld,147
a_,5.4736328125,5.473632813,updated,C:\Users\zyfxl\OneDrive - UC Irvine\UCI\CCNL Lab\Foraging Task Overview\foraging_MQLP-main\foraging_MQLP-main\model\model_parameter_recovery_clean_version\generate sim data with free alpha range\fit_params\adaptive_discount_all_sim\sub148.jld,148
b_,-2.138671875,-2.138671875,updated,C:\Users\zyfxl\OneDrive - UC Irvine\UCI\CCNL Lab\Foraging Task Overview\foraging_MQLP-main\foraging_MQLP-main\model\model_parameter_recovery_clean_version\generate sim data with free alpha range\fit_params\adaptive_discount_all_sim\sub148.jld,148
c_,2.1181640625,2.118164063,updated,C:\Users\zyfxl\OneDrive - UC Irvine\UCI\CCNL Lab\Foraging Task Overview\foraging_MQLP-main\foraging_MQLP-main\model\model_parameter_recovery_clean_version\generate sim data with free alpha range\fit_params\adaptive_discount_all_sim\sub148.jld,148
a_,2.138671875,2.138671875,updated,C:\Users\zyfxl\OneDrive - UC Irvine\UCI\CCNL Lab\Foraging Task Overview\foraging_MQLP-main\foraging_MQLP-main\model\model_parameter_recovery_clean_version\generate sim data with free alpha range\fit_params\adaptive_discount_all_sim\sub149.jld,149
b_,-0.76171875,-0.76171875,updated,C:\Users\zyfxl\OneDrive - UC Irvine\UCI\CCNL Lab\Foraging Task Overview\foraging_MQLP-main\foraging_MQLP-main\model\model_parameter_recovery_clean_version\generate sim data with free alpha range\fit_params\adaptive_discount_all_sim\sub149.jld,149
c_,2.021484375,2.021484375,updated,C:\Users\zyfxl\OneDrive - UC Irvine\UCI\CCNL Lab\Foraging Task Overview\foraging_MQLP-main\foraging_MQLP-main\model\model_parameter_recovery_clean_version\generate sim data with free alpha range\fit_params\adaptive_discount_all_sim\sub149.jld,149
a_,4.62890625,4.62890625,updated,C:\Users\zyfxl\OneDrive - UC Irvine\UCI\CCNL Lab\Foraging Task Overview\foraging_MQLP-main\foraging_MQLP-main\model\model_parameter_recovery_clean_version\generate sim data with free alpha range\fit_params\adaptive_discount_all_sim\sub15.jld,15
b_,-0.7421875,-0.7421875,updated,C:\Users\zyfxl\OneDrive - UC Irvine\UCI\CCNL Lab\Foraging Task Overview\foraging_MQLP-main\foraging_MQLP-main\model\model_parameter_recovery_clean_version\generate sim data with free alpha range\fit_params\adaptive_discount_all_sim\sub15.jld,15
c_,0.24609375,0.24609375,updated,C:\Users\zyfxl\OneDrive - UC Irvine\UCI\CCNL Lab\Foraging Task Overview\foraging_MQLP-main\foraging_MQLP-main\model\model_parameter_recovery_clean_version\generate sim data with free alpha range\fit_params\adaptive_discount_all_sim\sub15.jld,15
a_,5.36865234375,7.368652344,updated,C:\Users\zyfxl\OneDrive - UC Irvine\UCI\CCNL Lab\Foraging Task Overview\foraging_MQLP-main\foraging_MQLP-main\model\model_parameter_recovery_clean_version\generate sim data with free alpha range\fit_params\adaptive_discount_all_sim\sub150.jld,150
b_,-1.9091796875,-1.909179688,updated,C:\Users\zyfxl\OneDrive - UC Irvine\UCI\CCNL Lab\Foraging Task Overview\foraging_MQLP-main\foraging_MQLP-main\model\model_parameter_recovery_clean_version\generate sim data with free alpha range\fit_params\adaptive_discount_all_sim\sub150.jld,150
c_,0.23876953125,0.238769531,updated,C:\Users\zyfxl\OneDrive - UC Irvine\UCI\CCNL Lab\Foraging Task Overview\foraging_MQLP-main\foraging_MQLP-main\model\model_parameter_recovery_clean_version\generate sim data with free alpha range\fit_params\adaptive_discount_all_sim\sub150.jld,150
a_,6.53076171875,6.530761719,updated,C:\Users\zyfxl\OneDrive - UC Irvine\UCI\CCNL Lab\Foraging Task Overview\foraging_MQLP-main\foraging_MQLP-main\model\model_parameter_recovery_clean_version\generate sim data with free alpha range\fit_params\adaptive_discount_all_sim\sub151.jld,151
b_,8.2275390625,8.227539063,updated,C:\Users\zyfxl\OneDrive - UC Irvine\UCI\CCNL Lab\Foraging Task Overview\foraging_MQLP-main\foraging_MQLP-main\model\model_parameter_recovery_clean_version\generate sim data with free alpha range\fit_params\adaptive_discount_all_sim\sub151.jld,151
c_,-1.19677734375,-1.196777344,updated,C:\Users\zyfxl\OneDrive - UC Irvine\UCI\CCNL Lab\Foraging Task Overview\foraging_MQLP-main\foraging_MQLP-main\model\model_parameter_recovery_clean_version\generate sim data with free alpha range\fit_params\adaptive_discount_all_sim\sub151.jld,151
a_,1.6650390625,1.665039063,updated,C:\Users\zyfxl\OneDrive - UC Irvine\UCI\CCNL Lab\Foraging Task Overview\foraging_MQLP-main\foraging_MQLP-main\model\model_parameter_recovery_clean_version\generate sim data with free alpha range\fit_params\adaptive_discount_all_sim\sub152.jld,152
b_,2.666015625,2.666015625,updated,C:\Users\zyfxl\OneDrive - UC Irvine\UCI\CCNL Lab\Foraging Task Overview\foraging_MQLP-main\foraging_MQLP-main\model\model_parameter_recovery_clean_version\generate sim data with free alpha range\fit_params\adaptive_discount_all_sim\sub152.jld,152
c_,0.0205078125,0.020507813,updated,C:\Users\zyfxl\OneDrive - UC Irvine\UCI\CCNL Lab\Foraging Task Overview\foraging_MQLP-main\foraging_MQLP-main\model\model_parameter_recovery_clean_version\generate sim data with free alpha range\fit_params\adaptive_discount_all_sim\sub152.jld,152
a_,4.79248046875,8.792480469,updated,C:\Users\zyfxl\OneDrive - UC Irvine\UCI\CCNL Lab\Foraging Task Overview\foraging_MQLP-main\foraging_MQLP-main\model\model_parameter_recovery_clean_version\generate sim data with free alpha range\fit_params\adaptive_discount_all_sim\sub153.jld,153
b_,-2.2802734375,-2.280273438,updated,C:\Users\zyfxl\OneDrive - UC Irvine\UCI\CCNL Lab\Foraging Task Overview\foraging_MQLP-main\foraging_MQLP-main\model\model_parameter_recovery_clean_version\generate sim data with free alpha range\fit_params\adaptive_discount_all_sim\sub153.jld,153
c_,0.12744140625,0.127441406,updated,C:\Users\zyfxl\OneDrive - UC Irvine\UCI\CCNL Lab\Foraging Task Overview\foraging_MQLP-main\foraging_MQLP-main\model\model_parameter_recovery_clean_version\generate sim data with free alpha range\fit_params\adaptive_discount_all_sim\sub153.jld,153
a_,9.47998046875,9.479980469,updated,C:\Users\zyfxl\OneDrive - UC Irvine\UCI\CCNL Lab\Foraging Task Overview\foraging_MQLP-main\foraging_MQLP-main\model\model_parameter_recovery_clean_version\generate sim data with free alpha range\fit_params\adaptive_discount_all_sim\sub154.jld,154
b_,-1.6552734375,-1.655273438,updated,C:\Users\zyfxl\OneDrive - UC Irvine\UCI\CCNL Lab\Foraging Task Overview\foraging_MQLP-main\foraging_MQLP-main\model\model_parameter_recovery_clean_version\generate sim data with free alpha range\fit_params\adaptive_discount_all_sim\sub154.jld,154
c_,2.56494140625,2.564941406,updated,C:\Users\zyfxl\OneDrive - UC Irvine\UCI\CCNL Lab\Foraging Task Overview\foraging_MQLP-main\foraging_MQLP-main\model\model_parameter_recovery_clean_version\generate sim data with free alpha range\fit_params\adaptive_discount_all_sim\sub154.jld,154
a_,3.193359375,3.193359375,updated,C:\Users\zyfxl\OneDrive - UC Irvine\UCI\CCNL Lab\Foraging Task Overview\foraging_MQLP-main\foraging_MQLP-main\model\model_parameter_recovery_clean_version\generate sim data with free alpha range\fit_params\adaptive_discount_all_sim\sub155.jld,155
b_,1.19140625,1.19140625,updated,C:\Users\zyfxl\OneDrive - UC Irvine\UCI\CCNL Lab\Foraging Task Overview\foraging_MQLP-main\foraging_MQLP-main\model\model_parameter_recovery_clean_version\generate sim data with free alpha range\fit_params\adaptive_discount_all_sim\sub155.jld,155
c_,-0.720703125,-0.720703125,updated,C:\Users\zyfxl\OneDrive - UC Irvine\UCI\CCNL Lab\Foraging Task Overview\foraging_MQLP-main\foraging_MQLP-main\model\model_parameter_recovery_clean_version\generate sim data with free alpha range\fit_params\adaptive_discount_all_sim\sub155.jld,155
a_,9.2822265625,5.282226563,updated,C:\Users\zyfxl\OneDrive - UC Irvine\UCI\CCNL Lab\Foraging Task Overview\foraging_MQLP-main\foraging_MQLP-main\model\model_parameter_recovery_clean_version\generate sim data with free alpha range\fit_params\adaptive_discount_all_sim\sub156.jld,156
b_,-0.380859375,-0.380859375,updated,C:\Users\zyfxl\OneDrive - UC Irvine\UCI\CCNL Lab\Foraging Task Overview\foraging_MQLP-main\foraging_MQLP-main\model\model_parameter_recovery_clean_version\generate sim data with free alpha range\fit_params\adaptive_discount_all_sim\sub156.jld,156
c_,2.0595703125,2.059570313,updated,C:\Users\zyfxl\OneDrive - UC Irvine\UCI\CCNL Lab\Foraging Task Overview\foraging_MQLP-main\foraging_MQLP-main\model\model_parameter_recovery_clean_version\generate sim data with free alpha range\fit_params\adaptive_discount_all_sim\sub156.jld,156
a_,2.880859375,2.880859375,updated,C:\Users\zyfxl\OneDrive - UC Irvine\UCI\CCNL Lab\Foraging Task Overview\foraging_MQLP-main\foraging_MQLP-main\model\model_parameter_recovery_clean_version\generate sim data with free alpha range\fit_params\adaptive_discount_all_sim\sub157.jld,157
b_,9.31640625,9.31640625,updated,C:\Users\zyfxl\OneDrive - UC Irvine\UCI\CCNL Lab\Foraging Task Overview\foraging_MQLP-main\foraging_MQLP-main\model\model_parameter_recovery_clean_version\generate sim data with free alpha range\fit_params\adaptive_discount_all_sim\sub157.jld,157
c_,-2.408203125,-2.408203125,updated,C:\Users\zyfxl\OneDrive - UC Irvine\UCI\CCNL Lab\Foraging Task Overview\foraging_MQLP-main\foraging_MQLP-main\model\model_parameter_recovery_clean_version\generate sim data with free alpha range\fit_params\adaptive_discount_all_sim\sub157.jld,157
a_,3.5791015625,5.579101563,updated,C:\Users\zyfxl\OneDrive - UC Irvine\UCI\CCNL Lab\Foraging Task Overview\foraging_MQLP-main\foraging_MQLP-main\model\model_parameter_recovery_clean_version\generate sim data with free alpha range\fit_params\adaptive_discount_all_sim\sub158.jld,158
b_,6.025390625,6.025390625,updated,C:\Users\zyfxl\OneDrive - UC Irvine\UCI\CCNL Lab\Foraging Task Overview\foraging_MQLP-main\foraging_MQLP-main\model\model_parameter_recovery_clean_version\generate sim data with free alpha range\fit_params\adaptive_discount_all_sim\sub158.jld,158
c_,-0.2373046875,-0.237304688,updated,C:\Users\zyfxl\OneDrive - UC Irvine\UCI\CCNL Lab\Foraging Task Overview\foraging_MQLP-main\foraging_MQLP-main\model\model_parameter_recovery_clean_version\generate sim data with free alpha range\fit_params\adaptive_discount_all_sim\sub158.jld,158
a_,8.1982421875,8.198242188,updated,C:\Users\zyfxl\OneDrive - UC Irvine\UCI\CCNL Lab\Foraging Task Overview\foraging_MQLP-main\foraging_MQLP-main\model\model_parameter_recovery_clean_version\generate sim data with free alpha range\fit_params\adaptive_discount_all_sim\sub159.jld,159
b_,3.740234375,3.740234375,updated,C:\Users\zyfxl\OneDrive - UC Irvine\UCI\CCNL Lab\Foraging Task Overview\foraging_MQLP-main\foraging_MQLP-main\model\model_parameter_recovery_clean_version\generate sim data with free alpha range\fit_params\adaptive_discount_all_sim\sub159.jld,159
c_,-2.6455078125,-2.645507813,updated,C:\Users\zyfxl\OneDrive - UC Irvine\UCI\CCNL Lab\Foraging Task Overview\foraging_MQLP-main\foraging_MQLP-main\model\model_parameter_recovery_clean_version\generate sim data with free alpha range\fit_params\adaptive_discount_all_sim\sub159.jld,159
a_,7.841796875,5.841796875,updated,C:\Users\zyfxl\OneDrive - UC Irvine\UCI\CCNL Lab\Foraging Task Overview\foraging_MQLP-main\foraging_MQLP-main\model\model_parameter_recovery_clean_version\generate sim data with free alpha range\fit_params\adaptive_discount_all_sim\sub16.jld,16
b_,0.64453125,0.64453125,updated,C:\Users\zyfxl\OneDrive - UC Irvine\UCI\CCNL Lab\Foraging Task Overview\foraging_MQLP-main\foraging_MQLP-main\model\model_parameter_recovery_clean_version\generate sim data with free alpha range\fit_params\adaptive_discount_all_sim\sub16.jld,16
c_,-0.837890625,-0.837890625,updated,C:\Users\zyfxl\OneDrive - UC Irvine\UCI\CCNL Lab\Foraging Task Overview\foraging_MQLP-main\foraging_MQLP-main\model\model_parameter_recovery_clean_version\generate sim data with free alpha range\fit_params\adaptive_discount_all_sim\sub16.jld,16
a_,8.935546875,8.935546875,updated,C:\Users\zyfxl\OneDrive - UC Irvine\UCI\CCNL Lab\Foraging Task Overview\foraging_MQLP-main\foraging_MQLP-main\model\model_parameter_recovery_clean_version\generate sim data with free alpha range\fit_params\adaptive_discount_all_sim\sub160.jld,160
b_,-1.54296875,-1.54296875,updated,C:\Users\zyfxl\OneDrive - UC Irvine\UCI\CCNL Lab\Foraging Task Overview\foraging_MQLP-main\foraging_MQLP-main\model\model_parameter_recovery_clean_version\generate sim data with free alpha range\fit_params\adaptive_discount_all_sim\sub160.jld,160
c_,0.193359375,0.193359375,updated,C:\Users\zyfxl\OneDrive - UC Irvine\UCI\CCNL Lab\Foraging Task Overview\foraging_MQLP-main\foraging_MQLP-main\model\model_parameter_recovery_clean_version\generate sim data with free alpha range\fit_params\adaptive_discount_all_sim\sub160.jld,160
a_,0.234375,0.234375,updated,C:\Users\zyfxl\OneDrive - UC Irvine\UCI\CCNL Lab\Foraging Task Overview\foraging_MQLP-main\foraging_MQLP-main\model\model_parameter_recovery_clean_version\generate sim data with free alpha range\fit_params\adaptive_discount_all_sim\sub161.jld,161
b_,-2.03125,-2.03125,updated,C:\Users\zyfxl\OneDrive - UC Irvine\UCI\CCNL Lab\Foraging Task Overview\foraging_MQLP-main\foraging_MQLP-main\model\model_parameter_recovery_clean_version\generate sim data with free alpha range\fit_params\adaptive_discount_all_sim\sub161.jld,161
c_,1.921875,1.921875,updated,C:\Users\zyfxl\OneDrive - UC Irvine\UCI\CCNL Lab\Foraging Task Overview\foraging_MQLP-main\foraging_MQLP-main\model\model_parameter_recovery_clean_version\generate sim data with free alpha range\fit_params\adaptive_discount_all_sim\sub161.jld,161
a_,8.935546875,8.935546875,updated,C:\Users\zyfxl\OneDrive - UC Irvine\UCI\CCNL Lab\Foraging Task Overview\foraging_MQLP-main\foraging_MQLP-main\model\model_parameter_recovery_clean_version\generate sim data with free alpha range\fit_params\adaptive_discount_all_sim\sub162.jld,162
b_,-1.54296875,-1.54296875,updated,C:\Users\zyfxl\OneDrive - UC Irvine\UCI\CCNL Lab\Foraging Task Overview\foraging_MQLP-main\foraging_MQLP-main\model\model_parameter_recovery_clean_version\generate sim data with free alpha range\fit_params\adaptive_discount_all_sim\sub162.jld,162
c_,0.193359375,0.193359375,updated,C:\Users\zyfxl\OneDrive - UC Irvine\UCI\CCNL Lab\Foraging Task Overview\foraging_MQLP-main\foraging_MQLP-main\model\model_parameter_recovery_clean_version\generate sim data with free alpha range\fit_params\adaptive_discount_all_sim\sub162.jld,162
a_,7.08984375,7.08984375,updated,C:\Users\zyfxl\OneDrive - UC Irvine\UCI\CCNL Lab\Foraging Task Overview\foraging_MQLP-main\foraging_MQLP-main\model\model_parameter_recovery_clean_version\generate sim data with free alpha range\fit_params\adaptive_discount_all_sim\sub163.jld,163
b_,-2.2265625,-2.2265625,updated,C:\Users\zyfxl\OneDrive - UC Irvine\UCI\CCNL Lab\Foraging Task Overview\foraging_MQLP-main\foraging_MQLP-main\model\model_parameter_recovery_clean_version\generate sim data with free alpha range\fit_params\adaptive_discount_all_sim\sub163.jld,163
c_,0.03515625,0.03515625,updated,C:\Users\zyfxl\OneDrive - UC Irvine\UCI\CCNL Lab\Foraging Task Overview\foraging_MQLP-main\foraging_MQLP-main\model\model_parameter_recovery_clean_version\generate sim data with free alpha range\fit_params\adaptive_discount_all_sim\sub163.jld,163
a_,5.0634765625,5.063476563,updated,C:\Users\zyfxl\OneDrive - UC Irvine\UCI\CCNL Lab\Foraging Task Overview\foraging_MQLP-main\foraging_MQLP-main\model\model_parameter_recovery_clean_version\generate sim data with free alpha range\fit_params\adaptive_discount_all_sim\sub164.jld,164
b_,-2.568359375,-2.568359375,updated,C:\Users\zyfxl\OneDrive - UC Irvine\UCI\CCNL Lab\Foraging Task Overview\foraging_MQLP-main\foraging_MQLP-main\model\model_parameter_recovery_clean_version\generate sim data with free alpha range\fit_params\adaptive_discount_all_sim\sub164.jld,164
c_,1.5908203125,1.590820313,updated,C:\Users\zyfxl\OneDrive - UC Irvine\UCI\CCNL Lab\Foraging Task Overview\foraging_MQLP-main\foraging_MQLP-main\model\model_parameter_recovery_clean_version\generate sim data with free alpha range\fit_params\adaptive_discount_all_sim\sub164.jld,164
a_,5.771484375,5.771484375,updated,C:\Users\zyfxl\OneDrive - UC Irvine\UCI\CCNL Lab\Foraging Task Overview\foraging_MQLP-main\foraging_MQLP-main\model\model_parameter_recovery_clean_version\generate sim data with free alpha range\fit_params\adaptive_discount_all_sim\sub165.jld,165
b_,-2.08984375,-2.08984375,updated,C:\Users\zyfxl\OneDrive - UC Irvine\UCI\CCNL Lab\Foraging Task Overview\foraging_MQLP-main\foraging_MQLP-main\model\model_parameter_recovery_clean_version\generate sim data with free alpha range\fit_params\adaptive_discount_all_sim\sub165.jld,165
c_,1.107421875,1.107421875,updated,C:\Users\zyfxl\OneDrive - UC Irvine\UCI\CCNL Lab\Foraging Task Overview\foraging_MQLP-main\foraging_MQLP-main\model\model_parameter_recovery_clean_version\generate sim data with free alpha range\fit_params\adaptive_discount_all_sim\sub165.jld,165
a_,3.26171875,3.26171875,updated,C:\Users\zyfxl\OneDrive - UC Irvine\UCI\CCNL Lab\Foraging Task Overview\foraging_MQLP-main\foraging_MQLP-main\model\model_parameter_recovery_clean_version\generate sim data with free alpha range\fit_params\adaptive_discount_all_sim\sub166.jld,166
b_,7.9296875,7.9296875,updated,C:\Users\zyfxl\OneDrive - UC Irvine\UCI\CCNL Lab\Foraging Task Overview\foraging_MQLP-main\foraging_MQLP-main\model\model_parameter_recovery_clean_version\generate sim data with free alpha range\fit_params\adaptive_discount_all_sim\sub166.jld,166
c_,-0.29296875,-0.29296875,updated,C:\Users\zyfxl\OneDrive - UC Irvine\UCI\CCNL Lab\Foraging Task Overview\foraging_MQLP-main\foraging_MQLP-main\model\model_parameter_recovery_clean_version\generate sim data with free alpha range\fit_params\adaptive_discount_all_sim\sub166.jld,166
a_,3.34716796875,3.347167969,updated,C:\Users\zyfxl\OneDrive - UC Irvine\UCI\CCNL Lab\Foraging Task Overview\foraging_MQLP-main\foraging_MQLP-main\model\model_parameter_recovery_clean_version\generate sim data with free alpha range\fit_params\adaptive_discount_all_sim\sub167.jld,167
b_,6.5478515625,6.547851563,updated,C:\Users\zyfxl\OneDrive - UC Irvine\UCI\CCNL Lab\Foraging Task Overview\foraging_MQLP-main\foraging_MQLP-main\model\model_parameter_recovery_clean_version\generate sim data with free alpha range\fit_params\adaptive_discount_all_sim\sub167.jld,167
c_,-2.38037109375,-2.380371094,updated,C:\Users\zyfxl\OneDrive - UC Irvine\UCI\CCNL Lab\Foraging Task Overview\foraging_MQLP-main\foraging_MQLP-main\model\model_parameter_recovery_clean_version\generate sim data with free alpha range\fit_params\adaptive_discount_all_sim\sub167.jld,167
a_,8.89404296875,4.894042969,updated,C:\Users\zyfxl\OneDrive - UC Irvine\UCI\CCNL Lab\Foraging Task Overview\foraging_MQLP-main\foraging_MQLP-main\model\model_parameter_recovery_clean_version\generate sim data with free alpha range\fit_params\adaptive_discount_all_sim\sub168.jld,168
b_,-2.0458984375,-2.045898438,updated,C:\Users\zyfxl\OneDrive - UC Irvine\UCI\CCNL Lab\Foraging Task Overview\foraging_MQLP-main\foraging_MQLP-main\model\model_parameter_recovery_clean_version\generate sim data with free alpha range\fit_params\adaptive_discount_all_sim\sub168.jld,168
c_,1.32275390625,1.322753906,updated,C:\Users\zyfxl\OneDrive - UC Irvine\UCI\CCNL Lab\Foraging Task Overview\foraging_MQLP-main\foraging_MQLP-main\model\model_parameter_recovery_clean_version\generate sim data with free alpha range\fit_params\adaptive_discount_all_sim\sub168.jld,168
a_,2.265625,2.265625,updated,C:\Users\zyfxl\OneDrive - UC Irvine\UCI\CCNL Lab\Foraging Task Overview\foraging_MQLP-main\foraging_MQLP-main\model\model_parameter_recovery_clean_version\generate sim data with free alpha range\fit_params\adaptive_discount_all_sim\sub169.jld,169
b_,-1.09375,-1.09375,updated,C:\Users\zyfxl\OneDrive - UC Irvine\UCI\CCNL Lab\Foraging Task Overview\foraging_MQLP-main\foraging_MQLP-main\model\model_parameter_recovery_clean_version\generate sim data with free alpha range\fit_params\adaptive_discount_all_sim\sub169.jld,169
c_,0.515625,0.515625,updated,C:\Users\zyfxl\OneDrive - UC Irvine\UCI\CCNL Lab\Foraging Task Overview\foraging_MQLP-main\foraging_MQLP-main\model\model_parameter_recovery_clean_version\generate sim data with free alpha range\fit_params\adaptive_discount_all_sim\sub169.jld,169
a_,9.7216796875,5.721679688,updated,C:\Users\zyfxl\OneDrive - UC Irvine\UCI\CCNL Lab\Foraging Task Overview\foraging_MQLP-main\foraging_MQLP-main\model\model_parameter_recovery_clean_version\generate sim data with free alpha range\fit_params\adaptive_discount_all_sim\sub17.jld,17
b_,-0.556640625,-0.556640625,updated,C:\Users\zyfxl\OneDrive - UC Irvine\UCI\CCNL Lab\Foraging Task Overview\foraging_MQLP-main\foraging_MQLP-main\model\model_parameter_recovery_clean_version\generate sim data with free alpha range\fit_params\adaptive_discount_all_sim\sub17.jld,17
c_,-1.4501953125,-1.450195313,updated,C:\Users\zyfxl\OneDrive - UC Irvine\UCI\CCNL Lab\Foraging Task Overview\foraging_MQLP-main\foraging_MQLP-main\model\model_parameter_recovery_clean_version\generate sim data with free alpha range\fit_params\adaptive_discount_all_sim\sub17.jld,17
a_,6.2890625,6.2890625,updated,C:\Users\zyfxl\OneDrive - UC Irvine\UCI\CCNL Lab\Foraging Task Overview\foraging_MQLP-main\foraging_MQLP-main\model\model_parameter_recovery_clean_version\generate sim data with free alpha range\fit_params\adaptive_discount_all_sim\sub170.jld,170
b_,7.421875,7.421875,updated,C:\Users\zyfxl\OneDrive - UC Irvine\UCI\CCNL Lab\Foraging Task Overview\foraging_MQLP-main\foraging_MQLP-main\model\model_parameter_recovery_clean_version\generate sim data with free alpha range\fit_params\adaptive_discount_all_sim\sub170.jld,170
c_,-2.1328125,-2.1328125,updated,C:\Users\zyfxl\OneDrive - UC Irvine\UCI\CCNL Lab\Foraging Task Overview\foraging_MQLP-main\foraging_MQLP-main\model\model_parameter_recovery_clean_version\generate sim data with free alpha range\fit_params\adaptive_discount_all_sim\sub170.jld,170
a_,2.89794921875,2.897949219,updated,C:\Users\zyfxl\OneDrive - UC Irvine\UCI\CCNL Lab\Foraging Task Overview\foraging_MQLP-main\foraging_MQLP-main\model\model_parameter_recovery_clean_version\generate sim data with free alpha range\fit_params\adaptive_discount_all_sim\sub171.jld,171
b_,3.9306640625,3.930664063,updated,C:\Users\zyfxl\OneDrive - UC Irvine\UCI\CCNL Lab\Foraging Task Overview\foraging_MQLP-main\foraging_MQLP-main\model\model_parameter_recovery_clean_version\generate sim data with free alpha range\fit_params\adaptive_discount_all_sim\sub171.jld,171
c_,-2.29833984375,-2.298339844,updated,C:\Users\zyfxl\OneDrive - UC Irvine\UCI\CCNL Lab\Foraging Task Overview\foraging_MQLP-main\foraging_MQLP-main\model\model_parameter_recovery_clean_version\generate sim data with free alpha range\fit_params\adaptive_discount_all_sim\sub171.jld,171
a_,6.904296875,5.904296875,updated,C:\Users\zyfxl\OneDrive - UC Irvine\UCI\CCNL Lab\Foraging Task Overview\foraging_MQLP-main\foraging_MQLP-main\model\model_parameter_recovery_clean_version\generate sim data with free alpha range\fit_params\adaptive_discount_all_sim\sub172.jld,172
b_,1.26953125,1.26953125,updated,C:\Users\zyfxl\OneDrive - UC Irvine\UCI\CCNL Lab\Foraging Task Overview\foraging_MQLP-main\foraging_MQLP-main\model\model_parameter_recovery_clean_version\generate sim data with free alpha range\fit_params\adaptive_discount_all_sim\sub172.jld,172
c_,0.099609375,0.099609375,updated,C:\Users\zyfxl\OneDrive - UC Irvine\UCI\CCNL Lab\Foraging Task Overview\foraging_MQLP-main\foraging_MQLP-main\model\model_parameter_recovery_clean_version\generate sim data with free alpha range\fit_params\adaptive_discount_all_sim\sub172.jld,172
a_,9.833984375,9.833984375,updated,C:\Users\zyfxl\OneDrive - UC Irvine\UCI\CCNL Lab\Foraging Task Overview\foraging_MQLP-main\foraging_MQLP-main\model\model_parameter_recovery_clean_version\generate sim data with free alpha range\fit_params\adaptive_discount_all_sim\sub173.jld,173
b_,1.03515625,1.03515625,updated,C:\Users\zyfxl\OneDrive - UC Irvine\UCI\CCNL Lab\Foraging Task Overview\foraging_MQLP-main\foraging_MQLP-main\model\model_parameter_recovery_clean_version\generate sim data with free alpha range\fit_params\adaptive_discount_all_sim\sub173.jld,173
c_,2.419921875,2.419921875,updated,C:\Users\zyfxl\OneDrive - UC Irvine\UCI\CCNL Lab\Foraging Task Overview\foraging_MQLP-main\foraging_MQLP-main\model\model_parameter_recovery_clean_version\generate sim data with free alpha range\fit_params\adaptive_discount_all_sim\sub173.jld,173
a_,5.810546875,5.810546875,updated,C:\Users\zyfxl\OneDrive - UC Irvine\UCI\CCNL Lab\Foraging Task Overview\foraging_MQLP-main\foraging_MQLP-main\model\model_parameter_recovery_clean_version\generate sim data with free alpha range\fit_params\adaptive_discount_all_sim\sub174.jld,174
b_,9.70703125,9.70703125,updated,C:\Users\zyfxl\OneDrive - UC Irvine\UCI\CCNL Lab\Foraging Task Overview\foraging_MQLP-main\foraging_MQLP-main\model\model_parameter_recovery_clean_version\generate sim data with free alpha range\fit_params\adaptive_discount_all_sim\sub174.jld,174
c_,1.318359375,1.318359375,updated,C:\Users\zyfxl\OneDrive - UC Irvine\UCI\CCNL Lab\Foraging Task Overview\foraging_MQLP-main\foraging_MQLP-main\model\model_parameter_recovery_clean_version\generate sim data with free alpha range\fit_params\adaptive_discount_all_sim\sub174.jld,174
a_,4.9951171875,4.995117188,updated,C:\Users\zyfxl\OneDrive - UC Irvine\UCI\CCNL Lab\Foraging Task Overview\foraging_MQLP-main\foraging_MQLP-main\model\model_parameter_recovery_clean_version\generate sim data with free alpha range\fit_params\adaptive_discount_all_sim\sub175.jld,175
b_,-2.353515625,-2.353515625,updated,C:\Users\zyfxl\OneDrive - UC Irvine\UCI\CCNL Lab\Foraging Task Overview\foraging_MQLP-main\foraging_MQLP-main\model\model_parameter_recovery_clean_version\generate sim data with free alpha range\fit_params\adaptive_discount_all_sim\sub175.jld,175
c_,1.9951171875,1.995117188,updated,C:\Users\zyfxl\OneDrive - UC Irvine\UCI\CCNL Lab\Foraging Task Overview\foraging_MQLP-main\foraging_MQLP-main\model\model_parameter_recovery_clean_version\generate sim data with free alpha range\fit_params\adaptive_discount_all_sim\sub175.jld,175
a_,9.208984375,9.208984375,updated,C:\Users\zyfxl\OneDrive - UC Irvine\UCI\CCNL Lab\Foraging Task Overview\foraging_MQLP-main\foraging_MQLP-main\model\model_parameter_recovery_clean_version\generate sim data with free alpha range\fit_params\adaptive_discount_all_sim\sub176.jld,176
b_,-0.21484375,-0.21484375,updated,C:\Users\zyfxl\OneDrive - UC Irvine\UCI\CCNL Lab\Foraging Task Overview\foraging_MQLP-main\foraging_MQLP-main\model\model_parameter_recovery_clean_version\generate sim data with free alpha range\fit_params\adaptive_discount_all_sim\sub176.jld,176
c_,-0.205078125,-0.205078125,updated,C:\Users\zyfxl\OneDrive - UC Irvine\UCI\CCNL Lab\Foraging Task Overview\foraging_MQLP-main\foraging_MQLP-main\model\model_parameter_recovery_clean_version\generate sim data with free alpha range\fit_params\adaptive_discount_all_sim\sub176.jld,176
a_,5.4736328125,5.473632813,updated,C:\Users\zyfxl\OneDrive - UC Irvine\UCI\CCNL Lab\Foraging Task Overview\foraging_MQLP-main\foraging_MQLP-main\model\model_parameter_recovery_clean_version\generate sim data with free alpha range\fit_params\adaptive_discount_all_sim\sub177.jld,177
b_,-2.138671875,-2.138671875,updated,C:\Users\zyfxl\OneDrive - UC Irvine\UCI\CCNL Lab\Foraging Task Overview\foraging_MQLP-main\foraging_MQLP-main\model\model_parameter_recovery_clean_version\generate sim data with free alpha range\fit_params\adaptive_discount_all_sim\sub177.jld,177
c_,2.1181640625,2.118164063,updated,C:\Users\zyfxl\OneDrive - UC Irvine\UCI\CCNL Lab\Foraging Task Overview\foraging_MQLP-main\foraging_MQLP-main\model\model_parameter_recovery_clean_version\generate sim data with free alpha range\fit_params\adaptive_discount_all_sim\sub177.jld,177
a_,2.4853515625,2.485351563,updated,C:\Users\zyfxl\OneDrive - UC Irvine\UCI\CCNL Lab\Foraging Task Overview\foraging_MQLP-main\foraging_MQLP-main\model\model_parameter_recovery_clean_version\generate sim data with free alpha range\fit_params\adaptive_discount_all_sim\sub178.jld,178
b_,-2.412109375,-2.412109375,updated,C:\Users\zyfxl\OneDrive - UC Irvine\UCI\CCNL Lab\Foraging Task Overview\foraging_MQLP-main\foraging_MQLP-main\model\model_parameter_recovery_clean_version\generate sim data with free alpha range\fit_params\adaptive_discount_all_sim\sub178.jld,178
c_,0.2314453125,0.231445313,updated,C:\Users\zyfxl\OneDrive - UC Irvine\UCI\CCNL Lab\Foraging Task Overview\foraging_MQLP-main\foraging_MQLP-main\model\model_parameter_recovery_clean_version\generate sim data with free alpha range\fit_params\adaptive_discount_all_sim\sub178.jld,178
a_,0.126953125,0.126953125,updated,C:\Users\zyfxl\OneDrive - UC Irvine\UCI\CCNL Lab\Foraging Task Overview\foraging_MQLP-main\foraging_MQLP-main\model\model_parameter_recovery_clean_version\generate sim data with free alpha range\fit_params\adaptive_discount_all_sim\sub179.jld,179
b_,1.69921875,1.69921875,updated,C:\Users\zyfxl\OneDrive - UC Irvine\UCI\CCNL Lab\Foraging Task Overview\foraging_MQLP-main\foraging_MQLP-main\model\model_parameter_recovery_clean_version\generate sim data with free alpha range\fit_params\adaptive_discount_all_sim\sub179.jld,179
c_,2.056640625,2.056640625,updated,C:\Users\zyfxl\OneDrive - UC Irvine\UCI\CCNL Lab\Foraging Task Overview\foraging_MQLP-main\foraging_MQLP-main\model\model_parameter_recovery_clean_version\generate sim data with free alpha range\fit_params\adaptive_discount_all_sim\sub179.jld,179
a_,8.154296875,8.154296875,updated,C:\Users\zyfxl\OneDrive - UC Irvine\UCI\CCNL Lab\Foraging Task Overview\foraging_MQLP-main\foraging_MQLP-main\model\model_parameter_recovery_clean_version\generate sim data with free alpha range\fit_params\adaptive_discount_all_sim\sub18.jld,18
b_,8.76953125,8.76953125,updated,C:\Users\zyfxl\OneDrive - UC Irvine\UCI\CCNL Lab\Foraging Task Overview\foraging_MQLP-main\foraging_MQLP-main\model\model_parameter_recovery_clean_version\generate sim data with free alpha range\fit_params\adaptive_discount_all_sim\sub18.jld,18
c_,-2.150390625,-2.150390625,updated,C:\Users\zyfxl\OneDrive - UC Irvine\UCI\CCNL Lab\Foraging Task Overview\foraging_MQLP-main\foraging_MQLP-main\model\model_parameter_recovery_clean_version\generate sim data with free alpha range\fit_params\adaptive_discount_all_sim\sub18.jld,18
a_,7.9833984375,7.983398438,updated,C:\Users\zyfxl\OneDrive - UC Irvine\UCI\CCNL Lab\Foraging Task Overview\foraging_MQLP-main\foraging_MQLP-main\model\model_parameter_recovery_clean_version\generate sim data with free alpha range\fit_params\adaptive_discount_all_sim\sub180.jld,180
b_,-2.158203125,-2.158203125,updated,C:\Users\zyfxl\OneDrive - UC Irvine\UCI\CCNL Lab\Foraging Task Overview\foraging_MQLP-main\foraging_MQLP-main\model\model_parameter_recovery_clean_version\generate sim data with free alpha range\fit_params\adaptive_discount_all_sim\sub180.jld,180
c_,0.1552734375,0.155273438,updated,C:\Users\zyfxl\OneDrive - UC Irvine\UCI\CCNL Lab\Foraging Task Overview\foraging_MQLP-main\foraging_MQLP-main\model\model_parameter_recovery_clean_version\generate sim data with free alpha range\fit_params\adaptive_discount_all_sim\sub180.jld,180
a_,8.0615234375,8.061523438,updated,C:\Users\zyfxl\OneDrive - UC Irvine\UCI\CCNL Lab\Foraging Task Overview\foraging_MQLP-main\foraging_MQLP-main\model\model_parameter_recovery_clean_version\generate sim data with free alpha range\fit_params\adaptive_discount_all_sim\sub181.jld,181
b_,6.123046875,6.123046875,updated,C:\Users\zyfxl\OneDrive - UC Irvine\UCI\CCNL Lab\Foraging Task Overview\foraging_MQLP-main\foraging_MQLP-main\model\model_parameter_recovery_clean_version\generate sim data with free alpha range\fit_params\adaptive_discount_all_sim\sub181.jld,181
c_,-2.7978515625,-2.797851563,updated,C:\Users\zyfxl\OneDrive - UC Irvine\UCI\CCNL Lab\Foraging Task Overview\foraging_MQLP-main\foraging_MQLP-main\model\model_parameter_recovery_clean_version\generate sim data with free alpha range\fit_params\adaptive_discount_all_sim\sub181.jld,181
a_,0.419921875,0.419921875,updated,C:\Users\zyfxl\OneDrive - UC Irvine\UCI\CCNL Lab\Foraging Task Overview\foraging_MQLP-main\foraging_MQLP-main\model\model_parameter_recovery_clean_version\generate sim data with free alpha range\fit_params\adaptive_discount_all_sim\sub182.jld,182
b_,-2.32421875,-2.32421875,updated,C:\Users\zyfxl\OneDrive - UC Irvine\UCI\CCNL Lab\Foraging Task Overview\foraging_MQLP-main\foraging_MQLP-main\model\model_parameter_recovery_clean_version\generate sim data with free alpha range\fit_params\adaptive_discount_all_sim\sub182.jld,182
c_,0.427734375,0.427734375,updated,C:\Users\zyfxl\OneDrive - UC Irvine\UCI\CCNL Lab\Foraging Task Overview\foraging_MQLP-main\foraging_MQLP-main\model\model_parameter_recovery_clean_version\generate sim data with free alpha range\fit_params\adaptive_discount_all_sim\sub182.jld,182
a_,8.65234375,8.65234375,updated,C:\Users\zyfxl\OneDrive - UC Irvine\UCI\CCNL Lab\Foraging Task Overview\foraging_MQLP-main\foraging_MQLP-main\model\model_parameter_recovery_clean_version\generate sim data with free alpha range\fit_params\adaptive_discount_all_sim\sub183.jld,183
b_,0.8984375,0.8984375,updated,C:\Users\zyfxl\OneDrive - UC Irvine\UCI\CCNL Lab\Foraging Task Overview\foraging_MQLP-main\foraging_MQLP-main\model\model_parameter_recovery_clean_version\generate sim data with free alpha range\fit_params\adaptive_discount_all_sim\sub183.jld,183
c_,1.72265625,1.72265625,updated,C:\Users\zyfxl\OneDrive - UC Irvine\UCI\CCNL Lab\Foraging Task Overview\foraging_MQLP-main\foraging_MQLP-main\model\model_parameter_recovery_clean_version\generate sim data with free alpha range\fit_params\adaptive_discount_all_sim\sub183.jld,183
a_,4.3310546875,4.331054688,updated,C:\Users\zyfxl\OneDrive - UC Irvine\UCI\CCNL Lab\Foraging Task Overview\foraging_MQLP-main\foraging_MQLP-main\model\model_parameter_recovery_clean_version\generate sim data with free alpha range\fit_params\adaptive_discount_all_sim\sub184.jld,184
b_,-1.337890625,-1.337890625,updated,C:\Users\zyfxl\OneDrive - UC Irvine\UCI\CCNL Lab\Foraging Task Overview\foraging_MQLP-main\foraging_MQLP-main\model\model_parameter_recovery_clean_version\generate sim data with free alpha range\fit_params\adaptive_discount_all_sim\sub184.jld,184
c_,0.0029296875,0.002929688,updated,C:\Users\zyfxl\OneDrive - UC Irvine\UCI\CCNL Lab\Foraging Task Overview\foraging_MQLP-main\foraging_MQLP-main\model\model_parameter_recovery_clean_version\generate sim data with free alpha range\fit_params\adaptive_discount_all_sim\sub184.jld,184
a_,6.26953125,6.26953125,updated,C:\Users\zyfxl\OneDrive - UC Irvine\UCI\CCNL Lab\Foraging Task Overview\foraging_MQLP-main\foraging_MQLP-main\model\model_parameter_recovery_clean_version\generate sim data with free alpha range\fit_params\adaptive_discount_all_sim\sub185.jld,185
b_,2.5390625,2.5390625,updated,C:\Users\zyfxl\OneDrive - UC Irvine\UCI\CCNL Lab\Foraging Task Overview\foraging_MQLP-main\foraging_MQLP-main\model\model_parameter_recovery_clean_version\generate sim data with free alpha range\fit_params\adaptive_discount_all_sim\sub185.jld,185
c_,0.19921875,0.19921875,updated,C:\Users\zyfxl\OneDrive - UC Irvine\UCI\CCNL Lab\Foraging Task Overview\foraging_MQLP-main\foraging_MQLP-main\model\model_parameter_recovery_clean_version\generate sim data with free alpha range\fit_params\adaptive_discount_all_sim\sub185.jld,185
a_,5.37109375,5.37109375,updated,C:\Users\zyfxl\OneDrive - UC Irvine\UCI\CCNL Lab\Foraging Task Overview\foraging_MQLP-main\foraging_MQLP-main\model\model_parameter_recovery_clean_version\generate sim data with free alpha range\fit_params\adaptive_discount_all_sim\sub186.jld,186
b_,-0.6640625,-0.6640625,updated,C:\Users\zyfxl\OneDrive - UC Irvine\UCI\CCNL Lab\Foraging Task Overview\foraging_MQLP-main\foraging_MQLP-main\model\model_parameter_recovery_clean_version\generate sim data with free alpha range\fit_params\adaptive_discount_all_sim\sub186.jld,186
c_,1.62890625,1.62890625,updated,C:\Users\zyfxl\OneDrive - UC Irvine\UCI\CCNL Lab\Foraging Task Overview\foraging_MQLP-main\foraging_MQLP-main\model\model_parameter_recovery_clean_version\generate sim data with free alpha range\fit_params\adaptive_discount_all_sim\sub186.jld,186
a_,2.50732421875,2.507324219,updated,C:\Users\zyfxl\OneDrive - UC Irvine\UCI\CCNL Lab\Foraging Task Overview\foraging_MQLP-main\foraging_MQLP-main\model\model_parameter_recovery_clean_version\generate sim data with free alpha range\fit_params\adaptive_discount_all_sim\sub187.jld,187
b_,1.2744140625,1.274414063,updated,C:\Users\zyfxl\OneDrive - UC Irvine\UCI\CCNL Lab\Foraging Task Overview\foraging_MQLP-main\foraging_MQLP-main\model\model_parameter_recovery_clean_version\generate sim data with free alpha range\fit_params\adaptive_discount_all_sim\sub187.jld,187
c_,-0.09521484375,-0.095214844,updated,C:\Users\zyfxl\OneDrive - UC Irvine\UCI\CCNL Lab\Foraging Task Overview\foraging_MQLP-main\foraging_MQLP-main\model\model_parameter_recovery_clean_version\generate sim data with free alpha range\fit_params\adaptive_discount_all_sim\sub187.jld,187
a_,0.78857421875,0.788574219,updated,C:\Users\zyfxl\OneDrive - UC Irvine\UCI\CCNL Lab\Foraging Task Overview\foraging_MQLP-main\foraging_MQLP-main\model\model_parameter_recovery_clean_version\generate sim data with free alpha range\fit_params\adaptive_discount_all_sim\sub188.jld,188
b_,-1.5380859375,-1.538085938,updated,C:\Users\zyfxl\OneDrive - UC Irvine\UCI\CCNL Lab\Foraging Task Overview\foraging_MQLP-main\foraging_MQLP-main\model\model_parameter_recovery_clean_version\generate sim data with free alpha range\fit_params\adaptive_discount_all_sim\sub188.jld,188
c_,-0.18896484375,-0.188964844,updated,C:\Users\zyfxl\OneDrive - UC Irvine\UCI\CCNL Lab\Foraging Task Overview\foraging_MQLP-main\foraging_MQLP-main\model\model_parameter_recovery_clean_version\generate sim data with free alpha range\fit_params\adaptive_discount_all_sim\sub188.jld,188
a_,3.056640625,2.056640625,updated,C:\Users\zyfxl\OneDrive - UC Irvine\UCI\CCNL Lab\Foraging Task Overview\foraging_MQLP-main\foraging_MQLP-main\model\model_parameter_recovery_clean_version\generate sim data with free alpha range\fit_params\adaptive_discount_all_sim\sub189.jld,189
b_,8.65234375,8.65234375,updated,C:\Users\zyfxl\OneDrive - UC Irvine\UCI\CCNL Lab\Foraging Task Overview\foraging_MQLP-main\foraging_MQLP-main\model\model_parameter_recovery_clean_version\generate sim data with free alpha range\fit_params\adaptive_discount_all_sim\sub189.jld,189
c_,-0.591796875,-0.591796875,updated,C:\Users\zyfxl\OneDrive - UC Irvine\UCI\CCNL Lab\Foraging Task Overview\foraging_MQLP-main\foraging_MQLP-main\model\model_parameter_recovery_clean_version\generate sim data with free alpha range\fit_params\adaptive_discount_all_sim\sub189.jld,189
a_,8.44482421875,3.444824219,updated,C:\Users\zyfxl\OneDrive - UC Irvine\UCI\CCNL Lab\Foraging Task Overview\foraging_MQLP-main\foraging_MQLP-main\model\model_parameter_recovery_clean_version\generate sim data with free alpha range\fit_params\adaptive_discount_all_sim\sub19.jld,19
b_,-1.8505859375,-1.850585938,updated,C:\Users\zyfxl\OneDrive - UC Irvine\UCI\CCNL Lab\Foraging Task Overview\foraging_MQLP-main\foraging_MQLP-main\model\model_parameter_recovery_clean_version\generate sim data with free alpha range\fit_params\adaptive_discount_all_sim\sub19.jld,19
c_,0.09228515625,0.092285156,updated,C:\Users\zyfxl\OneDrive - UC Irvine\UCI\CCNL Lab\Foraging Task Overview\foraging_MQLP-main\foraging_MQLP-main\model\model_parameter_recovery_clean_version\generate sim data with free alpha range\fit_params\adaptive_discount_all_sim\sub19.jld,19
a_,2.1875,6.1875,updated,C:\Users\zyfxl\OneDrive - UC Irvine\UCI\CCNL Lab\Foraging Task Overview\foraging_MQLP-main\foraging_MQLP-main\model\model_parameter_recovery_clean_version\generate sim data with free alpha range\fit_params\adaptive_discount_all_sim\sub190.jld,190
b_,6.875,6.875,updated,C:\Users\zyfxl\OneDrive - UC Irvine\UCI\CCNL Lab\Foraging Task Overview\foraging_MQLP-main\foraging_MQLP-main\model\model_parameter_recovery_clean_version\generate sim data with free alpha range\fit_params\adaptive_discount_all_sim\sub190.jld,190
c_,-2.4375,-2.4375,updated,C:\Users\zyfxl\OneDrive - UC Irvine\UCI\CCNL Lab\Foraging Task Overview\foraging_MQLP-main\foraging_MQLP-main\model\model_parameter_recovery_clean_version\generate sim data with free alpha range\fit_params\adaptive_discount_all_sim\sub190.jld,190
a_,7.3681640625,0.368164063,updated,C:\Users\zyfxl\OneDrive - UC Irvine\UCI\CCNL Lab\Foraging Task Overview\foraging_MQLP-main\foraging_MQLP-main\model\model_parameter_recovery_clean_version\generate sim data with free alpha range\fit_params\adaptive_discount_all_sim\sub191.jld,191
b_,4.072265625,4.072265625,updated,C:\Users\zyfxl\OneDrive - UC Irvine\UCI\CCNL Lab\Foraging Task Overview\foraging_MQLP-main\foraging_MQLP-main\model\model_parameter_recovery_clean_version\generate sim data with free alpha range\fit_params\adaptive_discount_all_sim\sub191.jld,191
c_,-1.4326171875,-1.432617188,updated,C:\Users\zyfxl\OneDrive - UC Irvine\UCI\CCNL Lab\Foraging Task Overview\foraging_MQLP-main\foraging_MQLP-main\model\model_parameter_recovery_clean_version\generate sim data with free alpha range\fit_params\adaptive_discount_all_sim\sub191.jld,191
a_,2.77099609375,2.770996094,updated,C:\Users\zyfxl\OneDrive - UC Irvine\UCI\CCNL Lab\Foraging Task Overview\foraging_MQLP-main\foraging_MQLP-main\model\model_parameter_recovery_clean_version\generate sim data with free alpha range\fit_params\adaptive_discount_all_sim\sub192.jld,192
b_,4.2236328125,4.223632813,updated,C:\Users\zyfxl\OneDrive - UC Irvine\UCI\CCNL Lab\Foraging Task Overview\foraging_MQLP-main\foraging_MQLP-main\model\model_parameter_recovery_clean_version\generate sim data with free alpha range\fit_params\adaptive_discount_all_sim\sub192.jld,192
c_,-0.80419921875,-0.804199219,updated,C:\Users\zyfxl\OneDrive - UC Irvine\UCI\CCNL Lab\Foraging Task Overview\foraging_MQLP-main\foraging_MQLP-main\model\model_parameter_recovery_clean_version\generate sim data with free alpha range\fit_params\adaptive_discount_all_sim\sub192.jld,192
a_,0.0146484375,0.014648438,updated,C:\Users\zyfxl\OneDrive - UC Irvine\UCI\CCNL Lab\Foraging Task Overview\foraging_MQLP-main\foraging_MQLP-main\model\model_parameter_recovery_clean_version\generate sim data with free alpha range\fit_params\adaptive_discount_all_sim\sub193.jld,193
b_,-2.470703125,-2.470703125,updated,C:\Users\zyfxl\OneDrive - UC Irvine\UCI\CCNL Lab\Foraging Task Overview\foraging_MQLP-main\foraging_MQLP-main\model\model_parameter_recovery_clean_version\generate sim data with free alpha range\fit_params\adaptive_discount_all_sim\sub193.jld,193
c_,-0.3134765625,-0.313476563,updated,C:\Users\zyfxl\OneDrive - UC Irvine\UCI\CCNL Lab\Foraging Task Overview\foraging_MQLP-main\foraging_MQLP-main\model\model_parameter_recovery_clean_version\generate sim data with free alpha range\fit_params\adaptive_discount_all_sim\sub193.jld,193
a_,5.00732421875,5.007324219,updated,C:\Users\zyfxl\OneDrive - UC Irvine\UCI\CCNL Lab\Foraging Task Overview\foraging_MQLP-main\foraging_MQLP-main\model\model_parameter_recovery_clean_version\generate sim data with free alpha range\fit_params\adaptive_discount_all_sim\sub194.jld,194
b_,6.2744140625,6.274414063,updated,C:\Users\zyfxl\OneDrive - UC Irvine\UCI\CCNL Lab\Foraging Task Overview\foraging_MQLP-main\foraging_MQLP-main\model\model_parameter_recovery_clean_version\generate sim data with free alpha range\fit_params\adaptive_discount_all_sim\sub194.jld,194
c_,-1.59521484375,-1.595214844,updated,C:\Users\zyfxl\OneDrive - UC Irvine\UCI\CCNL Lab\Foraging Task Overview\foraging_MQLP-main\foraging_MQLP-main\model\model_parameter_recovery_clean_version\generate sim data with free alpha range\fit_params\adaptive_discount_all_sim\sub194.jld,194
a_,8.85498046875,1.854980469,updated,C:\Users\zyfxl\OneDrive - UC Irvine\UCI\CCNL Lab\Foraging Task Overview\foraging_MQLP-main\foraging_MQLP-main\model\model_parameter_recovery_clean_version\generate sim data with free alpha range\fit_params\adaptive_discount_all_sim\sub195.jld,195
b_,2.0947265625,2.094726563,updated,C:\Users\zyfxl\OneDrive - UC Irvine\UCI\CCNL Lab\Foraging Task Overview\foraging_MQLP-main\foraging_MQLP-main\model\model_parameter_recovery_clean_version\generate sim data with free alpha range\fit_params\adaptive_discount_all_sim\sub195.jld,195
c_,-0.06005859375,-0.060058594,updated,C:\Users\zyfxl\OneDrive - UC Irvine\UCI\CCNL Lab\Foraging Task Overview\foraging_MQLP-main\foraging_MQLP-main\model\model_parameter_recovery_clean_version\generate sim data with free alpha range\fit_params\adaptive_discount_all_sim\sub195.jld,195
a_,3.154296875,3.154296875,updated,C:\Users\zyfxl\OneDrive - UC Irvine\UCI\CCNL Lab\Foraging Task Overview\foraging_MQLP-main\foraging_MQLP-main\model\model_parameter_recovery_clean_version\generate sim data with free alpha range\fit_params\adaptive_discount_all_sim\sub196.jld,196
b_,-1.23046875,-1.23046875,updated,C:\Users\zyfxl\OneDrive - UC Irvine\UCI\CCNL Lab\Foraging Task Overview\foraging_MQLP-main\foraging_MQLP-main\model\model_parameter_recovery_clean_version\generate sim data with free alpha range\fit_params\adaptive_discount_all_sim\sub196.jld,196
c_,0.849609375,0.849609375,updated,C:\Users\zyfxl\OneDrive - UC Irvine\UCI\CCNL Lab\Foraging Task Overview\foraging_MQLP-main\foraging_MQLP-main\model\model_parameter_recovery_clean_version\generate sim data with free alpha range\fit_params\adaptive_discount_all_sim\sub196.jld,196
a_,6.23779296875,5.237792969,updated,C:\Users\zyfxl\OneDrive - UC Irvine\UCI\CCNL Lab\Foraging Task Overview\foraging_MQLP-main\foraging_MQLP-main\model\model_parameter_recovery_clean_version\generate sim data with free alpha range\fit_params\adaptive_discount_all_sim\sub2.jld,2
b_,3.8916015625,3.891601563,updated,C:\Users\zyfxl\OneDrive - UC Irvine\UCI\CCNL Lab\Foraging Task Overview\foraging_MQLP-main\foraging_MQLP-main\model\model_parameter_recovery_clean_version\generate sim data with free alpha range\fit_params\adaptive_discount_all_sim\sub2.jld,2
c_,-1.58349609375,-1.583496094,updated,C:\Users\zyfxl\OneDrive - UC Irvine\UCI\CCNL Lab\Foraging Task Overview\foraging_MQLP-main\foraging_MQLP-main\model\model_parameter_recovery_clean_version\generate sim data with free alpha range\fit_params\adaptive_discount_all_sim\sub2.jld,2
a_,7.38037109375,5.380371094,updated,C:\Users\zyfxl\OneDrive - UC Irvine\UCI\CCNL Lab\Foraging Task Overview\foraging_MQLP-main\foraging_MQLP-main\model\model_parameter_recovery_clean_version\generate sim data with free alpha range\fit_params\adaptive_discount_all_sim\sub20.jld,20
b_,0.3173828125,0.317382813,updated,C:\Users\zyfxl\OneDrive - UC Irvine\UCI\CCNL Lab\Foraging Task Overview\foraging_MQLP-main\foraging_MQLP-main\model\model_parameter_recovery_clean_version\generate sim data with free alpha range\fit_params\adaptive_discount_all_sim\sub20.jld,20
c_,0.27392578125,0.273925781,updated,C:\Users\zyfxl\OneDrive - UC Irvine\UCI\CCNL Lab\Foraging Task Overview\foraging_MQLP-main\foraging_MQLP-main\model\model_parameter_recovery_clean_version\generate sim data with free alpha range\fit_params\adaptive_discount_all_sim\sub20.jld,20
a_,7.30224609375,7.302246094,updated,C:\Users\zyfxl\OneDrive - UC Irvine\UCI\CCNL Lab\Foraging Task Overview\foraging_MQLP-main\foraging_MQLP-main\model\model_parameter_recovery_clean_version\generate sim data with free alpha range\fit_params\adaptive_discount_all_sim\sub21.jld,21
b_,7.6611328125,7.661132813,updated,C:\Users\zyfxl\OneDrive - UC Irvine\UCI\CCNL Lab\Foraging Task Overview\foraging_MQLP-main\foraging_MQLP-main\model\model_parameter_recovery_clean_version\generate sim data with free alpha range\fit_params\adaptive_discount_all_sim\sub21.jld,21
c_,-0.89794921875,-0.897949219,updated,C:\Users\zyfxl\OneDrive - UC Irvine\UCI\CCNL Lab\Foraging Task Overview\foraging_MQLP-main\foraging_MQLP-main\model\model_parameter_recovery_clean_version\generate sim data with free alpha range\fit_params\adaptive_discount_all_sim\sub21.jld,21
a_,4.3310546875,7.331054688,updated,C:\Users\zyfxl\OneDrive - UC Irvine\UCI\CCNL Lab\Foraging Task Overview\foraging_MQLP-main\foraging_MQLP-main\model\model_parameter_recovery_clean_version\generate sim data with free alpha range\fit_params\adaptive_discount_all_sim\sub216.jld,216
b_,-1.337890625,-1.337890625,updated,C:\Users\zyfxl\OneDrive - UC Irvine\UCI\CCNL Lab\Foraging Task Overview\foraging_MQLP-main\foraging_MQLP-main\model\model_parameter_recovery_clean_version\generate sim data with free alpha range\fit_params\adaptive_discount_all_sim\sub216.jld,216
c_,0.0029296875,0.002929688,updated,C:\Users\zyfxl\OneDrive - UC Irvine\UCI\CCNL Lab\Foraging Task Overview\foraging_MQLP-main\foraging_MQLP-main\model\model_parameter_recovery_clean_version\generate sim data with free alpha range\fit_params\adaptive_discount_all_sim\sub216.jld,216
a_,1.71630859375,6.716308594,updated,C:\Users\zyfxl\OneDrive - UC Irvine\UCI\CCNL Lab\Foraging Task Overview\foraging_MQLP-main\foraging_MQLP-main\model\model_parameter_recovery_clean_version\generate sim data with free alpha range\fit_params\adaptive_discount_all_sim\sub22.jld,22
b_,-1.4794921875,-1.479492188,updated,C:\Users\zyfxl\OneDrive - UC Irvine\UCI\CCNL Lab\Foraging Task Overview\foraging_MQLP-main\foraging_MQLP-main\model\model_parameter_recovery_clean_version\generate sim data with free alpha range\fit_params\adaptive_discount_all_sim\sub22.jld,22
c_,0.29736328125,0.297363281,updated,C:\Users\zyfxl\OneDrive - UC Irvine\UCI\CCNL Lab\Foraging Task Overview\foraging_MQLP-main\foraging_MQLP-main\model\model_parameter_recovery_clean_version\generate sim data with free alpha range\fit_params\adaptive_discount_all_sim\sub22.jld,22
a_,9.7021484375,9.702148438,updated,C:\Users\zyfxl\OneDrive - UC Irvine\UCI\CCNL Lab\Foraging Task Overview\foraging_MQLP-main\foraging_MQLP-main\model\model_parameter_recovery_clean_version\generate sim data with free alpha range\fit_params\adaptive_discount_all_sim\sub224.jld,224
b_,9.404296875,9.404296875,updated,C:\Users\zyfxl\OneDrive - UC Irvine\UCI\CCNL Lab\Foraging Task Overview\foraging_MQLP-main\foraging_MQLP-main\model\model_parameter_recovery_clean_version\generate sim data with free alpha range\fit_params\adaptive_discount_all_sim\sub224.jld,224
c_,-2.0009765625,-2.000976563,updated,C:\Users\zyfxl\OneDrive - UC Irvine\UCI\CCNL Lab\Foraging Task Overview\foraging_MQLP-main\foraging_MQLP-main\model\model_parameter_recovery_clean_version\generate sim data with free alpha range\fit_params\adaptive_discount_all_sim\sub224.jld,224
a_,6.4306640625,6.430664063,updated,C:\Users\zyfxl\OneDrive - UC Irvine\UCI\CCNL Lab\Foraging Task Overview\foraging_MQLP-main\foraging_MQLP-main\model\model_parameter_recovery_clean_version\generate sim data with free alpha range\fit_params\adaptive_discount_all_sim\sub225.jld,225
b_,5.947265625,5.947265625,updated,C:\Users\zyfxl\OneDrive - UC Irvine\UCI\CCNL Lab\Foraging Task Overview\foraging_MQLP-main\foraging_MQLP-main\model\model_parameter_recovery_clean_version\generate sim data with free alpha range\fit_params\adaptive_discount_all_sim\sub225.jld,225
c_,-1.6201171875,-1.620117188,updated,C:\Users\zyfxl\OneDrive - UC Irvine\UCI\CCNL Lab\Foraging Task Overview\foraging_MQLP-main\foraging_MQLP-main\model\model_parameter_recovery_clean_version\generate sim data with free alpha range\fit_params\adaptive_discount_all_sim\sub225.jld,225
a_,7.90771484375,7.907714844,updated,C:\Users\zyfxl\OneDrive - UC Irvine\UCI\CCNL Lab\Foraging Task Overview\foraging_MQLP-main\foraging_MQLP-main\model\model_parameter_recovery_clean_version\generate sim data with free alpha range\fit_params\adaptive_discount_all_sim\sub226.jld,226
b_,8.9501953125,8.950195313,updated,C:\Users\zyfxl\OneDrive - UC Irvine\UCI\CCNL Lab\Foraging Task Overview\foraging_MQLP-main\foraging_MQLP-main\model\model_parameter_recovery_clean_version\generate sim data with free alpha range\fit_params\adaptive_discount_all_sim\sub226.jld,226
c_,-2.97216796875,-2.972167969,updated,C:\Users\zyfxl\OneDrive - UC Irvine\UCI\CCNL Lab\Foraging Task Overview\foraging_MQLP-main\foraging_MQLP-main\model\model_parameter_recovery_clean_version\generate sim data with free alpha range\fit_params\adaptive_discount_all_sim\sub226.jld,226
a_,5.5859375,5.5859375,updated,C:\Users\zyfxl\OneDrive - UC Irvine\UCI\CCNL Lab\Foraging Task Overview\foraging_MQLP-main\foraging_MQLP-main\model\model_parameter_recovery_clean_version\generate sim data with free alpha range\fit_params\adaptive_discount_all_sim\sub227.jld,227
b_,1.328125,1.328125,updated,C:\Users\zyfxl\OneDrive - UC Irvine\UCI\CCNL Lab\Foraging Task Overview\foraging_MQLP-main\foraging_MQLP-main\model\model_parameter_recovery_clean_version\generate sim data with free alpha range\fit_params\adaptive_discount_all_sim\sub227.jld,227
c_,-0.0234375,-0.0234375,updated,C:\Users\zyfxl\OneDrive - UC Irvine\UCI\CCNL Lab\Foraging Task Overview\foraging_MQLP-main\foraging_MQLP-main\model\model_parameter_recovery_clean_version\generate sim data with free alpha range\fit_params\adaptive_discount_all_sim\sub227.jld,227
a_,9.0185546875,9.018554688,updated,C:\Users\zyfxl\OneDrive - UC Irvine\UCI\CCNL Lab\Foraging Task Overview\foraging_MQLP-main\foraging_MQLP-main\model\model_parameter_recovery_clean_version\generate sim data with free alpha range\fit_params\adaptive_discount_all_sim\sub228.jld,228
b_,-1.962890625,-1.962890625,updated,C:\Users\zyfxl\OneDrive - UC Irvine\UCI\CCNL Lab\Foraging Task Overview\foraging_MQLP-main\foraging_MQLP-main\model\model_parameter_recovery_clean_version\generate sim data with free alpha range\fit_params\adaptive_discount_all_sim\sub228.jld,228
c_,2.4404296875,2.440429688,updated,C:\Users\zyfxl\OneDrive - UC Irvine\UCI\CCNL Lab\Foraging Task Overview\foraging_MQLP-main\foraging_MQLP-main\model\model_parameter_recovery_clean_version\generate sim data with free alpha range\fit_params\adaptive_discount_all_sim\sub228.jld,228
a_,2.50732421875,8.507324219,updated,C:\Users\zyfxl\OneDrive - UC Irvine\UCI\CCNL Lab\Foraging Task Overview\foraging_MQLP-main\foraging_MQLP-main\model\model_parameter_recovery_clean_version\generate sim data with free alpha range\fit_params\adaptive_discount_all_sim\sub23.jld,23
b_,1.2744140625,1.274414063,updated,C:\Users\zyfxl\OneDrive - UC Irvine\UCI\CCNL Lab\Foraging Task Overview\foraging_MQLP-main\foraging_MQLP-main\model\model_parameter_recovery_clean_version\generate sim data with free alpha range\fit_params\adaptive_discount_all_sim\sub23.jld,23
c_,-0.09521484375,-0.095214844,updated,C:\Users\zyfxl\OneDrive - UC Irvine\UCI\CCNL Lab\Foraging Task Overview\foraging_MQLP-main\foraging_MQLP-main\model\model_parameter_recovery_clean_version\generate sim data with free alpha range\fit_params\adaptive_discount_all_sim\sub23.jld,23
a_,6.3720703125,6.372070313,updated,C:\Users\zyfxl\OneDrive - UC Irvine\UCI\CCNL Lab\Foraging Task Overview\foraging_MQLP-main\foraging_MQLP-main\model\model_parameter_recovery_clean_version\generate sim data with free alpha range\fit_params\adaptive_discount_all_sim\sub230.jld,230
b_,6.689453125,6.689453125,updated,C:\Users\zyfxl\OneDrive - UC Irvine\UCI\CCNL Lab\Foraging Task Overview\foraging_MQLP-main\foraging_MQLP-main\model\model_parameter_recovery_clean_version\generate sim data with free alpha range\fit_params\adaptive_discount_all_sim\sub230.jld,230
c_,-1.3740234375,-1.374023438,updated,C:\Users\zyfxl\OneDrive - UC Irvine\UCI\CCNL Lab\Foraging Task Overview\foraging_MQLP-main\foraging_MQLP-main\model\model_parameter_recovery_clean_version\generate sim data with free alpha range\fit_params\adaptive_discount_all_sim\sub230.jld,230
a_,2.5537109375,5.553710938,updated,C:\Users\zyfxl\OneDrive - UC Irvine\UCI\CCNL Lab\Foraging Task Overview\foraging_MQLP-main\foraging_MQLP-main\model\model_parameter_recovery_clean_version\generate sim data with free alpha range\fit_params\adaptive_discount_all_sim\sub231.jld,231
b_,-2.548828125,-2.548828125,updated,C:\Users\zyfxl\OneDrive - UC Irvine\UCI\CCNL Lab\Foraging Task Overview\foraging_MQLP-main\foraging_MQLP-main\model\model_parameter_recovery_clean_version\generate sim data with free alpha range\fit_params\adaptive_discount_all_sim\sub231.jld,231
c_,-0.1962890625,-0.196289063,updated,C:\Users\zyfxl\OneDrive - UC Irvine\UCI\CCNL Lab\Foraging Task Overview\foraging_MQLP-main\foraging_MQLP-main\model\model_parameter_recovery_clean_version\generate sim data with free alpha range\fit_params\adaptive_discount_all_sim\sub231.jld,231
a_,2.90771484375,8.907714844,updated,C:\Users\zyfxl\OneDrive - UC Irvine\UCI\CCNL Lab\Foraging Task Overview\foraging_MQLP-main\foraging_MQLP-main\model\model_parameter_recovery_clean_version\generate sim data with free alpha range\fit_params\adaptive_discount_all_sim\sub24.jld,24
b_,-1.0498046875,-1.049804688,updated,C:\Users\zyfxl\OneDrive - UC Irvine\UCI\CCNL Lab\Foraging Task Overview\foraging_MQLP-main\foraging_MQLP-main\model\model_parameter_recovery_clean_version\generate sim data with free alpha range\fit_params\adaptive_discount_all_sim\sub24.jld,24
c_,0.02783203125,0.027832031,updated,C:\Users\zyfxl\OneDrive - UC Irvine\UCI\CCNL Lab\Foraging Task Overview\foraging_MQLP-main\foraging_MQLP-main\model\model_parameter_recovery_clean_version\generate sim data with free alpha range\fit_params\adaptive_discount_all_sim\sub24.jld,24
a_,2.744140625,2.744140625,updated,C:\Users\zyfxl\OneDrive - UC Irvine\UCI\CCNL Lab\Foraging Task Overview\foraging_MQLP-main\foraging_MQLP-main\model\model_parameter_recovery_clean_version\generate sim data with free alpha range\fit_params\adaptive_discount_all_sim\sub25.jld,25
b_,-1.97265625,-1.97265625,updated,C:\Users\zyfxl\OneDrive - UC Irvine\UCI\CCNL Lab\Foraging Task Overview\foraging_MQLP-main\foraging_MQLP-main\model\model_parameter_recovery_clean_version\generate sim data with free alpha range\fit_params\adaptive_discount_all_sim\sub25.jld,25
c_,0.345703125,0.345703125,updated,C:\Users\zyfxl\OneDrive - UC Irvine\UCI\CCNL Lab\Foraging Task Overview\foraging_MQLP-main\foraging_MQLP-main\model\model_parameter_recovery_clean_version\generate sim data with free alpha range\fit_params\adaptive_discount_all_sim\sub25.jld,25
a_,1.4892578125,1.489257813,updated,C:\Users\zyfxl\OneDrive - UC Irvine\UCI\CCNL Lab\Foraging Task Overview\foraging_MQLP-main\foraging_MQLP-main\model\model_parameter_recovery_clean_version\generate sim data with free alpha range\fit_params\adaptive_discount_all_sim\sub26.jld,26
b_,-1.982421875,-1.982421875,updated,C:\Users\zyfxl\OneDrive - UC Irvine\UCI\CCNL Lab\Foraging Task Overview\foraging_MQLP-main\foraging_MQLP-main\model\model_parameter_recovery_clean_version\generate sim data with free alpha range\fit_params\adaptive_discount_all_sim\sub26.jld,26
c_,-0.8349609375,-0.834960938,updated,C:\Users\zyfxl\OneDrive - UC Irvine\UCI\CCNL Lab\Foraging Task Overview\foraging_MQLP-main\foraging_MQLP-main\model\model_parameter_recovery_clean_version\generate sim data with free alpha range\fit_params\adaptive_discount_all_sim\sub26.jld,26
a_,5.27099609375,5.270996094,updated,C:\Users\zyfxl\OneDrive - UC Irvine\UCI\CCNL Lab\Foraging Task Overview\foraging_MQLP-main\foraging_MQLP-main\model\model_parameter_recovery_clean_version\generate sim data with free alpha range\fit_params\adaptive_discount_all_sim\sub27.jld,27
b_,9.2236328125,9.223632813,updated,C:\Users\zyfxl\OneDrive - UC Irvine\UCI\CCNL Lab\Foraging Task Overview\foraging_MQLP-main\foraging_MQLP-main\model\model_parameter_recovery_clean_version\generate sim data with free alpha range\fit_params\adaptive_discount_all_sim\sub27.jld,27
c_,-2.30419921875,-2.304199219,updated,C:\Users\zyfxl\OneDrive - UC Irvine\UCI\CCNL Lab\Foraging Task Overview\foraging_MQLP-main\foraging_MQLP-main\model\model_parameter_recovery_clean_version\generate sim data with free alpha range\fit_params\adaptive_discount_all_sim\sub27.jld,27
a_,8.935546875,8.935546875,updated,C:\Users\zyfxl\OneDrive - UC Irvine\UCI\CCNL Lab\Foraging Task Overview\foraging_MQLP-main\foraging_MQLP-main\model\model_parameter_recovery_clean_version\generate sim data with free alpha range\fit_params\adaptive_discount_all_sim\sub28.jld,28
b_,-1.54296875,-1.54296875,updated,C:\Users\zyfxl\OneDrive - UC Irvine\UCI\CCNL Lab\Foraging Task Overview\foraging_MQLP-main\foraging_MQLP-main\model\model_parameter_recovery_clean_version\generate sim data with free alpha range\fit_params\adaptive_discount_all_sim\sub28.jld,28
c_,0.193359375,0.193359375,updated,C:\Users\zyfxl\OneDrive - UC Irvine\UCI\CCNL Lab\Foraging Task Overview\foraging_MQLP-main\foraging_MQLP-main\model\model_parameter_recovery_clean_version\generate sim data with free alpha range\fit_params\adaptive_discount_all_sim\sub28.jld,28
a_,6.12060546875,4.120605469,updated,C:\Users\zyfxl\OneDrive - UC Irvine\UCI\CCNL Lab\Foraging Task Overview\foraging_MQLP-main\foraging_MQLP-main\model\model_parameter_recovery_clean_version\generate sim data with free alpha range\fit_params\adaptive_discount_all_sim\sub29.jld,29
b_,7.8759765625,7.875976563,updated,C:\Users\zyfxl\OneDrive - UC Irvine\UCI\CCNL Lab\Foraging Task Overview\foraging_MQLP-main\foraging_MQLP-main\model\model_parameter_recovery_clean_version\generate sim data with free alpha range\fit_params\adaptive_discount_all_sim\sub29.jld,29
c_,-0.20068359375,-0.200683594,updated,C:\Users\zyfxl\OneDrive - UC Irvine\UCI\CCNL Lab\Foraging Task Overview\foraging_MQLP-main\foraging_MQLP-main\model\model_parameter_recovery_clean_version\generate sim data with free alpha range\fit_params\adaptive_discount_all_sim\sub29.jld,29
a_,3.44482421875,3.444824219,updated,C:\Users\zyfxl\OneDrive - UC Irvine\UCI\CCNL Lab\Foraging Task Overview\foraging_MQLP-main\foraging_MQLP-main\model\model_parameter_recovery_clean_version\generate sim data with free alpha range\fit_params\adaptive_discount_all_sim\sub3.jld,3
b_,8.1494140625,8.149414063,updated,C:\Users\zyfxl\OneDrive - UC Irvine\UCI\CCNL Lab\Foraging Task Overview\foraging_MQLP-main\foraging_MQLP-main\model\model_parameter_recovery_clean_version\generate sim data with free alpha range\fit_params\adaptive_discount_all_sim\sub3.jld,3
c_,-2.90771484375,-2.907714844,updated,C:\Users\zyfxl\OneDrive - UC Irvine\UCI\CCNL Lab\Foraging Task Overview\foraging_MQLP-main\foraging_MQLP-main\model\model_parameter_recovery_clean_version\generate sim data with free alpha range\fit_params\adaptive_discount_all_sim\sub3.jld,3
a_,8.22021484375,8.220214844,updated,C:\Users\zyfxl\OneDrive - UC Irvine\UCI\CCNL Lab\Foraging Task Overview\foraging_MQLP-main\foraging_MQLP-main\model\model_parameter_recovery_clean_version\generate sim data with free alpha range\fit_params\adaptive_discount_all_sim\sub30.jld,30
b_,0.8251953125,0.825195313,updated,C:\Users\zyfxl\OneDrive - UC Irvine\UCI\CCNL Lab\Foraging Task Overview\foraging_MQLP-main\foraging_MQLP-main\model\model_parameter_recovery_clean_version\generate sim data with free alpha range\fit_params\adaptive_discount_all_sim\sub30.jld,30
c_,-0.15966796875,-0.159667969,updated,C:\Users\zyfxl\OneDrive - UC Irvine\UCI\CCNL Lab\Foraging Task Overview\foraging_MQLP-main\foraging_MQLP-main\model\model_parameter_recovery_clean_version\generate sim data with free alpha range\fit_params\adaptive_discount_all_sim\sub30.jld,30
a_,8.173828125,8.173828125,updated,C:\Users\zyfxl\OneDrive - UC Irvine\UCI\CCNL Lab\Foraging Task Overview\foraging_MQLP-main\foraging_MQLP-main\model\model_parameter_recovery_clean_version\generate sim data with free alpha range\fit_params\adaptive_discount_all_sim\sub31.jld,31
b_,1.23046875,1.23046875,updated,C:\Users\zyfxl\OneDrive - UC Irvine\UCI\CCNL Lab\Foraging Task Overview\foraging_MQLP-main\foraging_MQLP-main\model\model_parameter_recovery_clean_version\generate sim data with free alpha range\fit_params\adaptive_discount_all_sim\sub31.jld,31
c_,0.228515625,0.228515625,updated,C:\Users\zyfxl\OneDrive - UC Irvine\UCI\CCNL Lab\Foraging Task Overview\foraging_MQLP-main\foraging_MQLP-main\model\model_parameter_recovery_clean_version\generate sim data with free alpha range\fit_params\adaptive_discount_all_sim\sub31.jld,31
a_,4.76318359375,4.763183594,updated,C:\Users\zyfxl\OneDrive - UC Irvine\UCI\CCNL Lab\Foraging Task Overview\foraging_MQLP-main\foraging_MQLP-main\model\model_parameter_recovery_clean_version\generate sim data with free alpha range\fit_params\adaptive_discount_all_sim\sub32.jld,32
b_,9.3017578125,9.301757813,updated,C:\Users\zyfxl\OneDrive - UC Irvine\UCI\CCNL Lab\Foraging Task Overview\foraging_MQLP-main\foraging_MQLP-main\model\model_parameter_recovery_clean_version\generate sim data with free alpha range\fit_params\adaptive_discount_all_sim\sub32.jld,32
c_,-1.06201171875,-1.062011719,updated,C:\Users\zyfxl\OneDrive - UC Irvine\UCI\CCNL Lab\Foraging Task Overview\foraging_MQLP-main\foraging_MQLP-main\model\model_parameter_recovery_clean_version\generate sim data with free alpha range\fit_params\adaptive_discount_all_sim\sub32.jld,32
a_,8.4765625,3.4765625,updated,C:\Users\zyfxl\OneDrive - UC Irvine\UCI\CCNL Lab\Foraging Task Overview\foraging_MQLP-main\foraging_MQLP-main\model\model_parameter_recovery_clean_version\generate sim data with free alpha range\fit_params\adaptive_discount_all_sim\sub33.jld,33
b_,5.546875,5.546875,updated,C:\Users\zyfxl\OneDrive - UC Irvine\UCI\CCNL Lab\Foraging Task Overview\foraging_MQLP-main\foraging_MQLP-main\model\model_parameter_recovery_clean_version\generate sim data with free alpha range\fit_params\adaptive_discount_all_sim\sub33.jld,33
c_,2.9296875,2.9296875,updated,C:\Users\zyfxl\OneDrive - UC Irvine\UCI\CCNL Lab\Foraging Task Overview\foraging_MQLP-main\foraging_MQLP-main\model\model_parameter_recovery_clean_version\generate sim data with free alpha range\fit_params\adaptive_discount_all_sim\sub33.jld,33
a_,3.88671875,3.88671875,updated,C:\Users\zyfxl\OneDrive - UC Irvine\UCI\CCNL Lab\Foraging Task Overview\foraging_MQLP-main\foraging_MQLP-main\model\model_parameter_recovery_clean_version\generate sim data with free alpha range\fit_params\adaptive_discount_all_sim\sub34.jld,34
b_,4.1796875,4.1796875,updated,C:\Users\zyfxl\OneDrive - UC Irvine\UCI\CCNL Lab\Foraging Task Overview\foraging_MQLP-main\foraging_MQLP-main\model\model_parameter_recovery_clean_version\generate sim data with free alpha range\fit_params\adaptive_discount_all_sim\sub34.jld,34
c_,0.08203125,0.08203125,updated,C:\Users\zyfxl\OneDrive - UC Irvine\UCI\CCNL Lab\Foraging Task Overview\foraging_MQLP-main\foraging_MQLP-main\model\model_parameter_recovery_clean_version\generate sim data with free alpha range\fit_params\adaptive_discount_all_sim\sub34.jld,34
a_,0.6005859375,0.600585938,updated,C:\Users\zyfxl\OneDrive - UC Irvine\UCI\CCNL Lab\Foraging Task Overview\foraging_MQLP-main\foraging_MQLP-main\model\model_parameter_recovery_clean_version\generate sim data with free alpha range\fit_params\adaptive_discount_all_sim\sub35.jld,35
b_,-1.142578125,-1.142578125,updated,C:\Users\zyfxl\OneDrive - UC Irvine\UCI\CCNL Lab\Foraging Task Overview\foraging_MQLP-main\foraging_MQLP-main\model\model_parameter_recovery_clean_version\generate sim data with free alpha range\fit_params\adaptive_discount_all_sim\sub35.jld,35
c_,0.3193359375,0.319335938,updated,C:\Users\zyfxl\OneDrive - UC Irvine\UCI\CCNL Lab\Foraging Task Overview\foraging_MQLP-main\foraging_MQLP-main\model\model_parameter_recovery_clean_version\generate sim data with free alpha range\fit_params\adaptive_discount_all_sim\sub35.jld,35
a_,4.1064453125,4.106445313,updated,C:\Users\zyfxl\OneDrive - UC Irvine\UCI\CCNL Lab\Foraging Task Overview\foraging_MQLP-main\foraging_MQLP-main\model\model_parameter_recovery_clean_version\generate sim data with free alpha range\fit_params\adaptive_discount_all_sim\sub36.jld,36
b_,4.345703125,4.345703125,updated,C:\Users\zyfxl\OneDrive - UC Irvine\UCI\CCNL Lab\Foraging Task Overview\foraging_MQLP-main\foraging_MQLP-main\model\model_parameter_recovery_clean_version\generate sim data with free alpha range\fit_params\adaptive_discount_all_sim\sub36.jld,36
c_,-0.6708984375,-0.670898438,updated,C:\Users\zyfxl\OneDrive - UC Irvine\UCI\CCNL Lab\Foraging Task Overview\foraging_MQLP-main\foraging_MQLP-main\model\model_parameter_recovery_clean_version\generate sim data with free alpha range\fit_params\adaptive_discount_all_sim\sub36.jld,36
a_,5.205078125,7.205078125,updated,C:\Users\zyfxl\OneDrive - UC Irvine\UCI\CCNL Lab\Foraging Task Overview\foraging_MQLP-main\foraging_MQLP-main\model\model_parameter_recovery_clean_version\generate sim data with free alpha range\fit_params\adaptive_discount_all_sim\sub37.jld,37
b_,-0.95703125,-0.95703125,updated,C:\Users\zyfxl\OneDrive - UC Irvine\UCI\CCNL Lab\Foraging Task Overview\foraging_MQLP-main\foraging_MQLP-main\model\model_parameter_recovery_clean_version\generate sim data with free alpha range\fit_params\adaptive_discount_all_sim\sub37.jld,37
c_,0.134765625,0.134765625,updated,C:\Users\zyfxl\OneDrive - UC Irvine\UCI\CCNL Lab\Foraging Task Overview\foraging_MQLP-main\foraging_MQLP-main\model\model_parameter_recovery_clean_version\generate sim data with free alpha range\fit_params\adaptive_discount_all_sim\sub37.jld,37
a_,0.068359375,0.068359375,updated,C:\Users\zyfxl\OneDrive - UC Irvine\UCI\CCNL Lab\Foraging Task Overview\foraging_MQLP-main\foraging_MQLP-main\model\model_parameter_recovery_clean_version\generate sim data with free alpha range\fit_params\adaptive_discount_all_sim\sub38.jld,38
b_,4.94140625,4.94140625,updated,C:\Users\zyfxl\OneDrive - UC Irvine\UCI\CCNL Lab\Foraging Task Overview\foraging_MQLP-main\foraging_MQLP-main\model\model_parameter_recovery_clean_version\generate sim data with free alpha range\fit_params\adaptive_discount_all_sim\sub38.jld,38
c_,-1.845703125,-1.845703125,updated,C:\Users\zyfxl\OneDrive - UC Irvine\UCI\CCNL Lab\Foraging Task Overview\foraging_MQLP-main\foraging_MQLP-main\model\model_parameter_recovery_clean_version\generate sim data with free alpha range\fit_params\adaptive_discount_all_sim\sub38.jld,38
a_,9.0185546875,9.018554688,updated,C:\Users\zyfxl\OneDrive - UC Irvine\UCI\CCNL Lab\Foraging Task Overview\foraging_MQLP-main\foraging_MQLP-main\model\model_parameter_recovery_clean_version\generate sim data with free alpha range\fit_params\adaptive_discount_all_sim\sub39.jld,39
b_,-1.962890625,-1.962890625,updated,C:\Users\zyfxl\OneDrive - UC Irvine\UCI\CCNL Lab\Foraging Task Overview\foraging_MQLP-main\foraging_MQLP-main\model\model_parameter_recovery_clean_version\generate sim data with free alpha range\fit_params\adaptive_discount_all_sim\sub39.jld,39
c_,2.4404296875,2.440429688,updated,C:\Users\zyfxl\OneDrive - UC Irvine\UCI\CCNL Lab\Foraging Task Overview\foraging_MQLP-main\foraging_MQLP-main\model\model_parameter_recovery_clean_version\generate sim data with free alpha range\fit_params\adaptive_discount_all_sim\sub39.jld,39
a_,7.73193359375,7.731933594,updated,C:\Users\zyfxl\OneDrive - UC Irvine\UCI\CCNL Lab\Foraging Task Overview\foraging_MQLP-main\foraging_MQLP-main\model\model_parameter_recovery_clean_version\generate sim data with free alpha range\fit_params\adaptive_discount_all_sim\sub4.jld,4
b_,-2.2607421875,-2.260742188,updated,C:\Users\zyfxl\OneDrive - UC Irvine\UCI\CCNL Lab\Foraging Task Overview\foraging_MQLP-main\foraging_MQLP-main\model\model_parameter_recovery_clean_version\generate sim data with free alpha range\fit_params\adaptive_discount_all_sim\sub4.jld,4
c_,0.53173828125,0.531738281,updated,C:\Users\zyfxl\OneDrive - UC Irvine\UCI\CCNL Lab\Foraging Task Overview\foraging_MQLP-main\foraging_MQLP-main\model\model_parameter_recovery_clean_version\generate sim data with free alpha range\fit_params\adaptive_discount_all_sim\sub4.jld,4
a_,4.150390625,3.150390625,updated,C:\Users\zyfxl\OneDrive - UC Irvine\UCI\CCNL Lab\Foraging Task Overview\foraging_MQLP-main\foraging_MQLP-main\model\model_parameter_recovery_clean_version\generate sim data with free alpha range\fit_params\adaptive_discount_all_sim\sub40.jld,40
b_,0.21484375,0.21484375,updated,C:\Users\zyfxl\OneDrive - UC Irvine\UCI\CCNL Lab\Foraging Task Overview\foraging_MQLP-main\foraging_MQLP-main\model\model_parameter_recovery_clean_version\generate sim data with free alpha range\fit_params\adaptive_discount_all_sim\sub40.jld,40
c_,-0.873046875,-0.873046875,updated,C:\Users\zyfxl\OneDrive - UC Irvine\UCI\CCNL Lab\Foraging Task Overview\foraging_MQLP-main\foraging_MQLP-main\model\model_parameter_recovery_clean_version\generate sim data with free alpha range\fit_params\adaptive_discount_all_sim\sub40.jld,40
a_,1.24755859375,1.247558594,updated,C:\Users\zyfxl\OneDrive - UC Irvine\UCI\CCNL Lab\Foraging Task Overview\foraging_MQLP-main\foraging_MQLP-main\model\model_parameter_recovery_clean_version\generate sim data with free alpha range\fit_params\adaptive_discount_all_sim\sub41.jld,41
b_,8.8330078125,8.833007813,updated,C:\Users\zyfxl\OneDrive - UC Irvine\UCI\CCNL Lab\Foraging Task Overview\foraging_MQLP-main\foraging_MQLP-main\model\model_parameter_recovery_clean_version\generate sim data with free alpha range\fit_params\adaptive_discount_all_sim\sub41.jld,41
c_,-2.23388671875,-2.233886719,updated,C:\Users\zyfxl\OneDrive - UC Irvine\UCI\CCNL Lab\Foraging Task Overview\foraging_MQLP-main\foraging_MQLP-main\model\model_parameter_recovery_clean_version\generate sim data with free alpha range\fit_params\adaptive_discount_all_sim\sub41.jld,41
a_,2.265625,2.265625,updated,C:\Users\zyfxl\OneDrive - UC Irvine\UCI\CCNL Lab\Foraging Task Overview\foraging_MQLP-main\foraging_MQLP-main\model\model_parameter_recovery_clean_version\generate sim data with free alpha range\fit_params\adaptive_discount_all_sim\sub42.jld,42
b_,-1.09375,-1.09375,updated,C:\Users\zyfxl\OneDrive - UC Irvine\UCI\CCNL Lab\Foraging Task Overview\foraging_MQLP-main\foraging_MQLP-main\model\model_parameter_recovery_clean_version\generate sim data with free alpha range\fit_params\adaptive_discount_all_sim\sub42.jld,42
c_,0.515625,0.515625,updated,C:\Users\zyfxl\OneDrive - UC Irvine\UCI\CCNL Lab\Foraging Task Overview\foraging_MQLP-main\foraging_MQLP-main\model\model_parameter_recovery_clean_version\generate sim data with free alpha range\fit_params\adaptive_discount_all_sim\sub42.jld,42
a_,0.0048828125,0.148828125,updated,C:\Users\zyfxl\OneDrive - UC Irvine\UCI\CCNL Lab\Foraging Task Overview\foraging_MQLP-main\foraging_MQLP-main\model\model_parameter_recovery_clean_version\generate sim data with free alpha range\fit_params\adaptive_discount_all_sim\sub43.jld,43
b_,2.548828125,2.548828125,updated,C:\Users\zyfxl\OneDrive - UC Irvine\UCI\CCNL Lab\Foraging Task Overview\foraging_MQLP-main\foraging_MQLP-main\model\model_parameter_recovery_clean_version\generate sim data with free alpha range\fit_params\adaptive_discount_all_sim\sub43.jld,43
c_,2.5869140625,2.586914063,updated,C:\Users\zyfxl\OneDrive - UC Irvine\UCI\CCNL Lab\Foraging Task Overview\foraging_MQLP-main\foraging_MQLP-main\model\model_parameter_recovery_clean_version\generate sim data with free alpha range\fit_params\adaptive_discount_all_sim\sub43.jld,43
a_,6.42578125,6.42578125,updated,C:\Users\zyfxl\OneDrive - UC Irvine\UCI\CCNL Lab\Foraging Task Overview\foraging_MQLP-main\foraging_MQLP-main\model\model_parameter_recovery_clean_version\generate sim data with free alpha range\fit_params\adaptive_discount_all_sim\sub44.jld,44
b_,-1.5234375,-1.5234375,updated,C:\Users\zyfxl\OneDrive - UC Irvine\UCI\CCNL Lab\Foraging Task Overview\foraging_MQLP-main\foraging_MQLP-main\model\model_parameter_recovery_clean_version\generate sim data with free alpha range\fit_params\adaptive_discount_all_sim\sub44.jld,44
c_,1.98046875,1.98046875,updated,C:\Users\zyfxl\OneDrive - UC Irvine\UCI\CCNL Lab\Foraging Task Overview\foraging_MQLP-main\foraging_MQLP-main\model\model_parameter_recovery_clean_version\generate sim data with free alpha range\fit_params\adaptive_discount_all_sim\sub44.jld,44
a_,8.642578125,8.642578125,updated,C:\Users\zyfxl\OneDrive - UC Irvine\UCI\CCNL Lab\Foraging Task Overview\foraging_MQLP-main\foraging_MQLP-main\model\model_parameter_recovery_clean_version\generate sim data with free alpha range\fit_params\adaptive_discount_all_sim\sub45.jld,45
b_,5.91796875,5.91796875,updated,C:\Users\zyfxl\OneDrive - UC Irvine\UCI\CCNL Lab\Foraging Task Overview\foraging_MQLP-main\foraging_MQLP-main\model\model_parameter_recovery_clean_version\generate sim data with free alpha range\fit_params\adaptive_discount_all_sim\sub45.jld,45
c_,-1.552734375,-1.552734375,updated,C:\Users\zyfxl\OneDrive - UC Irvine\UCI\CCNL Lab\Foraging Task Overview\foraging_MQLP-main\foraging_MQLP-main\model\model_parameter_recovery_clean_version\generate sim data with free alpha range\fit_params\adaptive_discount_all_sim\sub45.jld,45
a_,7.0654296875,7.065429688,updated,C:\Users\zyfxl\OneDrive - UC Irvine\UCI\CCNL Lab\Foraging Task Overview\foraging_MQLP-main\foraging_MQLP-main\model\model_parameter_recovery_clean_version\generate sim data with free alpha range\fit_params\adaptive_discount_all_sim\sub46.jld,46
b_,9.755859375,9.755859375,updated,C:\Users\zyfxl\OneDrive - UC Irvine\UCI\CCNL Lab\Foraging Task Overview\foraging_MQLP-main\foraging_MQLP-main\model\model_parameter_recovery_clean_version\generate sim data with free alpha range\fit_params\adaptive_discount_all_sim\sub46.jld,46
c_,-1.7314453125,-1.731445313,updated,C:\Users\zyfxl\OneDrive - UC Irvine\UCI\CCNL Lab\Foraging Task Overview\foraging_MQLP-main\foraging_MQLP-main\model\model_parameter_recovery_clean_version\generate sim data with free alpha range\fit_params\adaptive_discount_all_sim\sub46.jld,46
a_,0.0537109375,0.053710938,updated,C:\Users\zyfxl\OneDrive - UC Irvine\UCI\CCNL Lab\Foraging Task Overview\foraging_MQLP-main\foraging_MQLP-main\model\model_parameter_recovery_clean_version\generate sim data with free alpha range\fit_params\adaptive_discount_all_sim\sub47.jld,47
b_,2.451171875,2.451171875,updated,C:\Users\zyfxl\OneDrive - UC Irvine\UCI\CCNL Lab\Foraging Task Overview\foraging_MQLP-main\foraging_MQLP-main\model\model_parameter_recovery_clean_version\generate sim data with free alpha range\fit_params\adaptive_discount_all_sim\sub47.jld,47
c_,1.3037109375,1.303710938,updated,C:\Users\zyfxl\OneDrive - UC Irvine\UCI\CCNL Lab\Foraging Task Overview\foraging_MQLP-main\foraging_MQLP-main\model\model_parameter_recovery_clean_version\generate sim data with free alpha range\fit_params\adaptive_discount_all_sim\sub47.jld,47
a_,2.9833984375,3.983398438,updated,C:\Users\zyfxl\OneDrive - UC Irvine\UCI\CCNL Lab\Foraging Task Overview\foraging_MQLP-main\foraging_MQLP-main\model\model_parameter_recovery_clean_version\generate sim data with free alpha range\fit_params\adaptive_discount_all_sim\sub48.jld,48
b_,7.841796875,7.841796875,updated,C:\Users\zyfxl\OneDrive - UC Irvine\UCI\CCNL Lab\Foraging Task Overview\foraging_MQLP-main\foraging_MQLP-main\model\model_parameter_recovery_clean_version\generate sim data with free alpha range\fit_params\adaptive_discount_all_sim\sub48.jld,48
c_,-2.8447265625,-2.844726563,updated,C:\Users\zyfxl\OneDrive - UC Irvine\UCI\CCNL Lab\Foraging Task Overview\foraging_MQLP-main\foraging_MQLP-main\model\model_parameter_recovery_clean_version\generate sim data with free alpha range\fit_params\adaptive_discount_all_sim\sub48.jld,48
a_,0.0390625,0.0390625,updated,C:\Users\zyfxl\OneDrive - UC Irvine\UCI\CCNL Lab\Foraging Task Overview\foraging_MQLP-main\foraging_MQLP-main\model\model_parameter_recovery_clean_version\generate sim data with free alpha range\fit_params\adaptive_discount_all_sim\sub49.jld,49
b_,9.921875,9.921875,updated,C:\Users\zyfxl\OneDrive - UC Irvine\UCI\CCNL Lab\Foraging Task Overview\foraging_MQLP-main\foraging_MQLP-main\model\model_parameter_recovery_clean_version\generate sim data with free alpha range\fit_params\adaptive_discount_all_sim\sub49.jld,49
c_,1.6171875,1.6171875,updated,C:\Users\zyfxl\OneDrive - UC Irvine\UCI\CCNL Lab\Foraging Task Overview\foraging_MQLP-main\foraging_MQLP-main\model\model_parameter_recovery_clean_version\generate sim data with free alpha range\fit_params\adaptive_discount_all_sim\sub49.jld,49
a_,8.22021484375,4.220214844,updated,C:\Users\zyfxl\OneDrive - UC Irvine\UCI\CCNL Lab\Foraging Task Overview\foraging_MQLP-main\foraging_MQLP-main\model\model_parameter_recovery_clean_version\generate sim data with free alpha range\fit_params\adaptive_discount_all_sim\sub5.jld,5
b_,0.8251953125,0.825195313,updated,C:\Users\zyfxl\OneDrive - UC Irvine\UCI\CCNL Lab\Foraging Task Overview\foraging_MQLP-main\foraging_MQLP-main\model\model_parameter_recovery_clean_version\generate sim data with free alpha range\fit_params\adaptive_discount_all_sim\sub5.jld,5
c_,-0.15966796875,-0.159667969,updated,C:\Users\zyfxl\OneDrive - UC Irvine\UCI\CCNL Lab\Foraging Task Overview\foraging_MQLP-main\foraging_MQLP-main\model\model_parameter_recovery_clean_version\generate sim data with free alpha range\fit_params\adaptive_discount_all_sim\sub5.jld,5
a_,2.71240234375,2.712402344,updated,C:\Users\zyfxl\OneDrive - UC Irvine\UCI\CCNL Lab\Foraging Task Overview\foraging_MQLP-main\foraging_MQLP-main\model\model_parameter_recovery_clean_version\generate sim data with free alpha range\fit_params\adaptive_discount_all_sim\sub50.jld,50
b_,-2.2216796875,-2.221679688,updated,C:\Users\zyfxl\OneDrive - UC Irvine\UCI\CCNL Lab\Foraging Task Overview\foraging_MQLP-main\foraging_MQLP-main\model\model_parameter_recovery_clean_version\generate sim data with free alpha range\fit_params\adaptive_discount_all_sim\sub50.jld,50
c_,-0.04248046875,-0.042480469,updated,C:\Users\zyfxl\OneDrive - UC Irvine\UCI\CCNL Lab\Foraging Task Overview\foraging_MQLP-main\foraging_MQLP-main\model\model_parameter_recovery_clean_version\generate sim data with free alpha range\fit_params\adaptive_discount_all_sim\sub50.jld,50
a_,6.533203125,6.533203125,updated,C:\Users\zyfxl\OneDrive - UC Irvine\UCI\CCNL Lab\Foraging Task Overview\foraging_MQLP-main\foraging_MQLP-main\model\model_parameter_recovery_clean_version\generate sim data with free alpha range\fit_params\adaptive_discount_all_sim\sub51.jld,51
b_,-0.48828125,-0.48828125,updated,C:\Users\zyfxl\OneDrive - UC Irvine\UCI\CCNL Lab\Foraging Task Overview\foraging_MQLP-main\foraging_MQLP-main\model\model_parameter_recovery_clean_version\generate sim data with free alpha range\fit_params\adaptive_discount_all_sim\sub51.jld,51
c_,-0.474609375,-0.474609375,updated,C:\Users\zyfxl\OneDrive - UC Irvine\UCI\CCNL Lab\Foraging Task Overview\foraging_MQLP-main\foraging_MQLP-main\model\model_parameter_recovery_clean_version\generate sim data with free alpha range\fit_params\adaptive_discount_all_sim\sub51.jld,51
a_,3.1640625,3.1640625,updated,C:\Users\zyfxl\OneDrive - UC Irvine\UCI\CCNL Lab\Foraging Task Overview\foraging_MQLP-main\foraging_MQLP-main\model\model_parameter_recovery_clean_version\generate sim data with free alpha range\fit_params\adaptive_discount_all_sim\sub52.jld,52
b_,6.171875,6.171875,updated,C:\Users\zyfxl\OneDrive - UC Irvine\UCI\CCNL Lab\Foraging Task Overview\foraging_MQLP-main\foraging_MQLP-main\model\model_parameter_recovery_clean_version\generate sim data with free alpha range\fit_params\adaptive_discount_all_sim\sub52.jld,52
c_,0.4921875,0.4921875,updated,C:\Users\zyfxl\OneDrive - UC Irvine\UCI\CCNL Lab\Foraging Task Overview\foraging_MQLP-main\foraging_MQLP-main\model\model_parameter_recovery_clean_version\generate sim data with free alpha range\fit_params\adaptive_discount_all_sim\sub52.jld,52
a_,4.6923828125,2.692382813,updated,C:\Users\zyfxl\OneDrive - UC Irvine\UCI\CCNL Lab\Foraging Task Overview\foraging_MQLP-main\foraging_MQLP-main\model\model_parameter_recovery_clean_version\generate sim data with free alpha range\fit_params\adaptive_discount_all_sim\sub53.jld,53
b_,4.423828125,4.423828125,updated,C:\Users\zyfxl\OneDrive - UC Irvine\UCI\CCNL Lab\Foraging Task Overview\foraging_MQLP-main\foraging_MQLP-main\model\model_parameter_recovery_clean_version\generate sim data with free alpha range\fit_params\adaptive_discount_all_sim\sub53.jld,53
c_,-1.7255859375,-1.725585938,updated,C:\Users\zyfxl\OneDrive - UC Irvine\UCI\CCNL Lab\Foraging Task Overview\foraging_MQLP-main\foraging_MQLP-main\model\model_parameter_recovery_clean_version\generate sim data with free alpha range\fit_params\adaptive_discount_all_sim\sub53.jld,53
a_,9.0625,9.0625,updated,C:\Users\zyfxl\OneDrive - UC Irvine\UCI\CCNL Lab\Foraging Task Overview\foraging_MQLP-main\foraging_MQLP-main\model\model_parameter_recovery_clean_version\generate sim data with free alpha range\fit_params\adaptive_discount_all_sim\sub54.jld,54
b_,-1.875,-1.875,updated,C:\Users\zyfxl\OneDrive - UC Irvine\UCI\CCNL Lab\Foraging Task Overview\foraging_MQLP-main\foraging_MQLP-main\model\model_parameter_recovery_clean_version\generate sim data with free alpha range\fit_params\adaptive_discount_all_sim\sub54.jld,54
c_,1.6875,1.6875,updated,C:\Users\zyfxl\OneDrive - UC Irvine\UCI\CCNL Lab\Foraging Task Overview\foraging_MQLP-main\foraging_MQLP-main\model\model_parameter_recovery_clean_version\generate sim data with free alpha range\fit_params\adaptive_discount_all_sim\sub54.jld,54
a_,0.34912109375,0.349121094,updated,C:\Users\zyfxl\OneDrive - UC Irvine\UCI\CCNL Lab\Foraging Task Overview\foraging_MQLP-main\foraging_MQLP-main\model\model_parameter_recovery_clean_version\generate sim data with free alpha range\fit_params\adaptive_discount_all_sim\sub55.jld,55
b_,1.8798828125,1.879882813,updated,C:\Users\zyfxl\OneDrive - UC Irvine\UCI\CCNL Lab\Foraging Task Overview\foraging_MQLP-main\foraging_MQLP-main\model\model_parameter_recovery_clean_version\generate sim data with free alpha range\fit_params\adaptive_discount_all_sim\sub55.jld,55
c_,0.93017578125,0.930175781,updated,C:\Users\zyfxl\OneDrive - UC Irvine\UCI\CCNL Lab\Foraging Task Overview\foraging_MQLP-main\foraging_MQLP-main\model\model_parameter_recovery_clean_version\generate sim data with free alpha range\fit_params\adaptive_discount_all_sim\sub55.jld,55
a_,4.462890625,4.462890625,updated,C:\Users\zyfxl\OneDrive - UC Irvine\UCI\CCNL Lab\Foraging Task Overview\foraging_MQLP-main\foraging_MQLP-main\model\model_parameter_recovery_clean_version\generate sim data with free alpha range\fit_params\adaptive_discount_all_sim\sub56.jld,56
b_,9.58984375,9.58984375,updated,C:\Users\zyfxl\OneDrive - UC Irvine\UCI\CCNL Lab\Foraging Task Overview\foraging_MQLP-main\foraging_MQLP-main\model\model_parameter_recovery_clean_version\generate sim data with free alpha range\fit_params\adaptive_discount_all_sim\sub56.jld,56
c_,-2.185546875,-2.185546875,updated,C:\Users\zyfxl\OneDrive - UC Irvine\UCI\CCNL Lab\Foraging Task Overview\foraging_MQLP-main\foraging_MQLP-main\model\model_parameter_recovery_clean_version\generate sim data with free alpha range\fit_params\adaptive_discount_all_sim\sub56.jld,56
a_,5.205078125,5.205078125,updated,C:\Users\zyfxl\OneDrive - UC Irvine\UCI\CCNL Lab\Foraging Task Overview\foraging_MQLP-main\foraging_MQLP-main\model\model_parameter_recovery_clean_version\generate sim data with free alpha range\fit_params\adaptive_discount_all_sim\sub57.jld,57
b_,-0.95703125,-0.95703125,updated,C:\Users\zyfxl\OneDrive - UC Irvine\UCI\CCNL Lab\Foraging Task Overview\foraging_MQLP-main\foraging_MQLP-main\model\model_parameter_recovery_clean_version\generate sim data with free alpha range\fit_params\adaptive_discount_all_sim\sub57.jld,57
c_,0.134765625,0.134765625,updated,C:\Users\zyfxl\OneDrive - UC Irvine\UCI\CCNL Lab\Foraging Task Overview\foraging_MQLP-main\foraging_MQLP-main\model\model_parameter_recovery_clean_version\generate sim data with free alpha range\fit_params\adaptive_discount_all_sim\sub57.jld,57
a_,5.4833984375,5.483398438,updated,C:\Users\zyfxl\OneDrive - UC Irvine\UCI\CCNL Lab\Foraging Task Overview\foraging_MQLP-main\foraging_MQLP-main\model\model_parameter_recovery_clean_version\generate sim data with free alpha range\fit_params\adaptive_discount_all_sim\sub58.jld,58
b_,2.841796875,2.841796875,updated,C:\Users\zyfxl\OneDrive - UC Irvine\UCI\CCNL Lab\Foraging Task Overview\foraging_MQLP-main\foraging_MQLP-main\model\model_parameter_recovery_clean_version\generate sim data with free alpha range\fit_params\adaptive_discount_all_sim\sub58.jld,58
c_,-1.3447265625,-1.344726563,updated,C:\Users\zyfxl\OneDrive - UC Irvine\UCI\CCNL Lab\Foraging Task Overview\foraging_MQLP-main\foraging_MQLP-main\model\model_parameter_recovery_clean_version\generate sim data with free alpha range\fit_params\adaptive_discount_all_sim\sub58.jld,58
a_,2.4853515625,2.485351563,updated,C:\Users\zyfxl\OneDrive - UC Irvine\UCI\CCNL Lab\Foraging Task Overview\foraging_MQLP-main\foraging_MQLP-main\model\model_parameter_recovery_clean_version\generate sim data with free alpha range\fit_params\adaptive_discount_all_sim\sub59.jld,59
b_,-2.412109375,-2.412109375,updated,C:\Users\zyfxl\OneDrive - UC Irvine\UCI\CCNL Lab\Foraging Task Overview\foraging_MQLP-main\foraging_MQLP-main\model\model_parameter_recovery_clean_version\generate sim data with free alpha range\fit_params\adaptive_discount_all_sim\sub59.jld,59
c_,0.2314453125,0.231445313,updated,C:\Users\zyfxl\OneDrive - UC Irvine\UCI\CCNL Lab\Foraging Task Overview\foraging_MQLP-main\foraging_MQLP-main\model\model_parameter_recovery_clean_version\generate sim data with free alpha range\fit_params\adaptive_discount_all_sim\sub59.jld,59
a_,3.8232421875,3.823242188,updated,C:\Users\zyfxl\OneDrive - UC Irvine\UCI\CCNL Lab\Foraging Task Overview\foraging_MQLP-main\foraging_MQLP-main\model\model_parameter_recovery_clean_version\generate sim data with free alpha range\fit_params\adaptive_discount_all_sim\sub6.jld,6
b_,-0.009765625,-0.009765625,updated,C:\Users\zyfxl\OneDrive - UC Irvine\UCI\CCNL Lab\Foraging Task Overview\foraging_MQLP-main\foraging_MQLP-main\model\model_parameter_recovery_clean_version\generate sim data with free alpha range\fit_params\adaptive_discount_all_sim\sub6.jld,6
c_,-0.0205078125,-0.020507813,updated,C:\Users\zyfxl\OneDrive - UC Irvine\UCI\CCNL Lab\Foraging Task Overview\foraging_MQLP-main\foraging_MQLP-main\model\model_parameter_recovery_clean_version\generate sim data with free alpha range\fit_params\adaptive_discount_all_sim\sub6.jld,6
a_,0.0537109375,8.053710938,updated,C:\Users\zyfxl\OneDrive - UC Irvine\UCI\CCNL Lab\Foraging Task Overview\foraging_MQLP-main\foraging_MQLP-main\model\model_parameter_recovery_clean_version\generate sim data with free alpha range\fit_params\adaptive_discount_all_sim\sub60.jld,60
b_,2.451171875,2.451171875,updated,C:\Users\zyfxl\OneDrive - UC Irvine\UCI\CCNL Lab\Foraging Task Overview\foraging_MQLP-main\foraging_MQLP-main\model\model_parameter_recovery_clean_version\generate sim data with free alpha range\fit_params\adaptive_discount_all_sim\sub60.jld,60
c_,1.3037109375,1.303710938,updated,C:\Users\zyfxl\OneDrive - UC Irvine\UCI\CCNL Lab\Foraging Task Overview\foraging_MQLP-main\foraging_MQLP-main\model\model_parameter_recovery_clean_version\generate sim data with free alpha range\fit_params\adaptive_discount_all_sim\sub60.jld,60
a_,2.1875,2.1875,updated,C:\Users\zyfxl\OneDrive - UC Irvine\UCI\CCNL Lab\Foraging Task Overview\foraging_MQLP-main\foraging_MQLP-main\model\model_parameter_recovery_clean_version\generate sim data with free alpha range\fit_params\adaptive_discount_all_sim\sub61.jld,61
b_,6.875,6.875,updated,C:\Users\zyfxl\OneDrive - UC Irvine\UCI\CCNL Lab\Foraging Task Overview\foraging_MQLP-main\foraging_MQLP-main\model\model_parameter_recovery_clean_version\generate sim data with free alpha range\fit_params\adaptive_discount_all_sim\sub61.jld,61
c_,-2.4375,-2.4375,updated,C:\Users\zyfxl\OneDrive - UC Irvine\UCI\CCNL Lab\Foraging Task Overview\foraging_MQLP-main\foraging_MQLP-main\model\model_parameter_recovery_clean_version\generate sim data with free alpha range\fit_params\adaptive_discount_all_sim\sub61.jld,61
a_,9.7607421875,9.760742188,updated,C:\Users\zyfxl\OneDrive - UC Irvine\UCI\CCNL Lab\Foraging Task Overview\foraging_MQLP-main\foraging_MQLP-main\model\model_parameter_recovery_clean_version\generate sim data with free alpha range\fit_params\adaptive_discount_all_sim\sub62.jld,62
b_,0.615234375,0.615234375,updated,C:\Users\zyfxl\OneDrive - UC Irvine\UCI\CCNL Lab\Foraging Task Overview\foraging_MQLP-main\foraging_MQLP-main\model\model_parameter_recovery_clean_version\generate sim data with free alpha range\fit_params\adaptive_discount_all_sim\sub62.jld,62
c_,0.1669921875,0.166992188,updated,C:\Users\zyfxl\OneDrive - UC Irvine\UCI\CCNL Lab\Foraging Task Overview\foraging_MQLP-main\foraging_MQLP-main\model\model_parameter_recovery_clean_version\generate sim data with free alpha range\fit_params\adaptive_discount_all_sim\sub62.jld,62
a_,1.552734375,1.552734375,updated,C:\Users\zyfxl\OneDrive - UC Irvine\UCI\CCNL Lab\Foraging Task Overview\foraging_MQLP-main\foraging_MQLP-main\model\model_parameter_recovery_clean_version\generate sim data with free alpha range\fit_params\adaptive_discount_all_sim\sub63.jld,63
b_,-0.52734375,-0.52734375,updated,C:\Users\zyfxl\OneDrive - UC Irvine\UCI\CCNL Lab\Foraging Task Overview\foraging_MQLP-main\foraging_MQLP-main\model\model_parameter_recovery_clean_version\generate sim data with free alpha range\fit_params\adaptive_discount_all_sim\sub63.jld,63
c_,0.076171875,0.076171875,updated,C:\Users\zyfxl\OneDrive - UC Irvine\UCI\CCNL Lab\Foraging Task Overview\foraging_MQLP-main\foraging_MQLP-main\model\model_parameter_recovery_clean_version\generate sim data with free alpha range\fit_params\adaptive_discount_all_sim\sub63.jld,63
a_,0.009765625,0.009765625,updated,C:\Users\zyfxl\OneDrive - UC Irvine\UCI\CCNL Lab\Foraging Task Overview\foraging_MQLP-main\foraging_MQLP-main\model\model_parameter_recovery_clean_version\generate sim data with free alpha range\fit_params\adaptive_discount_all_sim\sub64.jld,64
b_,5.05859375,5.05859375,updated,C:\Users\zyfxl\OneDrive - UC Irvine\UCI\CCNL Lab\Foraging Task Overview\foraging_MQLP-main\foraging_MQLP-main\model\model_parameter_recovery_clean_version\generate sim data with free alpha range\fit_params\adaptive_discount_all_sim\sub64.jld,64
c_,0.673828125,0.673828125,updated,C:\Users\zyfxl\OneDrive - UC Irvine\UCI\CCNL Lab\Foraging Task Overview\foraging_MQLP-main\foraging_MQLP-main\model\model_parameter_recovery_clean_version\generate sim data with free alpha range\fit_params\adaptive_discount_all_sim\sub64.jld,64
a_,6.3623046875,6.362304688,updated,C:\Users\zyfxl\OneDrive - UC Irvine\UCI\CCNL Lab\Foraging Task Overview\foraging_MQLP-main\foraging_MQLP-main\model\model_parameter_recovery_clean_version\generate sim data with free alpha range\fit_params\adaptive_discount_all_sim\sub65.jld,65
b_,-1.650390625,-1.650390625,updated,C:\Users\zyfxl\OneDrive - UC Irvine\UCI\CCNL Lab\Foraging Task Overview\foraging_MQLP-main\foraging_MQLP-main\model\model_parameter_recovery_clean_version\generate sim data with free alpha range\fit_params\adaptive_discount_all_sim\sub65.jld,65
c_,-0.2783203125,-0.278320313,updated,C:\Users\zyfxl\OneDrive - UC Irvine\UCI\CCNL Lab\Foraging Task Overview\foraging_MQLP-main\foraging_MQLP-main\model\model_parameter_recovery_clean_version\generate sim data with free alpha range\fit_params\adaptive_discount_all_sim\sub65.jld,65
a_,9.6435546875,9.643554688,updated,C:\Users\zyfxl\OneDrive - UC Irvine\UCI\CCNL Lab\Foraging Task Overview\foraging_MQLP-main\foraging_MQLP-main\model\model_parameter_recovery_clean_version\generate sim data with free alpha range\fit_params\adaptive_discount_all_sim\sub66.jld,66
b_,1.787109375,1.787109375,updated,C:\Users\zyfxl\OneDrive - UC Irvine\UCI\CCNL Lab\Foraging Task Overview\foraging_MQLP-main\foraging_MQLP-main\model\model_parameter_recovery_clean_version\generate sim data with free alpha range\fit_params\adaptive_discount_all_sim\sub66.jld,66
c_,-0.1845703125,-0.184570313,updated,C:\Users\zyfxl\OneDrive - UC Irvine\UCI\CCNL Lab\Foraging Task Overview\foraging_MQLP-main\foraging_MQLP-main\model\model_parameter_recovery_clean_version\generate sim data with free alpha range\fit_params\adaptive_discount_all_sim\sub66.jld,66
a_,1.44287109375,1.442871094,updated,C:\Users\zyfxl\OneDrive - UC Irvine\UCI\CCNL Lab\Foraging Task Overview\foraging_MQLP-main\foraging_MQLP-main\model\model_parameter_recovery_clean_version\generate sim data with free alpha range\fit_params\adaptive_discount_all_sim\sub67.jld,67
b_,-0.3076171875,-0.307617188,updated,C:\Users\zyfxl\OneDrive - UC Irvine\UCI\CCNL Lab\Foraging Task Overview\foraging_MQLP-main\foraging_MQLP-main\model\model_parameter_recovery_clean_version\generate sim data with free alpha range\fit_params\adaptive_discount_all_sim\sub67.jld,67
c_,-0.28857421875,-0.288574219,updated,C:\Users\zyfxl\OneDrive - UC Irvine\UCI\CCNL Lab\Foraging Task Overview\foraging_MQLP-main\foraging_MQLP-main\model\model_parameter_recovery_clean_version\generate sim data with free alpha range\fit_params\adaptive_discount_all_sim\sub67.jld,67
a_,1.37451171875,1.374511719,updated,C:\Users\zyfxl\OneDrive - UC Irvine\UCI\CCNL Lab\Foraging Task Overview\foraging_MQLP-main\foraging_MQLP-main\model\model_parameter_recovery_clean_version\generate sim data with free alpha range\fit_params\adaptive_discount_all_sim\sub68.jld,68
b_,2.9150390625,2.915039063,updated,C:\Users\zyfxl\OneDrive - UC Irvine\UCI\CCNL Lab\Foraging Task Overview\foraging_MQLP-main\foraging_MQLP-main\model\model_parameter_recovery_clean_version\generate sim data with free alpha range\fit_params\adaptive_discount_all_sim\sub68.jld,68
c_,0.39697265625,0.396972656,updated,C:\Users\zyfxl\OneDrive - UC Irvine\UCI\CCNL Lab\Foraging Task Overview\foraging_MQLP-main\foraging_MQLP-main\model\model_parameter_recovery_clean_version\generate sim data with free alpha range\fit_params\adaptive_discount_all_sim\sub68.jld,68
a_,8.30810546875,8.308105469,updated,C:\Users\zyfxl\OneDrive - UC Irvine\UCI\CCNL Lab\Foraging Task Overview\foraging_MQLP-main\foraging_MQLP-main\model\model_parameter_recovery_clean_version\generate sim data with free alpha range\fit_params\adaptive_discount_all_sim\sub69.jld,69
b_,3.5009765625,3.500976563,updated,C:\Users\zyfxl\OneDrive - UC Irvine\UCI\CCNL Lab\Foraging Task Overview\foraging_MQLP-main\foraging_MQLP-main\model\model_parameter_recovery_clean_version\generate sim data with free alpha range\fit_params\adaptive_discount_all_sim\sub69.jld,69
c_,-0.76318359375,-0.763183594,updated,C:\Users\zyfxl\OneDrive - UC Irvine\UCI\CCNL Lab\Foraging Task Overview\foraging_MQLP-main\foraging_MQLP-main\model\model_parameter_recovery_clean_version\generate sim data with free alpha range\fit_params\adaptive_discount_all_sim\sub69.jld,69
a_,6.6455078125,6.645507813,updated,C:\Users\zyfxl\OneDrive - UC Irvine\UCI\CCNL Lab\Foraging Task Overview\foraging_MQLP-main\foraging_MQLP-main\model\model_parameter_recovery_clean_version\generate sim data with free alpha range\fit_params\adaptive_discount_all_sim\sub7.jld,7
b_,2.705078125,2.705078125,updated,C:\Users\zyfxl\OneDrive - UC Irvine\UCI\CCNL Lab\Foraging Task Overview\foraging_MQLP-main\foraging_MQLP-main\model\model_parameter_recovery_clean_version\generate sim data with free alpha range\fit_params\adaptive_discount_all_sim\sub7.jld,7
c_,-0.5537109375,-0.553710938,updated,C:\Users\zyfxl\OneDrive - UC Irvine\UCI\CCNL Lab\Foraging Task Overview\foraging_MQLP-main\foraging_MQLP-main\model\model_parameter_recovery_clean_version\generate sim data with free alpha range\fit_params\adaptive_discount_all_sim\sub7.jld,7
a_,8.3349609375,8.334960938,updated,C:\Users\zyfxl\OneDrive - UC Irvine\UCI\CCNL Lab\Foraging Task Overview\foraging_MQLP-main\foraging_MQLP-main\model\model_parameter_recovery_clean_version\generate sim data with free alpha range\fit_params\adaptive_discount_all_sim\sub70.jld,70
b_,7.763671875,7.763671875,updated,C:\Users\zyfxl\OneDrive - UC Irvine\UCI\CCNL Lab\Foraging Task Overview\foraging_MQLP-main\foraging_MQLP-main\model\model_parameter_recovery_clean_version\generate sim data with free alpha range\fit_params\adaptive_discount_all_sim\sub70.jld,70
c_,-1.6025390625,-1.602539063,updated,C:\Users\zyfxl\OneDrive - UC Irvine\UCI\CCNL Lab\Foraging Task Overview\foraging_MQLP-main\foraging_MQLP-main\model\model_parameter_recovery_clean_version\generate sim data with free alpha range\fit_params\adaptive_discount_all_sim\sub70.jld,70
a_,6.064453125,6.064453125,updated,C:\Users\zyfxl\OneDrive - UC Irvine\UCI\CCNL Lab\Foraging Task Overview\foraging_MQLP-main\foraging_MQLP-main\model\model_parameter_recovery_clean_version\generate sim data with free alpha range\fit_params\adaptive_discount_all_sim\sub71.jld,71
b_,-1.42578125,-1.42578125,updated,C:\Users\zyfxl\OneDrive - UC Irvine\UCI\CCNL Lab\Foraging Task Overview\foraging_MQLP-main\foraging_MQLP-main\model\model_parameter_recovery_clean_version\generate sim data with free alpha range\fit_params\adaptive_discount_all_sim\sub71.jld,71
c_,-1.880859375,-1.880859375,updated,C:\Users\zyfxl\OneDrive - UC Irvine\UCI\CCNL Lab\Foraging Task Overview\foraging_MQLP-main\foraging_MQLP-main\model\model_parameter_recovery_clean_version\generate sim data with free alpha range\fit_params\adaptive_discount_all_sim\sub71.jld,71
a_,4.79248046875,4.792480469,updated,C:\Users\zyfxl\OneDrive - UC Irvine\UCI\CCNL Lab\Foraging Task Overview\foraging_MQLP-main\foraging_MQLP-main\model\model_parameter_recovery_clean_version\generate sim data with free alpha range\fit_params\adaptive_discount_all_sim\sub72.jld,72
b_,-2.2802734375,-2.280273438,updated,C:\Users\zyfxl\OneDrive - UC Irvine\UCI\CCNL Lab\Foraging Task Overview\foraging_MQLP-main\foraging_MQLP-main\model\model_parameter_recovery_clean_version\generate sim data with free alpha range\fit_params\adaptive_discount_all_sim\sub72.jld,72
c_,0.12744140625,0.127441406,updated,C:\Users\zyfxl\OneDrive - UC Irvine\UCI\CCNL Lab\Foraging Task Overview\foraging_MQLP-main\foraging_MQLP-main\model\model_parameter_recovery_clean_version\generate sim data with free alpha range\fit_params\adaptive_discount_all_sim\sub72.jld,72
a_,8.64990234375,8.649902344,updated,C:\Users\zyfxl\OneDrive - UC Irvine\UCI\CCNL Lab\Foraging Task Overview\foraging_MQLP-main\foraging_MQLP-main\model\model_parameter_recovery_clean_version\generate sim data with free alpha range\fit_params\adaptive_discount_all_sim\sub73.jld,73
b_,2.1533203125,2.153320313,updated,C:\Users\zyfxl\OneDrive - UC Irvine\UCI\CCNL Lab\Foraging Task Overview\foraging_MQLP-main\foraging_MQLP-main\model\model_parameter_recovery_clean_version\generate sim data with free alpha range\fit_params\adaptive_discount_all_sim\sub73.jld,73
c_,0.14501953125,0.145019531,updated,C:\Users\zyfxl\OneDrive - UC Irvine\UCI\CCNL Lab\Foraging Task Overview\foraging_MQLP-main\foraging_MQLP-main\model\model_parameter_recovery_clean_version\generate sim data with free alpha range\fit_params\adaptive_discount_all_sim\sub73.jld,73
a_,3.5693359375,3.569335938,updated,C:\Users\zyfxl\OneDrive - UC Irvine\UCI\CCNL Lab\Foraging Task Overview\foraging_MQLP-main\foraging_MQLP-main\model\model_parameter_recovery_clean_version\generate sim data with free alpha range\fit_params\adaptive_discount_all_sim\sub74.jld,74
b_,1.044921875,1.044921875,updated,C:\Users\zyfxl\OneDrive - UC Irvine\UCI\CCNL Lab\Foraging Task Overview\foraging_MQLP-main\foraging_MQLP-main\model\model_parameter_recovery_clean_version\generate sim data with free alpha range\fit_params\adaptive_discount_all_sim\sub74.jld,74
c_,0.0380859375,0.038085938,updated,C:\Users\zyfxl\OneDrive - UC Irvine\UCI\CCNL Lab\Foraging Task Overview\foraging_MQLP-main\foraging_MQLP-main\model\model_parameter_recovery_clean_version\generate sim data with free alpha range\fit_params\adaptive_discount_all_sim\sub74.jld,74
a_,2.11669921875,2.116699219,updated,C:\Users\zyfxl\OneDrive - UC Irvine\UCI\CCNL Lab\Foraging Task Overview\foraging_MQLP-main\foraging_MQLP-main\model\model_parameter_recovery_clean_version\generate sim data with free alpha range\fit_params\adaptive_discount_all_sim\sub75.jld,75
b_,-2.0068359375,-2.006835938,updated,C:\Users\zyfxl\OneDrive - UC Irvine\UCI\CCNL Lab\Foraging Task Overview\foraging_MQLP-main\foraging_MQLP-main\model\model_parameter_recovery_clean_version\generate sim data with free alpha range\fit_params\adaptive_discount_all_sim\sub75.jld,75
c_,0.60791015625,0.607910156,updated,C:\Users\zyfxl\OneDrive - UC Irvine\UCI\CCNL Lab\Foraging Task Overview\foraging_MQLP-main\foraging_MQLP-main\model\model_parameter_recovery_clean_version\generate sim data with free alpha range\fit_params\adaptive_discount_all_sim\sub75.jld,75
a_,0.9375,0.9375,updated,C:\Users\zyfxl\OneDrive - UC Irvine\UCI\CCNL Lab\Foraging Task Overview\foraging_MQLP-main\foraging_MQLP-main\model\model_parameter_recovery_clean_version\generate sim data with free alpha range\fit_params\adaptive_discount_all_sim\sub76.jld,76
b_,-0.625,-0.625,updated,C:\Users\zyfxl\OneDrive - UC Irvine\UCI\CCNL Lab\Foraging Task Overview\foraging_MQLP-main\foraging_MQLP-main\model\model_parameter_recovery_clean_version\generate sim data with free alpha range\fit_params\adaptive_discount_all_sim\sub76.jld,76
c_,-0.1875,-0.1875,updated,C:\Users\zyfxl\OneDrive - UC Irvine\UCI\CCNL Lab\Foraging Task Overview\foraging_MQLP-main\foraging_MQLP-main\model\model_parameter_recovery_clean_version\generate sim data with free alpha range\fit_params\adaptive_discount_all_sim\sub76.jld,76
a_,2.30224609375,2.302246094,updated,C:\Users\zyfxl\OneDrive - UC Irvine\UCI\CCNL Lab\Foraging Task Overview\foraging_MQLP-main\foraging_MQLP-main\model\model_parameter_recovery_clean_version\generate sim data with free alpha range\fit_params\adaptive_discount_all_sim\sub77.jld,77
b_,-2.3388671875,-2.338867188,updated,C:\Users\zyfxl\OneDrive - UC Irvine\UCI\CCNL Lab\Foraging Task Overview\foraging_MQLP-main\foraging_MQLP-main\model\model_parameter_recovery_clean_version\generate sim data with free alpha range\fit_params\adaptive_discount_all_sim\sub77.jld,77
c_,2.10205078125,2.102050781,updated,C:\Users\zyfxl\OneDrive - UC Irvine\UCI\CCNL Lab\Foraging Task Overview\foraging_MQLP-main\foraging_MQLP-main\model\model_parameter_recovery_clean_version\generate sim data with free alpha range\fit_params\adaptive_discount_all_sim\sub77.jld,77
a_,0.56640625,0.56640625,updated,C:\Users\zyfxl\OneDrive - UC Irvine\UCI\CCNL Lab\Foraging Task Overview\foraging_MQLP-main\foraging_MQLP-main\model\model_parameter_recovery_clean_version\generate sim data with free alpha range\fit_params\adaptive_discount_all_sim\sub78.jld,78
b_,-1.3671875,-1.3671875,updated,C:\Users\zyfxl\OneDrive - UC Irvine\UCI\CCNL Lab\Foraging Task Overview\foraging_MQLP-main\foraging_MQLP-main\model\model_parameter_recovery_clean_version\generate sim data with free alpha range\fit_params\adaptive_discount_all_sim\sub78.jld,78
c_,-1.06640625,-1.06640625,updated,C:\Users\zyfxl\OneDrive - UC Irvine\UCI\CCNL Lab\Foraging Task Overview\foraging_MQLP-main\foraging_MQLP-main\model\model_parameter_recovery_clean_version\generate sim data with free alpha range\fit_params\adaptive_discount_all_sim\sub78.jld,78
a_,2.6513671875,2.651367188,updated,C:\Users\zyfxl\OneDrive - UC Irvine\UCI\CCNL Lab\Foraging Task Overview\foraging_MQLP-main\foraging_MQLP-main\model\model_parameter_recovery_clean_version\generate sim data with free alpha range\fit_params\adaptive_discount_all_sim\sub79.jld,79
b_,-0.791015625,-0.791015625,updated,C:\Users\zyfxl\OneDrive - UC Irvine\UCI\CCNL Lab\Foraging Task Overview\foraging_MQLP-main\foraging_MQLP-main\model\model_parameter_recovery_clean_version\generate sim data with free alpha range\fit_params\adaptive_discount_all_sim\sub79.jld,79
c_,0.4013671875,0.401367188,updated,C:\Users\zyfxl\OneDrive - UC Irvine\UCI\CCNL Lab\Foraging Task Overview\foraging_MQLP-main\foraging_MQLP-main\model\model_parameter_recovery_clean_version\generate sim data with free alpha range\fit_params\adaptive_discount_all_sim\sub79.jld,79
a_,8.798828125,8.798828125,updated,C:\Users\zyfxl\OneDrive - UC Irvine\UCI\CCNL Lab\Foraging Task Overview\foraging_MQLP-main\foraging_MQLP-main\model\model_parameter_recovery_clean_version\generate sim data with free alpha range\fit_params\adaptive_discount_all_sim\sub8.jld,8
b_,7.48046875,7.48046875,updated,C:\Users\zyfxl\OneDrive - UC Irvine\UCI\CCNL Lab\Foraging Task Overview\foraging_MQLP-main\foraging_MQLP-main\model\model_parameter_recovery_clean_version\generate sim data with free alpha range\fit_params\adaptive_discount_all_sim\sub8.jld,8
c_,-0.146484375,-0.146484375,updated,C:\Users\zyfxl\OneDrive - UC Irvine\UCI\CCNL Lab\Foraging Task Overview\foraging_MQLP-main\foraging_MQLP-main\model\model_parameter_recovery_clean_version\generate sim data with free alpha range\fit_params\adaptive_discount_all_sim\sub8.jld,8
a_,8.8037109375,8.803710938,updated,C:\Users\zyfxl\OneDrive - UC Irvine\UCI\CCNL Lab\Foraging Task Overview\foraging_MQLP-main\foraging_MQLP-main\model\model_parameter_recovery_clean_version\generate sim data with free alpha range\fit_params\adaptive_discount_all_sim\sub80.jld,80
b_,-0.048828125,-0.048828125,updated,C:\Users\zyfxl\OneDrive - UC Irvine\UCI\CCNL Lab\Foraging Task Overview\foraging_MQLP-main\foraging_MQLP-main\model\model_parameter_recovery_clean_version\generate sim data with free alpha range\fit_params\adaptive_discount_all_sim\sub80.jld,80
c_,0.5537109375,0.553710938,updated,C:\Users\zyfxl\OneDrive - UC Irvine\UCI\CCNL Lab\Foraging Task Overview\foraging_MQLP-main\foraging_MQLP-main\model\model_parameter_recovery_clean_version\generate sim data with free alpha range\fit_params\adaptive_discount_all_sim\sub80.jld,80
a_,4.9169921875,4.916992188,updated,C:\Users\zyfxl\OneDrive - UC Irvine\UCI\CCNL Lab\Foraging Task Overview\foraging_MQLP-main\foraging_MQLP-main\model\model_parameter_recovery_clean_version\generate sim data with free alpha range\fit_params\adaptive_discount_all_sim\sub81.jld,81
b_,5.927734375,5.927734375,updated,C:\Users\zyfxl\OneDrive - UC Irvine\UCI\CCNL Lab\Foraging Task Overview\foraging_MQLP-main\foraging_MQLP-main\model\model_parameter_recovery_clean_version\generate sim data with free alpha range\fit_params\adaptive_discount_all_sim\sub81.jld,81
c_,-0.8642578125,-0.864257813,updated,C:\Users\zyfxl\OneDrive - UC Irvine\UCI\CCNL Lab\Foraging Task Overview\foraging_MQLP-main\foraging_MQLP-main\model\model_parameter_recovery_clean_version\generate sim data with free alpha range\fit_params\adaptive_discount_all_sim\sub81.jld,81
a_,3.232421875,3.232421875,updated,C:\Users\zyfxl\OneDrive - UC Irvine\UCI\CCNL Lab\Foraging Task Overview\foraging_MQLP-main\foraging_MQLP-main\model\model_parameter_recovery_clean_version\generate sim data with free alpha range\fit_params\adaptive_discount_all_sim\sub82.jld,82
b_,7.05078125,7.05078125,updated,C:\Users\zyfxl\OneDrive - UC Irvine\UCI\CCNL Lab\Foraging Task Overview\foraging_MQLP-main\foraging_MQLP-main\model\model_parameter_recovery_clean_version\generate sim data with free alpha range\fit_params\adaptive_discount_all_sim\sub82.jld,82
c_,-2.009765625,-2.009765625,updated,C:\Users\zyfxl\OneDrive - UC Irvine\UCI\CCNL Lab\Foraging Task Overview\foraging_MQLP-main\foraging_MQLP-main\model\model_parameter_recovery_clean_version\generate sim data with free alpha range\fit_params\adaptive_discount_all_sim\sub82.jld,82
a_,3.8330078125,3.833007813,updated,C:\Users\zyfxl\OneDrive - UC Irvine\UCI\CCNL Lab\Foraging Task Overview\foraging_MQLP-main\foraging_MQLP-main\model\model_parameter_recovery_clean_version\generate sim data with free alpha range\fit_params\adaptive_discount_all_sim\sub83.jld,83
b_,-1.669921875,-1.669921875,updated,C:\Users\zyfxl\OneDrive - UC Irvine\UCI\CCNL Lab\Foraging Task Overview\foraging_MQLP-main\foraging_MQLP-main\model\model_parameter_recovery_clean_version\generate sim data with free alpha range\fit_params\adaptive_discount_all_sim\sub83.jld,83
c_,1.5087890625,1.508789063,updated,C:\Users\zyfxl\OneDrive - UC Irvine\UCI\CCNL Lab\Foraging Task Overview\foraging_MQLP-main\foraging_MQLP-main\model\model_parameter_recovery_clean_version\generate sim data with free alpha range\fit_params\adaptive_discount_all_sim\sub83.jld,83
a_,0.14404296875,0.144042969,updated,C:\Users\zyfxl\OneDrive - UC Irvine\UCI\CCNL Lab\Foraging Task Overview\foraging_MQLP-main\foraging_MQLP-main\model\model_parameter_recovery_clean_version\generate sim data with free alpha range\fit_params\adaptive_discount_all_sim\sub84.jld,84
b_,0.4541015625,0.454101563,updated,C:\Users\zyfxl\OneDrive - UC Irvine\UCI\CCNL Lab\Foraging Task Overview\foraging_MQLP-main\foraging_MQLP-main\model\model_parameter_recovery_clean_version\generate sim data with free alpha range\fit_params\adaptive_discount_all_sim\sub84.jld,84
c_,0.57275390625,0.572753906,updated,C:\Users\zyfxl\OneDrive - UC Irvine\UCI\CCNL Lab\Foraging Task Overview\foraging_MQLP-main\foraging_MQLP-main\model\model_parameter_recovery_clean_version\generate sim data with free alpha range\fit_params\adaptive_discount_all_sim\sub84.jld,84
a_,4.248046875,4.248046875,updated,C:\Users\zyfxl\OneDrive - UC Irvine\UCI\CCNL Lab\Foraging Task Overview\foraging_MQLP-main\foraging_MQLP-main\model\model_parameter_recovery_clean_version\generate sim data with free alpha range\fit_params\adaptive_discount_all_sim\sub85.jld,85
b_,-2.16796875,-2.16796875,updated,C:\Users\zyfxl\OneDrive - UC Irvine\UCI\CCNL Lab\Foraging Task Overview\foraging_MQLP-main\foraging_MQLP-main\model\model_parameter_recovery_clean_version\generate sim data with free alpha range\fit_params\adaptive_discount_all_sim\sub85.jld,85
c_,2.255859375,2.255859375,updated,C:\Users\zyfxl\OneDrive - UC Irvine\UCI\CCNL Lab\Foraging Task Overview\foraging_MQLP-main\foraging_MQLP-main\model\model_parameter_recovery_clean_version\generate sim data with free alpha range\fit_params\adaptive_discount_all_sim\sub85.jld,85
a_,8.24951171875,8.249511719,updated,C:\Users\zyfxl\OneDrive - UC Irvine\UCI\CCNL Lab\Foraging Task Overview\foraging_MQLP-main\foraging_MQLP-main\model\model_parameter_recovery_clean_version\generate sim data with free alpha range\fit_params\adaptive_discount_all_sim\sub86.jld,86
b_,4.1650390625,4.165039063,updated,C:\Users\zyfxl\OneDrive - UC Irvine\UCI\CCNL Lab\Foraging Task Overview\foraging_MQLP-main\foraging_MQLP-main\model\model_parameter_recovery_clean_version\generate sim data with free alpha range\fit_params\adaptive_discount_all_sim\sub86.jld,86
c_,-2.22802734375,-2.228027344,updated,C:\Users\zyfxl\OneDrive - UC Irvine\UCI\CCNL Lab\Foraging Task Overview\foraging_MQLP-main\foraging_MQLP-main\model\model_parameter_recovery_clean_version\generate sim data with free alpha range\fit_params\adaptive_discount_all_sim\sub86.jld,86
a_,4.228515625,4.228515625,updated,C:\Users\zyfxl\OneDrive - UC Irvine\UCI\CCNL Lab\Foraging Task Overview\foraging_MQLP-main\foraging_MQLP-main\model\model_parameter_recovery_clean_version\generate sim data with free alpha range\fit_params\adaptive_discount_all_sim\sub87.jld,87
b_,7.87109375,7.87109375,updated,C:\Users\zyfxl\OneDrive - UC Irvine\UCI\CCNL Lab\Foraging Task Overview\foraging_MQLP-main\foraging_MQLP-main\model\model_parameter_recovery_clean_version\generate sim data with free alpha range\fit_params\adaptive_discount_all_sim\sub87.jld,87
c_,0.205078125,0.205078125,updated,C:\Users\zyfxl\OneDrive - UC Irvine\UCI\CCNL Lab\Foraging Task Overview\foraging_MQLP-main\foraging_MQLP-main\model\model_parameter_recovery_clean_version\generate sim data with free alpha range\fit_params\adaptive_discount_all_sim\sub87.jld,87
a_,7.42919921875,7.429199219,updated,C:\Users\zyfxl\OneDrive - UC Irvine\UCI\CCNL Lab\Foraging Task Overview\foraging_MQLP-main\foraging_MQLP-main\model\model_parameter_recovery_clean_version\generate sim data with free alpha range\fit_params\adaptive_discount_all_sim\sub88.jld,88
b_,-1.3818359375,-1.381835938,updated,C:\Users\zyfxl\OneDrive - UC Irvine\UCI\CCNL Lab\Foraging Task Overview\foraging_MQLP-main\foraging_MQLP-main\model\model_parameter_recovery_clean_version\generate sim data with free alpha range\fit_params\adaptive_discount_all_sim\sub88.jld,88
c_,2.67041015625,2.670410156,updated,C:\Users\zyfxl\OneDrive - UC Irvine\UCI\CCNL Lab\Foraging Task Overview\foraging_MQLP-main\foraging_MQLP-main\model\model_parameter_recovery_clean_version\generate sim data with free alpha range\fit_params\adaptive_discount_all_sim\sub88.jld,88
a_,8.48388671875,8.483886719,updated,C:\Users\zyfxl\OneDrive - UC Irvine\UCI\CCNL Lab\Foraging Task Overview\foraging_MQLP-main\foraging_MQLP-main\model\model_parameter_recovery_clean_version\generate sim data with free alpha range\fit_params\adaptive_discount_all_sim\sub89.jld,89
b_,1.8212890625,1.821289063,updated,C:\Users\zyfxl\OneDrive - UC Irvine\UCI\CCNL Lab\Foraging Task Overview\foraging_MQLP-main\foraging_MQLP-main\model\model_parameter_recovery_clean_version\generate sim data with free alpha range\fit_params\adaptive_discount_all_sim\sub89.jld,89
c_,-1.33740234375,-1.337402344,updated,C:\Users\zyfxl\OneDrive - UC Irvine\UCI\CCNL Lab\Foraging Task Overview\foraging_MQLP-main\foraging_MQLP-main\model\model_parameter_recovery_clean_version\generate sim data with free alpha range\fit_params\adaptive_discount_all_sim\sub89.jld,89
a_,2.45849609375,2.458496094,updated,C:\Users\zyfxl\OneDrive - UC Irvine\UCI\CCNL Lab\Foraging Task Overview\foraging_MQLP-main\foraging_MQLP-main\model\model_parameter_recovery_clean_version\generate sim data with free alpha range\fit_params\adaptive_discount_all_sim\sub9.jld,9
b_,3.5986328125,3.598632813,updated,C:\Users\zyfxl\OneDrive - UC Irvine\UCI\CCNL Lab\Foraging Task Overview\foraging_MQLP-main\foraging_MQLP-main\model\model_parameter_recovery_clean_version\generate sim data with free alpha range\fit_params\adaptive_discount_all_sim\sub9.jld,9
c_,0.13330078125,0.133300781,updated,C:\Users\zyfxl\OneDrive - UC Irvine\UCI\CCNL Lab\Foraging Task Overview\foraging_MQLP-main\foraging_MQLP-main\model\model_parameter_recovery_clean_version\generate sim data with free alpha range\fit_params\adaptive_discount_all_sim\sub9.jld,9
a_,7.08984375,7.08984375,updated,C:\Users\zyfxl\OneDrive - UC Irvine\UCI\CCNL Lab\Foraging Task Overview\foraging_MQLP-main\foraging_MQLP-main\model\model_parameter_recovery_clean_version\generate sim data with free alpha range\fit_params\adaptive_discount_all_sim\sub90.jld,90
b_,-2.2265625,-2.2265625,updated,C:\Users\zyfxl\OneDrive - UC Irvine\UCI\CCNL Lab\Foraging Task Overview\foraging_MQLP-main\foraging_MQLP-main\model\model_parameter_recovery_clean_version\generate sim data with free alpha range\fit_params\adaptive_discount_all_sim\sub90.jld,90
c_,0.03515625,0.03515625,updated,C:\Users\zyfxl\OneDrive - UC Irvine\UCI\CCNL Lab\Foraging Task Overview\foraging_MQLP-main\foraging_MQLP-main\model\model_parameter_recovery_clean_version\generate sim data with free alpha range\fit_params\adaptive_discount_all_sim\sub90.jld,90
a_,6.74560546875,6.745605469,updated,C:\Users\zyfxl\OneDrive - UC Irvine\UCI\CCNL Lab\Foraging Task Overview\foraging_MQLP-main\foraging_MQLP-main\model\model_parameter_recovery_clean_version\generate sim data with free alpha range\fit_params\adaptive_discount_all_sim\sub91.jld,91
b_,4.1259765625,4.125976563,updated,C:\Users\zyfxl\OneDrive - UC Irvine\UCI\CCNL Lab\Foraging Task Overview\foraging_MQLP-main\foraging_MQLP-main\model\model_parameter_recovery_clean_version\generate sim data with free alpha range\fit_params\adaptive_discount_all_sim\sub91.jld,91
c_,0.17431640625,0.174316406,updated,C:\Users\zyfxl\OneDrive - UC Irvine\UCI\CCNL Lab\Foraging Task Overview\foraging_MQLP-main\foraging_MQLP-main\model\model_parameter_recovery_clean_version\generate sim data with free alpha range\fit_params\adaptive_discount_all_sim\sub91.jld,91
a_,1.8798828125,1.879882813,updated,C:\Users\zyfxl\OneDrive - UC Irvine\UCI\CCNL Lab\Foraging Task Overview\foraging_MQLP-main\foraging_MQLP-main\model\model_parameter_recovery_clean_version\generate sim data with free alpha range\fit_params\adaptive_discount_all_sim\sub92.jld,92
b_,8.798828125,8.798828125,updated,C:\Users\zyfxl\OneDrive - UC Irvine\UCI\CCNL Lab\Foraging Task Overview\foraging_MQLP-main\foraging_MQLP-main\model\model_parameter_recovery_clean_version\generate sim data with free alpha range\fit_params\adaptive_discount_all_sim\sub92.jld,92
c_,-2.2880859375,-2.288085938,updated,C:\Users\zyfxl\OneDrive - UC Irvine\UCI\CCNL Lab\Foraging Task Overview\foraging_MQLP-main\foraging_MQLP-main\model\model_parameter_recovery_clean_version\generate sim data with free alpha range\fit_params\adaptive_discount_all_sim\sub92.jld,92
a_,7.9296875,7.9296875,updated,C:\Users\zyfxl\OneDrive - UC Irvine\UCI\CCNL Lab\Foraging Task Overview\foraging_MQLP-main\foraging_MQLP-main\model\model_parameter_recovery_clean_version\generate sim data with free alpha range\fit_params\adaptive_discount_all_sim\sub93.jld,93
b_,2.265625,2.265625,updated,C:\Users\zyfxl\OneDrive - UC Irvine\UCI\CCNL Lab\Foraging Task Overview\foraging_MQLP-main\foraging_MQLP-main\model\model_parameter_recovery_clean_version\generate sim data with free alpha range\fit_params\adaptive_discount_all_sim\sub93.jld,93
c_,2.3203125,2.3203125,updated,C:\Users\zyfxl\OneDrive - UC Irvine\UCI\CCNL Lab\Foraging Task Overview\foraging_MQLP-main\foraging_MQLP-main\model\model_parameter_recovery_clean_version\generate sim data with free alpha range\fit_params\adaptive_discount_all_sim\sub93.jld,93
a_,9.35302734375,9.353027344,updated,C:\Users\zyfxl\OneDrive - UC Irvine\UCI\CCNL Lab\Foraging Task Overview\foraging_MQLP-main\foraging_MQLP-main\model\model_parameter_recovery_clean_version\generate sim data with free alpha range\fit_params\adaptive_discount_all_sim\sub94.jld,94
b_,-2.3779296875,-2.377929688,updated,C:\Users\zyfxl\OneDrive - UC Irvine\UCI\CCNL Lab\Foraging Task Overview\foraging_MQLP-main\foraging_MQLP-main\model\model_parameter_recovery_clean_version\generate sim data with free alpha range\fit_params\adaptive_discount_all_sim\sub94.jld,94
c_,2.81689453125,2.816894531,updated,C:\Users\zyfxl\OneDrive - UC Irvine\UCI\CCNL Lab\Foraging Task Overview\foraging_MQLP-main\foraging_MQLP-main\model\model_parameter_recovery_clean_version\generate sim data with free alpha range\fit_params\adaptive_discount_all_sim\sub94.jld,94
a_,2.6171875,2.6171875,updated,C:\Users\zyfxl\OneDrive - UC Irvine\UCI\CCNL Lab\Foraging Task Overview\foraging_MQLP-main\foraging_MQLP-main\model\model_parameter_recovery_clean_version\generate sim data with free alpha range\fit_params\adaptive_discount_all_sim\sub95.jld,95
b_,1.640625,1.640625,updated,C:\Users\zyfxl\OneDrive - UC Irvine\UCI\CCNL Lab\Foraging Task Overview\foraging_MQLP-main\foraging_MQLP-main\model\model_parameter_recovery_clean_version\generate sim data with free alpha range\fit_params\adaptive_discount_all_sim\sub95.jld,95
c_,0.2578125,0.2578125,updated,C:\Users\zyfxl\OneDrive - UC Irvine\UCI\CCNL Lab\Foraging Task Overview\foraging_MQLP-main\foraging_MQLP-main\model\model_parameter_recovery_clean_version\generate sim data with free alpha range\fit_params\adaptive_discount_all_sim\sub95.jld,95
a_,1.71630859375,2.716308594,updated,C:\Users\zyfxl\OneDrive - UC Irvine\UCI\CCNL Lab\Foraging Task Overview\foraging_MQLP-main\foraging_MQLP-main\model\model_parameter_recovery_clean_version\generate sim data with free alpha range\fit_params\adaptive_discount_all_sim\sub96.jld,96
b_,-1.4794921875,-1.479492188,updated,C:\Users\zyfxl\OneDrive - UC Irvine\UCI\CCNL Lab\Foraging Task Overview\foraging_MQLP-main\foraging_MQLP-main\model\model_parameter_recovery_clean_version\generate sim data with free alpha range\fit_params\adaptive_discount_all_sim\sub96.jld,96
c_,0.29736328125,0.297363281,updated,C:\Users\zyfxl\OneDrive - UC Irvine\UCI\CCNL Lab\Foraging Task Overview\foraging_MQLP-main\foraging_MQLP-main\model\model_parameter_recovery_clean_version\generate sim data with free alpha range\fit_params\adaptive_discount_all_sim\sub96.jld,96
a_,8.85498046875,8.854980469,updated,C:\Users\zyfxl\OneDrive - UC Irvine\UCI\CCNL Lab\Foraging Task Overview\foraging_MQLP-main\foraging_MQLP-main\model\model_parameter_recovery_clean_version\generate sim data with free alpha range\fit_params\adaptive_discount_all_sim\sub97.jld,97
b_,2.0947265625,2.094726563,updated,C:\Users\zyfxl\OneDrive - UC Irvine\UCI\CCNL Lab\Foraging Task Overview\foraging_MQLP-main\foraging_MQLP-main\model\model_parameter_recovery_clean_version\generate sim data with free alpha range\fit_params\adaptive_discount_all_sim\sub97.jld,97
c_,-0.06005859375,-0.060058594,updated,C:\Users\zyfxl\OneDrive - UC Irvine\UCI\CCNL Lab\Foraging Task Overview\foraging_MQLP-main\foraging_MQLP-main\model\model_parameter_recovery_clean_version\generate sim data with free alpha range\fit_params\adaptive_discount_all_sim\sub97.jld,97
a_,0.0537109375,0.053710938,updated,C:\Users\zyfxl\OneDrive - UC Irvine\UCI\CCNL Lab\Foraging Task Overview\foraging_MQLP-main\foraging_MQLP-main\model\model_parameter_recovery_clean_version\generate sim data with free alpha range\fit_params\adaptive_discount_all_sim\sub98.jld,98
b_,2.451171875,2.451171875,updated,C:\Users\zyfxl\OneDrive - UC Irvine\UCI\CCNL Lab\Foraging Task Overview\foraging_MQLP-main\foraging_MQLP-main\model\model_parameter_recovery_clean_version\generate sim data with free alpha range\fit_params\adaptive_discount_all_sim\sub98.jld,98
c_,1.3037109375,1.303710938,updated,C:\Users\zyfxl\OneDrive - UC Irvine\UCI\CCNL Lab\Foraging Task Overview\foraging_MQLP-main\foraging_MQLP-main\model\model_parameter_recovery_clean_version\generate sim data with free alpha range\fit_params\adaptive_discount_all_sim\sub98.jld,98
a_,7.490234375,7.490234375,updated,C:\Users\zyfxl\OneDrive - UC Irvine\UCI\CCNL Lab\Foraging Task Overview\foraging_MQLP-main\foraging_MQLP-main\model\model_parameter_recovery_clean_version\generate sim data with free alpha range\fit_params\adaptive_discount_all_sim\sub99.jld,99
b_,0.09765625,0.09765625,updated,C:\Users\zyfxl\OneDrive - UC Irvine\UCI\CCNL Lab\Foraging Task Overview\foraging_MQLP-main\foraging_MQLP-main\model\model_parameter_recovery_clean_version\generate sim data with free alpha range\fit_params\adaptive_discount_all_sim\sub99.jld,99
c_,-0.111328125,-0.111328125,updated,C:\Users\zyfxl\OneDrive - UC Irvine\UCI\CCNL Lab\Foraging Task Overview\foraging_MQLP-main\foraging_MQLP-main\model\model_parameter_recovery_clean_version\generate sim data with free alpha range\fit_params\adaptive_discount_all_sim\sub99.jld,99
